symbol,A,A_high,C,C_low,B,B_high,D,D_low,AB_bars,AC_bars,CB_bars,BD_bars,AC_share,fib_B,fib_D,sma200_slope_pct,res_touches,target,stop,status,early_9sma,entry,entry_close,entry_move_pct,exit_date,return_pct,hold_candles,reward_risk,same_day,cost_pct,net_return_pct,risk_pct,r_multiple
JSWSTEEL,28-Dec-2023 09:15,895.6500244140625,24-Jan-2024 09:15,784.0,21-Feb-2024 12:15,850.0,26-Feb-2024 12:15,806.2000122070312,263,127,137,22,0.483,0.591,0.336,-0.004,3,890.79,806.2000122070312,D broken,,,,,,,,,,,,,
CLEAN,01-Jan-2024 11:15,1622.0,08-Feb-2024 15:15,1370.0,26-Feb-2024 14:15,1482.1500244140625,29-Feb-2024 10:15,1402.0,270,187,84,18,0.693,0.445,0.285,-0.023,8,1551.46,1402.0,D broken,,,,,,,,,,,,,
SBICARD,18-Dec-2023 10:15,788.7999877929688,06-Feb-2024 09:15,699.0,23-Feb-2024 09:15,751.5999755859375,05-Mar-2024 10:15,711.75,322,231,92,51,0.717,0.586,0.242,-0.022,2,784.11,711.75,D broken,,,,,,,,,,,,,
AVALON,27-Dec-2023 13:15,576.0,13-Feb-2024 09:15,468.1499938964844,01-Mar-2024 09:15,535.0,06-Mar-2024 12:15,504.1499938964844,312,221,92,25,0.708,0.62,0.539,-0.006,2,576.31,504.1499938964844,D broken,,,,,,,,,,,,,
LLOYDSME,11-Dec-2023 09:15,655.7999877929688,14-Feb-2024 11:15,525.9500122070312,04-Mar-2024 13:15,610.0,11-Mar-2024 09:15,564.0499877929688,404,311,94,25,0.77,0.647,0.453,-0.006,4,661.94,564.0499877929688,D broken,,,,,,,,,,,,,
KPRMILL,20-Dec-2023 10:15,861.4000244140625,22-Feb-2024 09:15,710.5999755859375,07-Mar-2024 12:15,811.4500122070312,14-Mar-2024 09:15,749.0999755859375,374,301,74,26,0.805,0.669,0.382,0.006,2,873.78,749.0999755859375,TARGET HIT,15-Mar-2024 11:15,18-Mar-2024 12:15,771.9000244140625,1.77,24-Apr-2024 09:15,14.73,158.0,4.47,False,0.35,14.38,2.95,4.87
MFSL,14-Dec-2023 09:15,1066.949951171875,31-Jan-2024 10:15,854.5499877929688,11-Mar-2024 09:15,1010.0,14-Mar-2024 09:15,931.0499877929688,407,219,189,22,0.538,0.732,0.492,0.042,2,1106.07,931.0499877929688,STOPPED,22-Mar-2024 13:15,26-Mar-2024 09:15,991.25,5.0,30-May-2024 10:15,-6.17,295.0,1.91,False,0.35,-6.52,6.07,-1.07
NYKAA,10-Jan-2024 09:15,195.5,13-Feb-2024 09:15,140.0,04-Mar-2024 09:15,162.8000030517578,14-Mar-2024 09:15,145.8000030517578,253,155,99,50,0.613,0.411,0.254,-0.032,13,176.89,145.8000030517578,TARGET HIT,20-Mar-2024 14:15,21-Mar-2024 09:15,158.25,3.43,08-Apr-2024 10:15,11.94,71.0,1.5,False,0.35,11.59,7.87,1.47
NESTLEIND,02-Jan-2024 09:15,1383.882568359375,08-Feb-2024 14:15,1204.6500244140625,13-Mar-2024 10:15,1326.75,19-Mar-2024 11:15,1234.074951171875,338,181,158,30,0.536,0.681,0.241,0.019,16,1402.21,1234.074951171875,STOPPED,22-Mar-2024 09:15,28-Mar-2024 09:15,1304.4749755859375,1.66,18-Apr-2024 10:15,-5.67,85.0,1.39,False,0.35,-6.02,5.4,-1.11
RECLTD,08-Feb-2024 09:15,524.0,20-Mar-2024 11:15,414.75,04-Apr-2024 09:15,482.3500061035156,09-Apr-2024 15:15,439.7000122070313,260,199,62,28,0.765,0.619,0.369,-0.019,2,524.13,439.7000122070313,D broken,,,,,,,,,,,,,
TRENT,11-Mar-2024 10:15,2828.666748046875,03-Apr-2024 09:15,2563.099853515625,05-Apr-2024 09:15,2701.900146484375,09-Apr-2024 15:15,2596.63330078125,119,105,15,21,0.882,0.523,0.242,0.005,2,2787.68,2596.63330078125,TARGET HIT,10-Apr-2024 09:15,10-Apr-2024 12:15,2726.7666015625,3.5,22-Apr-2024 09:15,2.4,39.0,0.47,False,0.35,2.05,4.77,0.43
ULTRACEMCO,29-Dec-2023 14:15,10526.0,19-Mar-2024 11:15,9435.150390625,03-Apr-2024 09:15,10277.7001953125,10-Apr-2024 09:15,9705.599609375,437,376,62,36,0.86,0.772,0.321,-0.006,7,10798.4,9705.599609375,D broken,,,,,,,,,,,,,
DALBHARAT,14-Dec-2023 14:15,2430.0,13-Mar-2024 14:15,1803.300048828125,04-Apr-2024 09:15,2058.89990234375,15-Apr-2024 09:15,1908.449951171875,514,421,94,43,0.819,0.408,0.411,-0.03,10,2216.86,1908.449951171875,D broken,,,,,,,,,,,,,
KPITTECH,12-Feb-2024 09:15,1762.5999755859375,22-Mar-2024 09:15,1330.0,02-Apr-2024 11:15,1561.8499755859375,15-Apr-2024 09:15,1414.0999755859375,234,197,38,55,0.842,0.536,0.363,-0.033,22,1705.13,1414.0999755859375,D broken,,,,,,,,,,,,,
LICI,09-Feb-2024 09:15,587.5,20-Mar-2024 15:15,432.5499877929688,04-Apr-2024 09:15,508.0249938964844,15-Apr-2024 09:15,466.0249938964844,253,196,58,43,0.775,0.487,0.444,-0.034,8,554.67,466.0249938964844,STOPPED,22-Apr-2024 15:15,23-Apr-2024 09:15,500.4500122070313,2.48,07-May-2024 10:15,-7.65,64.0,1.57,False,0.35,-8.0,6.88,-1.16
NETWEB,04-Mar-2024 09:15,1892.5999755859373,14-Mar-2024 09:15,1359.5999755859375,02-Apr-2024 09:15,1740.0,15-Apr-2024 09:15,1542.5,127,50,78,57,0.394,0.714,0.481,-0.019,21,1975.09,1542.5,TARGET HIT,15-Apr-2024 15:15,16-Apr-2024 09:15,1647.0,3.37,09-May-2024 09:15,21.61,105.0,3.14,False,0.35,21.26,6.34,3.35
TITAGARH,23-Jan-2024 09:15,1209.449951171875,13-Mar-2024 11:15,781.6500244140625,03-Apr-2024 13:15,980.0,15-Apr-2024 09:15,883.7000122070312,334,241,94,46,0.722,0.464,0.514,-0.019,15,1102.58,883.7000122070312,TARGET HIT,,16-Apr-2024 09:15,934.7999877929688,2.06,07-May-2024 09:15,19.89,91.0,3.28,False,0.35,19.54,5.47,3.57
PFC,08-Feb-2024 09:15,477.75,20-Mar-2024 10:15,352.0,04-Apr-2024 09:15,426.8999938964844,16-Apr-2024 09:15,385.0499877929688,260,198,63,50,0.762,0.596,0.441,0.007,6,473.19,385.0499877929688,no breakout,,,,,,,,,,,,,
BANKBARODA,11-Mar-2024 10:15,285.6000061035156,20-Mar-2024 10:15,243.8000030517578,04-Apr-2024 09:15,276.6499938964844,16-Apr-2024 14:15,254.0,112,50,63,55,0.446,0.786,0.311,-0.007,10,296.95,254.0,D broken,,,,,,,,,,,,,
CHOLAFIN,16-Jan-2024 14:15,1309.75,06-Mar-2024 13:15,1011.25,08-Apr-2024 09:15,1230.0,19-Apr-2024 09:15,1101.0999755859375,374,238,137,50,0.636,0.733,0.411,0.017,3,1365.19,1101.0999755859375,TARGET HIT,19-Apr-2024 13:15,24-Apr-2024 09:15,1168.5,2.12,10-Jun-2024 13:15,16.85,221.0,2.92,False,0.35,16.5,5.77,2.86
COALINDIA,19-Feb-2024 09:15,487.4500122070313,15-Mar-2024 12:15,401.2999877929688,12-Apr-2024 09:15,463.4500122070313,19-Apr-2024 09:15,428.1000061035156,246,130,117,29,0.528,0.721,0.431,0.0,6,501.86,428.1000061035156,no breakout,,,,,,,,,,,,,
ENGINERSIN,02-Feb-2024 14:15,273.54998779296875,20-Mar-2024 15:15,173.5,08-Apr-2024 09:15,233.6000061035156,19-Apr-2024 09:15,200.1000061035156,297,226,72,50,0.761,0.601,0.443,-0.012,9,270.74,200.1000061035156,TARGET HIT,24-Apr-2024 11:15,24-Apr-2024 15:15,215.8999938964844,1.72,21-May-2024 09:15,26.96,113.0,3.47,False,0.35,26.61,7.32,3.64
FEDERALBNK,19-Feb-2024 09:15,166.35000610351562,14-Mar-2024 09:15,139.85000610351562,12-Apr-2024 09:15,160.1999969482422,19-Apr-2024 09:15,148.5500030517578,246,120,127,29,0.488,0.768,0.428,0.002,5,172.78,148.5500030517578,TARGET HIT,29-Apr-2024 10:15,29-Apr-2024 13:15,160.0500030517578,1.59,12-Jun-2024 12:15,8.68,209.0,1.11,False,0.35,8.33,7.19,1.16
GNA,29-Jan-2024 11:15,503.6000061035156,28-Mar-2024 15:15,377.8999938964844,08-Apr-2024 09:15,426.0,19-Apr-2024 09:15,397.5499877929688,328,292,37,50,0.89,0.383,0.409,-0.021,5,455.73,397.5499877929688,STOPPED,,22-Apr-2024 09:15,409.1499938964844,1.83,10-May-2024 15:15,-2.9,97.0,4.02,False,0.35,-3.25,2.84,-1.14
NBCC,05-Feb-2024 09:15,117.83333587646484,14-Mar-2024 09:15,70.06666564941406,09-Apr-2024 11:15,94.33333587646484,19-Apr-2024 09:15,79.33333587646484,304,190,115,41,0.625,0.508,0.382,-0.034,7,109.33,79.33333587646484,TARGET HIT,,19-Apr-2024 13:15,83.33333587646484,2.04,20-Jun-2024 09:15,31.96,283.0,6.5,False,0.35,31.61,4.8,6.59
UPL,02-Jan-2024 09:15,603.7999877929688,14-Mar-2024 09:15,448.3500061035156,12-Apr-2024 09:15,510.2999877929688,19-Apr-2024 09:15,466.5499877929688,470,344,127,29,0.732,0.399,0.294,0.01,2,548.59,466.5499877929688,no breakout,,,,,,,,,,,,,
CYIENT,22-Dec-2023 09:15,2455.300048828125,13-Mar-2024 12:15,1810.0999755859373,05-Apr-2024 09:15,2188.300048828125,19-Apr-2024 15:15,1965.0,484,382,103,63,0.789,0.586,0.41,0.0,12,2422.03,1965.0,D broken,,,,,,,,,,,,,
MTARTECH,19-Dec-2023 09:15,2351.0,27-Mar-2024 15:15,1664.949951171875,04-Apr-2024 10:15,2009.0,19-Apr-2024 15:15,1769.5,499,469,31,69,0.94,0.501,0.304,-0.027,8,2221.62,1769.5,STOPPED,22-Apr-2024 13:15,23-Apr-2024 12:15,1843.25,1.64,13-May-2024 09:15,-4.19,88.0,5.13,False,0.35,-4.54,4.0,-1.14
HOMEFIRST,19-Jan-2024 09:15,1060.1500244140625,15-Mar-2024 11:15,812.25,08-Apr-2024 09:15,982.9500122070312,23-Apr-2024 14:15,854.5499877929688,358,262,97,69,0.732,0.689,0.248,-0.004,2,1088.44,854.5499877929688,STOPPED,30-Apr-2024 09:15,30-Apr-2024 11:15,912.4000244140624,2.96,09-May-2024 13:15,-6.58,44.0,3.04,False,0.35,-6.93,6.34,-1.09
COROMANDEL,27-Dec-2023 09:15,1271.0,27-Feb-2024 14:15,1024.5999755859375,12-Apr-2024 10:15,1179.449951171875,25-Apr-2024 09:15,1073.0,499,300,200,56,0.601,0.628,0.313,0.006,5,1275.15,1073.0,TARGET HIT,25-Apr-2024 11:15,25-Apr-2024 15:15,1133.0,3.15,28-May-2024 14:15,13.7,146.0,2.37,False,0.35,13.35,5.3,2.52
DCMSHRIRAM,04-Jan-2024 15:15,1174.800048828125,28-Mar-2024 15:15,848.0,12-Apr-2024 09:15,990.0,25-Apr-2024 13:15,900.5,450,393,58,61,0.873,0.435,0.37,-0.024,7,1077.76,900.5,TARGET HIT,26-Apr-2024 09:15,26-Apr-2024 10:15,965.0499877929688,3.67,14-Jun-2024 09:15,12.83,230.0,1.75,False,0.35,12.48,6.69,1.87
BAJFINANCE,08-Jan-2024 10:15,3915.0,06-Mar-2024 12:15,3094.0,24-Apr-2024 11:15,3709.72509765625,26-Apr-2024 12:15,3345.89990234375,492,283,210,16,0.575,0.75,0.409,0.045,3,4090.24,3345.89990234375,STOPPED,29-Apr-2024 10:15,03-May-2024 09:15,3625.97509765625,5.39,09-May-2024 12:15,-8.47,31.0,1.66,False,0.35,-8.82,7.72,-1.14
UNIONBANK,05-Apr-2024 09:15,163.14999389648438,19-Apr-2024 09:15,138.3000030517578,30-Apr-2024 09:15,157.0,06-May-2024 09:15,145.0,106,57,50,22,0.538,0.753,0.358,0.003,2,168.56,145.0,D broken,,,,,,,,,,,,,
ENDURANCE,05-Jan-2024 10:15,2318.800048828125,13-Mar-2024 15:15,1717.0,30-Apr-2024 09:15,2010.300048828125,07-May-2024 12:15,1885.0,525,321,205,32,0.611,0.487,0.573,0.046,4,2191.56,1885.0,TARGET HIT,08-May-2024 09:15,10-May-2024 09:15,2091.75,6.72,17-May-2024 09:15,7.47,35.0,0.48,False,0.35,7.12,9.88,0.72
PATANJALI,09-Jan-2024 11:15,571.2666625976562,13-Mar-2024 14:15,427.183349609375,26-Apr-2024 15:15,534.933349609375,07-May-2024 12:15,466.6666564941406,502,305,198,40,0.608,0.748,0.366,0.028,2,601.52,466.6666564941406,D broken,,,,,,,,,,,,,
CRAFTSMAN,22-Dec-2023 12:15,5513.64990234375,20-Mar-2024 10:15,3782.050048828125,25-Apr-2024 09:15,4745.39990234375,08-May-2024 09:15,4261.39990234375,565,412,154,57,0.729,0.556,0.498,0.06,7,5340.75,4261.39990234375,STOPPED,13-May-2024 13:15,14-May-2024 10:15,4422.7998046875,2.1,28-May-2024 11:15,-3.65,64.0,5.69,False,0.35,-4.0,3.65,-1.1
BANDHANBNK,05-Apr-2024 09:15,202.4499969482422,19-Apr-2024 09:15,170.4499969482422,03-May-2024 09:15,192.5500030517578,08-May-2024 11:15,179.10000610351562,120,57,64,24,0.475,0.691,0.391,0.005,2,206.21,179.10000610351562,STOPPED,08-May-2024 15:15,09-May-2024 09:15,185.1999969482422,2.15,16-May-2024 12:15,-3.64,38.0,3.44,False,0.35,-3.99,3.29,-1.21
THYROCARE,28-Feb-2024 09:15,240.8833465576172,27-Mar-2024 15:15,185.3333282470703,24-Apr-2024 10:15,227.3333282470703,09-May-2024 14:15,199.0666656494141,247,133,115,75,0.538,0.756,0.327,0.005,12,253.29,199.0666656494141,STOPPED,14-May-2024 09:15,15-May-2024 09:15,219.5500030517578,1.76,04-Jun-2024 09:15,-10.35,91.0,1.65,False,0.35,-10.7,9.33,-1.15
UPL,02-Jan-2024 09:15,603.7999877929688,14-Mar-2024 09:15,448.3500061035156,26-Apr-2024 11:15,513.9000244140625,09-May-2024 15:15,464.5,535,344,192,61,0.643,0.422,0.246,0.03,6,554.41,464.5,TARGET HIT,10-May-2024 10:15,10-May-2024 13:15,489.2000122070313,2.17,11-Jun-2024 15:15,13.35,149.0,2.64,False,0.35,13.0,5.05,2.57
MRPL,19-Feb-2024 15:15,289.25,14-Mar-2024 09:15,182.3500061035156,30-Apr-2024 09:15,259.8999938964844,10-May-2024 09:15,207.6000061035156,317,114,204,50,0.36,0.725,0.326,0.005,12,307.83,207.6000061035156,D broken,,,,,,,,,,,,,
SCI,05-Feb-2024 13:15,290.5,20-Mar-2024 10:15,190.0,25-Apr-2024 09:15,235.5,10-May-2024 09:15,200.8999938964844,368,215,154,71,0.584,0.453,0.24,0.053,8,263.62,200.8999938964844,D broken,,,,,,,,,,,,,
GLAXO,06-Feb-2024 09:15,2523.0,15-Apr-2024 09:15,1845.0,29-Apr-2024 09:15,2165.39990234375,10-May-2024 14:15,1965.0,379,316,64,62,0.834,0.473,0.375,0.009,16,2363.41,1965.0,TARGET HIT,16-May-2024 10:15,16-May-2024 12:15,2037.449951171875,1.83,22-May-2024 12:15,16.6,21.0,4.5,False,0.35,16.25,3.56,4.56
BAYERCROP,21-Feb-2024 10:15,6201.25,15-Mar-2024 15:15,4901.4501953125,22-Apr-2024 09:15,5839.89990234375,13-May-2024 09:15,5155.2998046875,266,118,149,99,0.444,0.722,0.27,0.039,23,6419.86,5155.2998046875,STOPPED,13-May-2024 13:15,16-May-2024 09:15,5482.5,1.46,29-May-2024 13:15,-6.06,60.0,2.86,False,0.35,-6.41,5.97,-1.07
HINDPETRO,16-Feb-2024 09:15,396.5333251953125,19-Mar-2024 11:15,295.3999938964844,03-May-2024 09:15,360.3666687011719,13-May-2024 10:15,316.9333190917969,344,150,195,44,0.436,0.642,0.331,0.023,11,400.52,316.9333190917969,STOPPED,14-May-2024 10:15,15-May-2024 09:15,334.1999816894531,1.48,05-Jun-2024 09:15,-6.02,98.0,3.84,False,0.35,-6.37,5.17,-1.23
VINATIORGA,02-Jan-2024 09:15,1774.449951171875,01-Apr-2024 10:15,1463.300048828125,19-Apr-2024 12:15,1695.25,13-May-2024 10:15,1549.300048828125,501,415,87,104,0.828,0.745,0.371,0.004,44,1838.6,1549.300048828125,TARGET HIT,15-May-2024 14:15,17-May-2024 10:15,1611.25,1.53,12-Jun-2024 14:15,14.31,123.0,3.67,False,0.35,13.96,3.84,3.64
DEEPAKFERT,19-Dec-2023 11:15,714.7000122070312,13-Mar-2024 15:15,454.8999938964844,26-Apr-2024 11:15,634.0,13-May-2024 13:15,511.7000122070313,596,404,193,73,0.678,0.689,0.317,0.069,2,744.68,511.7000122070313,consolidation too wide,,,,,,,,,,,,,
AVALON,27-Dec-2023 13:15,576.0,13-Feb-2024 09:15,468.1499938964844,24-Apr-2024 12:15,544.8499755859375,13-May-2024 15:15,490.1000061035156,546,221,326,88,0.405,0.711,0.286,0.024,4,592.25,490.1000061035156,D broken,,,,,,,,,,,,,
SUNTV,04-Jan-2024 14:15,734.8499755859375,20-Mar-2024 10:15,568.0,14-May-2024 09:15,681.0,27-May-2024 15:15,634.0,591,354,238,63,0.599,0.677,0.584,0.019,28,750.83,634.0,TARGET HIT,28-May-2024 10:15,28-May-2024 12:15,656.1500244140625,2.58,11-Jun-2024 14:15,14.58,72.0,4.27,False,0.35,14.23,3.38,4.21
SHYAMMETL,30-Jan-2024 15:15,734.9000244140625,14-Mar-2024 09:15,531.0,23-May-2024 09:15,665.7999877929688,31-May-2024 10:15,604.0,520,212,309,44,0.408,0.661,0.542,0.012,3,749.11,604.0,STOPPED,,03-Jun-2024 09:15,622.0,2.01,04-Jun-2024 10:15,-6.38,8.0,7.06,False,0.35,-6.73,2.89,-2.33
CCL,07-Feb-2024 15:15,672.1500244140625,21-May-2024 15:15,552.1500244140625,27-May-2024 14:15,604.0999755859375,31-May-2024 14:15,565.0499877929688,497,470,28,29,0.946,0.433,0.248,0.007,2,636.21,565.0499877929688,D broken,,,,,,,,,,,,,
JKLAKSHMI,16-Feb-2024 11:15,975.0,13-May-2024 10:15,751.0,24-May-2024 09:15,850.5999755859375,31-May-2024 14:15,780.6500244140625,440,385,56,41,0.875,0.445,0.298,-0.014,10,912.15,780.6500244140625,D broken,,,,,,,,,,,,,
TECHM,23-Jan-2024 09:15,1415.949951171875,19-Apr-2024 09:15,1169.449951171875,24-May-2024 10:15,1345.0,31-May-2024 14:15,1224.4000244140625,562,400,163,40,0.712,0.712,0.313,0.022,6,1453.49,1224.4000244140625,D broken,,,,,,,,,,,,,
IOC,08-Feb-2024 13:15,196.8000030517578,05-Jun-2024 09:15,147.9499969482422,14-Jun-2024 09:15,172.10000610351562,27-Jun-2024 14:15,162.17999267578125,585,536,50,62,0.916,0.494,0.589,0.007,11,187.02,162.17999267578125,no breakout,,,,,,,,,,,,,
BIRLACABLE,07-Feb-2024 14:15,340.0,04-Jun-2024 12:15,209.0,12-Jun-2024 09:15,261.6099853515625,28-Jun-2024 12:15,239.1100006103516,577,538,40,81,0.932,0.402,0.572,0.003,32,294.12,239.1100006103516,TARGET HIT,01-Jul-2024 09:15,01-Jul-2024 11:15,248.41000366210935,2.16,16-Jul-2024 09:15,22.38,75.0,4.92,False,0.35,22.03,3.74,5.89
LICI,09-Feb-2024 09:15,587.5,20-Mar-2024 15:15,432.5499877929688,18-Jun-2024 09:15,542.4249877929688,02-Jul-2024 12:15,491.25,589,196,394,74,0.333,0.709,0.534,0.015,4,610.33,491.25,STOPPED,03-Jul-2024 09:15,04-Jul-2024 10:15,509.3500061035156,2.42,03-Oct-2024 11:15,-3.77,435.0,5.58,False,0.35,-4.12,3.55,-1.16
MANKIND,26-Apr-2024 09:15,2451.89990234375,04-Jun-2024 12:15,1939.75,18-Jun-2024 09:15,2282.5,08-Jul-2024 15:15,2056.0,239,179,61,105,0.749,0.669,0.339,-0.012,5,2494.32,2056.0,no breakout,,,,,,,,,,,,,
ASIANPAINT,05-Jun-2024 10:15,3027.300048828125,26-Jun-2024 09:15,2844.050048828125,04-Jul-2024 10:15,2968.39990234375,09-Jul-2024 10:15,2890.64990234375,141,98,44,22,0.695,0.679,0.375,0.009,2,3045.25,2890.64990234375,STOPPED,09-Jul-2024 11:15,10-Jul-2024 13:15,2995.0,2.2,24-Jul-2024 09:15,-3.57,59.0,0.48,False,0.35,-3.92,3.48,-1.13
CRISIL,18-Mar-2024 14:15,5250.0,04-Jun-2024 12:15,3890.699951171875,15-Jul-2024 09:15,4600.0498046875,23-Jul-2024 12:15,4134.7998046875,542,349,194,39,0.644,0.522,0.344,0.02,2,5038.43,4134.7998046875,TARGET HIT,26-Jul-2024 12:15,29-Jul-2024 09:15,4320.0498046875,1.99,24-Oct-2024 12:15,17.48,430.0,3.88,False,0.35,17.13,4.29,3.99
CHOICEIN,26-Jun-2024 09:15,439.8999938964844,23-Jul-2024 12:15,359.6000061035156,31-Jul-2024 09:15,410.5,05-Aug-2024 10:15,378.2999877929688,169,130,40,23,0.769,0.634,0.367,0.02,5,441.96,378.2999877929688,no breakout,,,,,,,,,,,,,
JINDALSTEL,21-Jun-2024 14:15,1097.0,14-Aug-2024 10:15,896.2999877929688,26-Aug-2024 14:15,987.8499755859376,04-Sep-2024 09:15,929.6500244140624,309,256,54,45,0.828,0.456,0.364,0.001,17,1044.43,929.6500244140624,no breakout,,,,,,,,,,,,,
BANKBARODA,19-Jun-2024 09:15,290.5,05-Aug-2024 11:15,231.3500061035156,22-Aug-2024 10:15,256.79998779296875,05-Sep-2024 10:15,240.8500061035156,310,227,84,71,0.732,0.43,0.373,-0.005,20,272.53,240.8500061035156,D broken,,,,,,,,,,,,,
RHIM,30-May-2024 15:15,755.0,15-Jul-2024 09:15,568.5,16-Aug-2024 11:15,671.9500122070312,05-Sep-2024 10:15,599.0,368,212,157,98,0.576,0.555,0.295,0.019,26,735.88,599.0,D broken,,,,,,,,,,,,,
RELIANCE,08-Jul-2024 12:15,1608.7249755859375,05-Aug-2024 12:15,1433.4000244140625,30-Aug-2024 09:15,1538.625,06-Sep-2024 09:15,1462.75,257,134,124,36,0.521,0.6,0.279,0.002,13,1603.65,1462.75,D broken,,,,,,,,,,,,,
KEI,14-Jun-2024 09:15,5038.9501953125,22-Jul-2024 09:15,3930.39990234375,20-Aug-2024 11:15,4778.9501953125,09-Sep-2024 10:15,4312.0,311,169,143,98,0.543,0.765,0.45,0.014,28,5303.35,4312.0,no breakout,,,,,,,,,,,,,
ABCAPITAL,20-Jun-2024 10:15,246.8999938964844,05-Aug-2024 11:15,200.05999755859372,03-Sep-2024 09:15,229.4499969482422,11-Sep-2024 14:15,212.8000030517578,357,219,139,48,0.613,0.627,0.433,-0.008,6,247.61,212.8000030517578,STOPPED,12-Sep-2024 10:15,13-Sep-2024 09:15,223.9499969482422,1.56,22-Oct-2024 11:15,-5.54,184.0,2.12,False,0.35,-5.89,4.98,-1.18
SHREECEM,23-Jul-2024 11:15,28395.0,09-Aug-2024 13:15,23850.0,05-Sep-2024 09:15,26279.80078125,19-Sep-2024 11:15,24690.94921875,216,94,123,73,0.435,0.535,0.346,-0.003,35,27781.42,24690.94921875,no breakout,,,,,,,,,,,,,
USHAMART,05-Jul-2024 09:15,427.1000061035156,19-Aug-2024 15:15,318.0,11-Sep-2024 09:15,371.5,19-Sep-2024 11:15,335.20001220703125,323,210,114,45,0.65,0.49,0.321,-0.007,16,404.56,335.20001220703125,TARGET HIT,,20-Sep-2024 09:15,350.29998779296875,3.62,11-Oct-2024 10:15,20.9,99.0,3.59,False,0.35,20.55,4.31,4.77
CLEAN,01-Aug-2024 09:15,1690.0,02-Sep-2024 12:15,1463.3499755859375,16-Sep-2024 09:15,1600.050048828125,25-Sep-2024 09:15,1513.449951171875,218,151,68,50,0.693,0.603,0.366,-0.015,3,1684.53,1513.449951171875,STOPPED,26-Sep-2024 10:15,26-Sep-2024 14:15,1560.0,1.96,07-Oct-2024 10:15,-4.29,38.0,2.68,False,0.35,-4.64,2.98,-1.56
TATACONSUM,23-Jul-2024 14:15,1261.0,14-Aug-2024 10:15,1158.75,17-Sep-2024 09:15,1234.300048828125,25-Sep-2024 10:15,1182.199951171875,269,109,161,44,0.405,0.739,0.31,0.014,22,1280.99,1182.199951171875,D broken,,,,,,,,,,,,,
ATULAUTO,04-Jul-2024 09:15,840.4000244140625,14-Aug-2024 10:15,610.0,04-Sep-2024 10:15,723.9500122070312,25-Sep-2024 13:15,638.0,296,198,99,109,0.669,0.495,0.246,-0.038,2,794.37,638.0,D broken,,,,,,,,,,,,,
ZFCVINDIA,03-Jun-2024 09:15,3031.625,22-Jul-2024 09:15,2475.0,16-Sep-2024 09:15,2881.658203125,27-Sep-2024 13:15,2625.166748046875,505,232,274,68,0.459,0.731,0.369,0.005,17,3132.97,2625.166748046875,D broken,,,,,,,,,,,,,
ELGIEQUIP,24-Jun-2024 09:15,798.5,14-Aug-2024 09:15,592.0,17-Sep-2024 12:15,749.4000244140625,27-Sep-2024 15:15,662.5999755859375,417,253,165,60,0.607,0.762,0.449,0.069,11,846.67,662.5999755859375,D broken,,,,,,,,,,,,,
SOBHA,13-Jun-2024 09:15,2219.89990234375,05-Aug-2024 09:15,1598.949951171875,23-Sep-2024 09:15,2067.800048828125,03-Oct-2024 13:15,1760.5,484,246,239,54,0.508,0.755,0.345,0.042,15,2357.55,1760.5,D broken,,,,,,,,,,,,,
COALINDIA,26-Aug-2024 09:15,543.4500122070312,19-Sep-2024 11:15,476.3500061035156,27-Sep-2024 15:15,517.7000122070312,04-Oct-2024 09:15,494.5499877929688,175,129,47,23,0.737,0.616,0.44,-0.02,4,543.25,494.5499877929688,D broken,,,,,,,,,,,,,
EXIDEIND,09-Jul-2024 14:15,585.5,19-Sep-2024 12:15,454.2000122070313,01-Oct-2024 13:15,515.5,07-Oct-2024 10:15,474.2999877929688,406,349,58,19,0.86,0.467,0.328,-0.0,7,553.38,474.2999877929688,STOPPED,,08-Oct-2024 10:15,491.6000061035156,1.44,22-Oct-2024 11:15,-4.15,71.0,3.57,False,0.35,-4.5,3.52,-1.28
SAIL,01-Aug-2024 09:15,156.2899932861328,19-Sep-2024 11:15,123.8000030517578,27-Sep-2024 10:15,144.14999389648438,07-Oct-2024 10:15,130.75,282,241,42,36,0.855,0.626,0.342,0.015,12,156.73,130.75,D broken,,,,,,,,,,,,,
LINDEINDIA,08-Jul-2024 10:15,9330.0,16-Aug-2024 11:15,7030.0,26-Sep-2024 10:15,8778.650390625,07-Oct-2024 12:15,7818.60009765625,393,191,203,45,0.486,0.76,0.451,0.046,3,9859.32,7818.60009765625,STOPPED,08-Oct-2024 10:15,08-Oct-2024 14:15,8171.0498046875,2.75,25-Oct-2024 09:15,-4.54,86.0,4.79,False,0.35,-4.89,4.31,-1.13
SHREECEM,23-Jul-2024 11:15,28395.0,09-Aug-2024 13:15,23850.0,03-Oct-2024 09:15,26695.0,08-Oct-2024 12:15,25117.900390625,349,94,256,25,0.269,0.626,0.446,0.013,2,28453.21,25117.900390625,D broken,,,,,,,,,,,,,
AFFLE,26-Aug-2024 15:15,1715.0,07-Oct-2024 10:15,1470.050048828125,14-Oct-2024 09:15,1650.050048828125,18-Oct-2024 09:15,1540.0,233,199,35,29,0.854,0.735,0.389,-0.014,2,1761.29,1540.0,D broken,,,,,,,,,,,,,
BAYERCROP,08-Aug-2024 10:15,7196.85009765625,16-Aug-2024 12:15,6044.0,17-Oct-2024 09:15,6900.0,23-Oct-2024 09:15,6253.39990234375,336,38,299,29,0.113,0.743,0.245,0.002,5,7429.01,6253.39990234375,STOPPED,29-Oct-2024 10:15,31-Oct-2024 09:15,6528.4501953125,2.5,13-Nov-2024 09:15,-6.35,56.0,3.27,False,0.35,-6.7,4.21,-1.59
LTFOODS,17-Sep-2024 09:15,447.7999877929688,07-Oct-2024 10:15,372.0499877929688,17-Oct-2024 11:15,427.7999877929688,23-Oct-2024 09:15,390.8999938964844,150,93,58,27,0.62,0.736,0.338,0.027,5,462.25,390.8999938964844,D broken,,,,,,,,,,,,,
HONAUT,26-Jun-2024 11:15,59747.55078125,07-Oct-2024 10:15,46827.94921875,21-Oct-2024 09:15,51977.6484375,25-Oct-2024 12:15,48845.0,559,490,70,32,0.877,0.399,0.392,-0.007,4,55160.16,48845.0,D broken,,,,,,,,,,,,,
BEML,12-Jul-2024 09:15,2600.0,07-Oct-2024 14:15,1715.125,21-Oct-2024 09:15,2070.22509765625,25-Oct-2024 14:15,1842.074951171875,477,412,66,34,0.864,0.401,0.358,-0.02,6,2289.68,1842.074951171875,STOPPED,29-Oct-2024 13:15,30-Oct-2024 11:15,2032.574951171875,3.81,19-Nov-2024 15:15,-9.62,88.0,1.35,False,0.35,-9.97,9.37,-1.06
ABBOTINDIA,30-Aug-2024 12:15,30506.349609375,18-Sep-2024 13:15,27502.75,21-Oct-2024 11:15,29525.0,28-Oct-2024 09:15,28060.0,245,93,153,34,0.38,0.673,0.276,-0.014,2,30774.75,28060.0,D broken,,,,,,,,,,,,,
BAJAJHLDNG,20-Sep-2024 15:15,11332.0,18-Oct-2024 10:15,10019.349609375,06-Nov-2024 09:15,10733.25,08-Nov-2024 09:15,10390.0498046875,212,129,84,15,0.608,0.544,0.519,-0.009,2,11174.44,10390.0498046875,STOPPED,08-Nov-2024 12:15,11-Nov-2024 10:15,10781.099609375,1.56,27-Nov-2024 09:15,-4.11,69.0,1.01,False,0.35,-4.46,3.63,-1.23
ANURAS,01-Aug-2024 09:15,819.6500244140625,28-Oct-2024 09:15,673.7999877929688,07-Nov-2024 11:15,744.4000244140625,13-Nov-2024 10:15,702.4000244140625,472,421,52,28,0.892,0.484,0.405,-0.01,3,788.03,702.4000244140625,STOPPED,14-Nov-2024 13:15,14-Nov-2024 14:15,735.4000244140625,2.57,08-Jan-2025 15:15,-4.68,253.0,1.59,False,0.35,-5.03,4.49,-1.12
SYNGENE,16-Sep-2024 09:15,945.1500244140624,23-Oct-2024 15:15,829.7999877929688,08-Nov-2024 09:15,920.0,13-Nov-2024 14:15,852.0,260,189,72,27,0.727,0.782,0.246,-0.016,4,975.74,852.0,D broken,,,,,,,,,,,,,
KIRLOSENG,04-Sep-2024 09:15,1404.800048828125,25-Oct-2024 09:15,1007.0499877929688,08-Nov-2024 09:15,1209.0,13-Nov-2024 15:15,1092.5,316,253,64,28,0.801,0.508,0.423,-0.03,8,1333.81,1092.5,STOPPED,14-Nov-2024 09:15,14-Nov-2024 12:15,1179.3499755859375,1.56,21-Nov-2024 09:15,-8.79,18.0,1.78,False,0.35,-9.14,7.36,-1.24
BEML,05-Jul-2024 09:15,2743.5,07-Oct-2024 14:15,1715.125,07-Nov-2024 10:15,2174.0,18-Nov-2024 11:15,1827.75,597,447,151,44,0.749,0.446,0.245,0.027,4,2457.58,1827.75,D broken,,,,,,,,,,,,,
BEL,09-Jul-2024 09:15,339.3500061035156,25-Oct-2024 10:15,257.5,08-Nov-2024 09:15,304.5,21-Nov-2024 09:15,270.25,589,527,63,50,0.895,0.574,0.271,0.001,8,333.55,270.25,STOPPED,22-Nov-2024 09:15,25-Nov-2024 09:15,294.75,4.89,13-Jan-2025 09:15,-9.01,238.0,1.58,False,0.35,-9.36,8.31,-1.13
NATCOPHARM,12-Sep-2024 12:15,1639.0,28-Oct-2024 09:15,1284.199951171875,07-Nov-2024 09:15,1458.800048828125,26-Nov-2024 11:15,1350.0999755859375,264,215,50,80,0.814,0.492,0.377,-0.002,5,1566.7,1350.0999755859375,D broken,,,,,,,,,,,,,
ABFRL,27-Sep-2024 09:15,364.3500061035156,21-Nov-2024 14:15,283.75,02-Dec-2024 11:15,325.29998779296875,13-Dec-2024 10:15,295.8500061035156,297,251,47,63,0.845,0.516,0.291,-0.003,24,350.98,295.8500061035156,D broken,,,,,,,,,,,,,
TATACHEM,21-Oct-2024 10:15,1241.9000244140625,13-Nov-2024 14:15,1035.0,04-Dec-2024 09:15,1145.75,13-Dec-2024 10:15,1067.550048828125,203,117,87,51,0.576,0.535,0.294,-0.001,22,1214.19,1067.550048828125,D broken,,,,,,,,,,,,,
TATAPOWER,27-Sep-2024 10:15,494.7999877929688,13-Nov-2024 14:15,397.0,09-Dec-2024 09:15,447.7000122070313,13-Dec-2024 11:15,420.5,329,222,108,31,0.675,0.518,0.464,0.003,3,479.03,420.5,D broken,,,,,,,,,,,,,
MMTC,19-Aug-2024 14:15,106.76000213623048,25-Oct-2024 10:15,72.20999908447266,06-Dec-2024 09:15,85.86000061035156,16-Dec-2024 15:15,77.54000091552734,521,333,189,49,0.639,0.395,0.39,0.003,3,94.3,77.54000091552734,D broken,,,,,,,,,,,,,
USHAMART,15-Oct-2024 10:15,451.0,13-Nov-2024 14:15,363.7000122070313,10-Dec-2024 11:15,424.2000122070313,16-Dec-2024 15:15,383.0499877929688,261,145,117,33,0.556,0.693,0.32,-0.018,3,461.59,383.0499877929688,D broken,,,,,,,,,,,,,
ABBOTINDIA,30-Aug-2024 12:15,30506.349609375,21-Nov-2024 13:15,26912.099609375,09-Dec-2024 12:15,29300.0,19-Dec-2024 09:15,27940.05078125,470,387,84,54,0.823,0.664,0.43,-0.02,4,30775.72,27940.05078125,STOPPED,26-Dec-2024 10:15,27-Dec-2024 09:15,29488.94921875,3.12,15-Jan-2025 11:15,-5.54,93.0,0.83,False,0.35,-5.89,5.25,-1.12
ASTRAL,25-Sep-2024 09:15,2035.8499755859373,18-Nov-2024 09:15,1695.9000244140625,10-Dec-2024 09:15,1867.0,19-Dec-2024 09:15,1774.3499755859375,351,246,106,50,0.701,0.503,0.459,0.01,17,1972.74,1774.3499755859375,D broken,,,,,,,,,,,,,
BALRAMCHIN,03-Oct-2024 09:15,691.6500244140625,22-Nov-2024 09:15,506.0,03-Dec-2024 13:15,613.4000244140625,19-Dec-2024 09:15,566.0,285,232,54,81,0.814,0.579,0.559,-0.031,2,679.77,566.0,D broken,,,,,,,,,,,,,
GAIL,30-Sep-2024 12:15,245.0,21-Nov-2024 09:15,180.44000244140625,06-Dec-2024 10:15,213.3999938964844,19-Dec-2024 09:15,188.75,314,236,79,63,0.752,0.511,0.252,-0.013,7,233.77,188.75,STOPPED,23-Dec-2024 09:15,24-Dec-2024 09:15,199.83999633789065,2.8,30-Dec-2024 14:15,-5.66,26.0,3.06,False,0.35,-6.01,5.55,-1.08
INDUSTOWER,30-Aug-2024 14:15,460.1000061035156,11-Nov-2024 09:15,315.70001220703125,05-Dec-2024 09:15,373.6000061035156,19-Dec-2024 09:15,333.0,451,339,113,71,0.752,0.401,0.299,0.002,6,409.38,333.0,D broken,,,,,,,,,,,,,
NLCINDIA,03-Oct-2024 10:15,296.75,18-Nov-2024 09:15,226.25,09-Dec-2024 09:15,275.95001220703125,19-Dec-2024 09:15,240.1999969482422,308,210,99,57,0.682,0.705,0.281,0.019,2,306.66,240.1999969482422,D broken,,,,,,,,,,,,,
PETRONET,21-Aug-2024 09:15,384.1499938964844,18-Nov-2024 09:15,308.8999938964844,12-Dec-2024 09:15,346.79998779296875,19-Dec-2024 09:15,328.25,540,421,120,36,0.78,0.504,0.511,0.002,10,370.22,328.25,no breakout,,,,,,,,,,,,,
PFC,05-Sep-2024 10:15,566.4000244140625,23-Oct-2024 09:15,426.6000061035156,06-Dec-2024 10:15,523.7000122070312,19-Dec-2024 09:15,470.1000061035156,435,231,205,63,0.531,0.695,0.448,0.033,9,583.71,470.1000061035156,D broken,,,,,,,,,,,,,
RKFORGE,15-Oct-2024 09:15,1063.699951171875,29-Oct-2024 13:15,860.0499877929688,28-Nov-2024 09:15,996.0,19-Dec-2024 09:15,894.1500244140625,204,75,130,106,0.368,0.668,0.251,0.042,54,1080.02,894.1500244140625,D broken,,,,,,,,,,,,,
HDFCAMC,16-Oct-2024 13:15,2429.574951171875,21-Nov-2024 09:15,2063.300048828125,12-Dec-2024 10:15,2289.97509765625,19-Dec-2024 10:15,2136.75,264,158,107,36,0.598,0.619,0.324,0.003,10,2430.06,2136.75,D broken,,,,,,,,,,,,,
JINDALSTEL,17-Sep-2024 13:15,1073.550048828125,13-Nov-2024 14:15,855.0,10-Dec-2024 10:15,1011.3499755859376,20-Dec-2024 15:15,904.2000122070312,390,275,116,62,0.705,0.715,0.315,0.002,7,1107.97,904.2000122070312,no breakout,,,,,,,,,,,,,
BIRLACABLE,26-Aug-2024 10:15,289.70001220703125,21-Nov-2024 10:15,199.7100067138672,10-Dec-2024 10:15,243.8999938964844,23-Dec-2024 09:15,212.3999938964844,505,414,92,63,0.82,0.491,0.287,-0.019,10,271.21,212.3999938964844,D broken,,,,,,,,,,,,,
CGPOWER,11-Oct-2024 10:15,874.5,13-Nov-2024 14:15,683.4000244140625,09-Dec-2024 11:15,811.4000244140625,23-Dec-2024 09:15,717.7000122070312,268,159,110,69,0.593,0.67,0.268,0.013,16,890.5,717.7000122070312,D broken,,,,,,,,,,,,,
SBFC,23-Sep-2024 13:15,105.80999755859376,25-Oct-2024 10:15,77.61000061035156,11-Dec-2024 11:15,95.4000015258789,23-Dec-2024 09:15,84.08999633789062,370,159,212,55,0.43,0.631,0.364,0.017,6,106.39,84.08999633789062,STOPPED,24-Dec-2024 12:15,27-Dec-2024 11:15,89.6500015258789,2.82,13-Jan-2025 13:15,-6.45,79.0,3.01,False,0.35,-6.8,6.2,-1.1
SHRIPISTON,16-Sep-2024 09:15,2397.0,25-Oct-2024 14:15,1905.0,11-Dec-2024 09:15,2278.0,23-Dec-2024 09:15,2000.050048828125,407,202,206,57,0.496,0.758,0.255,0.012,19,2508.51,2000.050048828125,STOPPED,30-Dec-2024 10:15,30-Dec-2024 14:15,2151.5,4.62,06-Jan-2025 14:15,-7.08,35.0,2.36,False,0.35,-7.43,7.04,-1.06
KPITTECH,28-Aug-2024 10:15,1920.699951171875,21-Nov-2024 10:15,1283.5,12-Dec-2024 09:15,1563.199951171875,23-Dec-2024 13:15,1408.9000244140625,504,400,105,54,0.794,0.439,0.448,0.003,18,1736.05,1408.9000244140625,STOPPED,26-Dec-2024 12:15,30-Dec-2024 14:15,1471.75,2.07,10-Jan-2025 09:15,-6.35,58.0,4.21,False,0.35,-6.7,4.27,-1.57
MINDACORP,26-Aug-2024 12:15,652.0,25-Oct-2024 10:15,471.2999877929688,11-Dec-2024 13:15,552.0,24-Dec-2024 09:15,491.7999877929688,513,300,214,60,0.585,0.447,0.254,-0.005,9,601.87,491.7999877929688,D broken,,,,,,,,,,,,,
SBICARD,13-Sep-2024 09:15,817.2999877929688,29-Oct-2024 09:15,660.25,10-Dec-2024 10:15,742.8499755859375,24-Dec-2024 09:15,684.4000244140625,408,218,191,70,0.534,0.526,0.292,-0.002,9,793.9,684.4000244140625,D broken,,,,,,,,,,,,,
GNA,24-Sep-2024 11:15,492.3999938964844,28-Oct-2024 09:15,381.2000122070313,09-Dec-2024 12:15,448.7999877929688,26-Dec-2024 10:15,400.1000061035156,352,160,193,83,0.455,0.608,0.28,0.0,18,490.58,400.1000061035156,D broken,,,,,,,,,,,,,
BOSCHLTD,09-Oct-2024 10:15,39088.80078125,13-Nov-2024 09:15,32840.05078125,06-Dec-2024 11:15,36997.3515625,27-Dec-2024 09:15,34001.94921875,275,168,108,97,0.611,0.665,0.279,-0.003,31,39566.56,34001.94921875,D broken,,,,,,,,,,,,,
BHEL,30-Jul-2024 12:15,327.0,25-Oct-2024 10:15,210.75,04-Dec-2024 09:15,256.5,30-Dec-2024 15:15,223.6999969482422,600,426,175,126,0.71,0.394,0.283,0.018,21,284.77,223.6999969482422,D broken,,,,,,,,,,,,,
CMSINFO,17-Oct-2024 09:15,603.1500244140625,19-Nov-2024 09:15,450.6499938964844,11-Dec-2024 09:15,556.8499755859375,31-Dec-2024 09:15,477.1000061035156,253,148,106,92,0.585,0.696,0.249,-0.029,7,622.48,477.1000061035156,D broken,,,,,,,,,,,,,
GRAVITA,17-Sep-2024 12:15,2700.0,22-Oct-2024 11:15,1952.0,20-Dec-2024 09:15,2474.85009765625,31-Dec-2024 09:15,2155.25,446,168,279,43,0.377,0.699,0.389,0.021,8,2797.97,2155.25,STOPPED,02-Jan-2025 09:15,07-Jan-2025 09:15,2261.800048828125,2.77,13-Jan-2025 09:15,-4.94,28.0,5.03,False,0.35,-5.29,4.71,-1.12
BHARTIARTL,26-Sep-2024 09:15,1779.0,21-Nov-2024 11:15,1511.0,16-Dec-2024 09:15,1687.0,31-Dec-2024 10:15,1563.800048828125,372,255,118,72,0.685,0.657,0.3,0.005,3,1795.77,1563.800048828125,no breakout,,,,,,,,,,,,,
TATAELXSI,27-Aug-2024 14:15,9079.849609375,18-Nov-2024 09:15,6289.9501953125,05-Dec-2024 13:15,7473.7001953125,01-Jan-2025 10:15,6716.60009765625,476,388,89,124,0.815,0.424,0.36,-0.012,31,8205.26,6716.60009765625,D broken,,,,,,,,,,,,,
JSL,25-Sep-2024 11:15,802.7000122070312,23-Oct-2024 09:15,631.8499755859375,16-Dec-2024 09:15,763.9500122070312,03-Jan-2025 10:15,676.0999755859375,377,132,246,93,0.35,0.773,0.335,0.019,31,845.59,676.0999755859375,D broken,,,,,,,,,,,,,
INDIGO,12-Sep-2024 12:15,5035.0,28-Oct-2024 09:15,3780.449951171875,26-Dec-2024 15:15,4736.39990234375,10-Jan-2025 09:15,4214.5498046875,494,215,280,72,0.435,0.762,0.454,0.017,7,5327.18,4214.5498046875,D broken,,,,,,,,,,,,,
SHYAMMETL,24-Sep-2024 09:15,956.5999755859376,10-Jan-2025 09:15,660.0,21-Jan-2025 14:15,830.0,27-Jan-2025 10:15,726.8499755859375,566,512,55,25,0.905,0.573,0.393,-0.031,8,935.06,726.8499755859375,D broken,,,,,,,,,,,,,
VIJAYA,13-Jan-2025 09:15,1274.1500244140625,28-Jan-2025 10:15,898.9000244140625,05-Feb-2025 12:15,1191.199951171875,11-Feb-2025 09:15,1061.5,123,79,45,26,0.642,0.779,0.556,0.019,2,1371.84,1061.5,D broken,,,,,,,,,,,,,
BANKINDIA,06-Dec-2024 10:15,120.4000015258789,13-Jan-2025 15:15,90.05000305175781,30-Jan-2025 10:15,113.19000244140624,17-Feb-2025 09:15,96.4800033569336,267,181,87,84,0.678,0.762,0.278,-0.005,19,127.49,96.4800033569336,D broken,,,,,,,,,,,,,
HDFCBANK,09-Dec-2024 12:15,940.0,13-Jan-2025 09:15,812.375,07-Feb-2025 09:15,883.4000244140625,24-Feb-2025 09:15,830.5750122070312,299,166,134,78,0.555,0.557,0.256,0.012,31,927.29,830.5750122070312,no breakout,,,,,,,,,,,,,
FORCEMOT,31-Oct-2024 14:15,8088.0,28-Jan-2025 10:15,6125.75,21-Feb-2025 12:15,7080.0,28-Feb-2025 09:15,6472.0498046875,539,410,130,26,0.761,0.486,0.363,0.009,3,7669.73,6472.0498046875,TARGET HIT,28-Feb-2025 11:15,03-Mar-2025 12:15,6858.0,2.13,10-Mar-2025 10:15,16.1,33.0,2.1,False,0.35,15.75,5.63,2.8
JSWSTEEL,10-Dec-2024 10:15,1022.5,13-Jan-2025 14:15,880.0499877929688,21-Feb-2025 12:15,990.9000244140624,28-Feb-2025 13:15,940.8499755859376,368,166,203,30,0.451,0.778,0.548,0.027,8,1059.41,940.8499755859376,TARGET HIT,03-Mar-2025 09:15,03-Mar-2025 12:15,976.3499755859376,1.8,21-Mar-2025 15:15,8.66,94.0,2.34,False,0.35,8.31,3.64,2.28
INDUSTOWER,20-Jan-2025 09:15,390.0,03-Mar-2025 11:15,313.6000061035156,24-Mar-2025 09:15,358.8500061035156,28-Mar-2025 13:15,332.04998779296875,302,206,97,33,0.682,0.592,0.408,-0.018,5,386.81,332.04998779296875,consolidation too wide,,,,,,,,,,,,,
UNOMINDA,25-Nov-2024 09:15,1134.0,04-Mar-2025 09:15,796.0499877929688,20-Mar-2025 09:15,1035.0,28-Mar-2025 14:15,855.3499755859375,561,484,78,48,0.863,0.707,0.248,-0.028,6,1182.67,855.3499755859375,D broken,,,,,,,,,,,,,
JUBLINGREA,12-Dec-2024 10:15,885.0,03-Mar-2025 11:15,557.1500244140625,20-Mar-2025 14:15,722.2999877929688,01-Apr-2025 09:15,631.0,474,387,88,45,0.816,0.504,0.447,0.001,9,824.36,631.0,STOPPED,02-Apr-2025 10:15,03-Apr-2025 09:15,670.5,2.52,07-Apr-2025 09:15,-12.45,14.0,3.9,False,0.35,-12.8,5.89,-2.17
LUPIN,02-Jan-2025 14:15,2402.89990234375,28-Feb-2025 09:15,1859.949951171875,24-Mar-2025 09:15,2134.949951171875,02-Apr-2025 09:15,1938.550048828125,381,276,106,43,0.724,0.506,0.286,0.002,3,2304.9,1938.550048828125,STOPPED,02-Apr-2025 10:15,03-Apr-2025 09:15,2099.699951171875,4.48,07-Apr-2025 09:15,-8.96,14.0,1.27,False,0.35,-9.31,7.67,-1.21
RAILTEL,17-Dec-2024 09:15,452.7999877929688,03-Mar-2025 11:15,265.54998779296875,24-Mar-2025 09:15,339.3999938964844,02-Apr-2025 09:15,294.6000061035156,463,367,97,43,0.793,0.394,0.393,-0.005,2,385.04,294.6000061035156,STOPPED,02-Apr-2025 11:15,03-Apr-2025 10:15,312.04998779296875,2.16,07-Apr-2025 09:15,-12.03,13.0,4.18,False,0.35,-12.38,5.59,-2.21
VIJAYA,13-Jan-2025 09:15,1274.1500244140625,17-Feb-2025 09:15,836.2999877929688,19-Mar-2025 11:15,1159.4000244140625,02-Apr-2025 09:15,949.3499755859376,318,176,143,62,0.553,0.738,0.35,-0.023,9,1359.08,949.3499755859376,D broken,,,,,,,,,,,,,
CROMPTON,02-Dec-2024 11:15,419.4500122070313,03-Mar-2025 10:15,316.25,26-Mar-2025 13:15,367.5,03-Apr-2025 11:15,333.25,556,441,116,34,0.793,0.497,0.332,0.012,2,399.17,333.25,D broken,,,,,,,,,,,,,
USHAMART,10-Dec-2024 11:15,424.2000122070313,18-Feb-2025 09:15,278.6000061035156,27-Mar-2025 11:15,349.1000061035156,04-Apr-2025 10:15,315.20001220703125,519,342,178,35,0.659,0.484,0.519,0.059,9,392.67,315.20001220703125,STOPPED,,04-Apr-2025 14:15,325.5,2.39,07-Apr-2025 09:15,-9.12,2.0,6.52,False,0.35,-9.47,3.16,-3.0
CEATLTD,09-Dec-2024 14:15,3575.60009765625,04-Mar-2025 13:15,2346.25,26-Mar-2025 09:15,2955.0,07-Apr-2025 09:15,2590.14990234375,514,413,102,50,0.804,0.495,0.401,0.027,26,3331.21,2590.14990234375,TARGET HIT,,08-Apr-2025 09:15,2709.35009765625,1.78,30-Apr-2025 12:15,23.27,94.0,5.22,False,0.35,22.92,4.4,5.21
GAIL,06-Dec-2024 10:15,213.3999938964844,04-Mar-2025 09:15,150.61000061035156,01-Apr-2025 13:15,186.9499969482422,07-Apr-2025 09:15,161.52999877929688,550,420,131,25,0.764,0.579,0.3,0.041,4,209.41,161.52999877929688,consolidation too wide,,,,,,,,,,,,,
KSB,28-Nov-2024 11:15,858.0,17-Feb-2025 09:15,584.0,25-Mar-2025 09:15,796.9500122070312,07-Apr-2025 09:15,648.0,559,391,169,57,0.699,0.777,0.301,0.052,16,928.55,648.0,TARGET HIT,08-Apr-2025 09:15,09-Apr-2025 11:15,708.7000122070312,1.85,15-Apr-2026 10:15,31.23,1723.0,3.62,False,0.35,30.88,8.56,3.61
TDPOWERSYS,26-Dec-2024 09:15,241.4250030517578,03-Mar-2025 11:15,146.5,25-Mar-2025 10:15,217.4499969482422,07-Apr-2025 09:15,164.3249969482422,430,326,105,56,0.758,0.747,0.251,0.081,16,261.3,164.3249969482422,TARGET HIT,,08-Apr-2025 09:15,189.75,5.77,18-Jun-2025 09:15,38.83,329.0,2.81,False,0.35,38.48,13.4,2.87
AXISBANK,06-Dec-2024 12:15,1193.8499755859375,27-Jan-2025 09:15,933.5499877929688,25-Mar-2025 14:15,1123.5,07-Apr-2025 12:15,1032.5999755859375,521,243,279,55,0.466,0.73,0.521,0.028,25,1240.89,1032.5999755859375,TARGET HIT,11-Apr-2025 11:15,15-Apr-2025 09:15,1100.5999755859375,2.96,23-Oct-2025 09:15,15.41,912.0,2.06,False,0.35,15.06,6.18,2.44
SBIN,06-Dec-2024 10:15,875.25,03-Mar-2025 09:15,680.0,25-Mar-2025 09:15,786.0,07-Apr-2025 12:15,731.0999755859375,518,413,106,60,0.797,0.543,0.482,0.022,37,851.51,731.0999755859375,TARGET HIT,07-Apr-2025 15:15,08-Apr-2025 09:15,764.1500244140625,2.02,17-Sep-2025 14:15,12.18,775.0,2.64,False,0.35,11.83,4.33,2.73
MINDACORP,20-Jan-2025 10:15,598.7999877929688,03-Mar-2025 10:15,454.8500061035156,26-Mar-2025 09:15,552.0499877929688,07-Apr-2025 14:15,478.8999938964844,315,204,112,55,0.648,0.675,0.247,0.006,27,612.12,478.8999938964844,D broken,,,,,,,,,,,,,
JINDALSTEL,10-Dec-2024 10:15,1011.3499755859376,31-Jan-2025 09:15,723.7000122070312,19-Mar-2025 09:15,943.7000122070312,08-Apr-2025 10:15,777.7999877929688,476,259,218,93,0.544,0.765,0.246,-0.001,32,1079.66,777.7999877929688,D broken,,,,,,,,,,,,,
ADANIENT,03-Jan-2025 09:15,2619.0,03-Mar-2025 10:15,2026.75,22-Apr-2025 10:15,2483.39990234375,30-Apr-2025 15:15,2288.10009765625,499,282,218,48,0.565,0.771,0.572,0.016,9,2765.61,2288.10009765625,STOPPED,02-May-2025 13:15,05-May-2025 09:15,2397.199951171875,4.64,08-May-2025 15:15,-5.31,27.0,3.38,False,0.35,-5.66,4.55,-1.24
GOODLUCK,06-Jan-2025 09:15,336.6333312988281,18-Feb-2025 10:15,189.25,22-Apr-2025 10:15,271.6000061035156,30-Apr-2025 15:15,238.34999084472656,492,219,274,48,0.445,0.559,0.596,0.056,9,322.49,238.34999084472656,STOPPED,05-May-2025 09:15,05-May-2025 11:15,248.3000030517578,1.62,06-May-2025 14:15,-4.32,10.0,7.46,False,0.35,-4.67,4.01,-1.16
GRAVITA,20-Dec-2024 09:15,2474.85009765625,03-Mar-2025 11:15,1434.0,17-Apr-2025 12:15,2024.199951171875,30-Apr-2025 15:15,1734.699951171875,550,346,205,60,0.629,0.567,0.509,0.048,6,2388.94,1734.699951171875,STOPPED,02-May-2025 09:15,02-May-2025 13:15,1818.0,1.68,16-Jun-2025 09:15,-4.66,213.0,6.85,False,0.35,-5.01,4.58,-1.09
CIEINDIA,06-Feb-2025 12:15,478.5,07-Apr-2025 09:15,359.75,22-Apr-2025 15:15,430.0,02-May-2025 09:15,390.7000122070313,333,271,63,44,0.814,0.592,0.441,0.029,14,473.41,390.7000122070313,TARGET HIT,07-May-2025 11:15,12-May-2025 09:15,420.0,4.14,11-Jun-2025 10:15,14.01,155.0,1.82,False,0.35,13.66,6.98,1.96
JPPOWER,20-Dec-2024 09:15,20.32999992370605,03-Mar-2025 11:15,12.359999656677246,22-Apr-2025 09:15,16.479999542236328,02-May-2025 09:15,14.119999885559082,561,346,216,50,0.617,0.517,0.427,0.042,3,19.03,14.119999885559082,D broken,,,,,,,,,,,,,
BBTC,03-Feb-2025 09:15,2214.449951171875,28-Feb-2025 11:15,1610.050048828125,24-Apr-2025 10:15,2017.0,07-May-2025 09:15,1750.4000244140625,366,129,238,56,0.352,0.673,0.345,0.035,22,2268.5,1750.4000244140625,D broken,,,,,,,,,,,,,
IRB,03-Jan-2025 11:15,30.475000381469727,03-Mar-2025 11:15,20.524999618530277,22-Apr-2025 14:15,24.575000762939453,07-May-2025 09:15,21.5,501,281,221,66,0.561,0.407,0.241,0.035,10,27.08,21.5,STOPPED,09-May-2025 14:15,12-May-2025 09:15,23.59000015258789,4.38,28-Aug-2025 09:15,-9.07,532.0,1.67,False,0.35,-9.42,8.86,-1.06
BAJAJ-AUTO,03-Feb-2025 09:15,9136.0,07-Apr-2025 09:15,7090.0498046875,24-Apr-2025 09:15,8328.0,09-May-2025 09:15,7612.0,365,295,71,71,0.808,0.605,0.422,0.03,9,9093.05,7612.0,TARGET HIT,09-May-2025 13:15,12-May-2025 09:15,7919.5,3.08,03-Sep-2025 11:15,14.84,562.0,3.82,False,0.35,14.49,3.88,3.73
BATAINDIA,12-Feb-2025 12:15,1378.949951171875,07-Apr-2025 09:15,1150.0,15-Apr-2025 09:15,1255.0,09-May-2025 09:15,1185.0,271,243,29,113,0.897,0.459,0.333,-0.001,8,1319.89,1185.0,STOPPED,19-May-2025 09:15,21-May-2025 09:15,1241.9000244140625,2.14,04-Aug-2025 09:15,-4.9,371.0,1.37,False,0.35,-5.25,4.58,-1.15
CAMS,03-Jan-2025 09:15,1057.570068359375,03-Mar-2025 11:15,606.3399658203125,22-Apr-2025 09:15,824.3200073242188,09-May-2025 09:15,683.0,498,283,216,85,0.568,0.483,0.352,-0.01,9,959.03,683.0,consolidation too wide,,,,,,,,,,,,,
HAVELLS,13-Dec-2024 09:15,1780.949951171875,03-Mar-2025 09:15,1381.300048828125,22-Apr-2025 13:15,1673.800048828125,09-May-2025 09:15,1514.4000244140625,600,379,222,81,0.632,0.732,0.455,0.023,33,1854.57,1514.4000244140625,STOPPED,19-May-2025 14:15,21-May-2025 09:15,1589.5999755859375,1.91,02-Jun-2025 12:15,-4.76,59.0,3.52,False,0.35,-5.11,4.73,-1.08
JKLAKSHMI,18-Dec-2024 09:15,887.9500122070312,28-Feb-2025 15:15,660.5,16-Apr-2025 09:15,835.0,09-May-2025 09:15,752.0,554,357,198,106,0.644,0.767,0.524,0.02,25,942.84,752.0,TARGET HIT,09-May-2025 14:15,12-May-2025 09:15,796.9000244140625,3.38,01-Jul-2025 11:15,18.83,254.0,3.25,False,0.35,18.48,5.63,3.28
SAMMAANCAP,21-Jan-2025 09:15,164.25,07-Apr-2025 09:15,98.11000061035156,24-Apr-2025 14:15,132.19000244140625,09-May-2025 09:15,110.66999816894533,433,358,76,66,0.827,0.515,0.369,0.015,11,153.25,110.66999816894533,TARGET HIT,09-May-2025 14:15,12-May-2025 09:15,119.5999984741211,5.17,29-Sep-2025 13:15,28.69,689.0,3.77,False,0.35,28.34,7.47,3.79
SJVN,17-Dec-2024 12:15,119.9499969482422,03-Mar-2025 11:15,80.55000305175781,24-Apr-2025 09:15,101.75,09-May-2025 10:15,86.5199966430664,593,364,230,72,0.614,0.538,0.282,0.04,11,114.85,86.5199966430664,STOPPED,09-May-2025 14:15,12-May-2025 09:15,93.83999633789062,4.85,06-Nov-2025 09:15,-8.3,855.0,2.87,False,0.35,-8.65,7.8,-1.11
GICRE,20-Dec-2024 15:15,525.0,18-Feb-2025 09:15,353.0,30-Apr-2025 09:15,453.6499938964844,09-May-2025 13:15,388.5,597,282,316,47,0.472,0.585,0.353,0.008,8,515.85,388.5,consolidation too wide,,,,,,,,,,,,,
IKS,25-Feb-2025 14:15,1926.8499755859373,07-Apr-2025 09:15,1250.0,16-May-2025 09:15,1734.0,29-May-2025 13:15,1489.9000244140625,353,178,176,68,0.504,0.715,0.496,0.035,25,2033.11,1489.9000244140625,STOPPED,30-May-2025 09:15,02-Jun-2025 09:15,1543.699951171875,2.53,26-Sep-2025 09:15,-4.44,574.0,9.1,False,0.35,-4.79,3.49,-1.37
BATAINDIA,12-Feb-2025 12:15,1378.949951171875,07-Apr-2025 09:15,1150.0,26-May-2025 09:15,1300.0,05-Jun-2025 15:15,1203.5999755859375,460,243,218,63,0.528,0.655,0.357,-0.0,10,1392.7,1203.5999755859375,no breakout,,,,,,,,,,,,,
JSWENERGY,24-Mar-2025 15:15,578.8499755859375,09-May-2025 09:15,451.0499877929688,11-Jun-2025 09:15,543.0999755859375,17-Jun-2025 12:15,500.5499877929688,359,198,162,32,0.552,0.72,0.538,0.041,2,599.99,500.5499877929688,STOPPED,,18-Jun-2025 09:15,511.6000061035156,1.85,19-Jun-2025 10:15,-2.64,8.0,8.0,False,0.35,-2.99,2.16,-1.38
AETHER,12-Mar-2025 09:15,938.5,21-May-2025 09:15,725.5499877929688,09-Jun-2025 09:15,816.6500244140625,19-Jun-2025 13:15,748.0499877929688,400,309,92,61,0.772,0.428,0.247,-0.018,18,872.95,748.0499877929688,no breakout,,,,,,,,,,,,,
SYNGENE,03-Apr-2025 09:15,760.0,09-May-2025 09:15,599.75,12-Jun-2025 10:15,671.0,20-Jun-2025 09:15,624.5,324,155,170,42,0.478,0.445,0.347,0.016,9,715.03,624.5,no breakout,,,,,,,,,,,,,
M&MFIN,05-Feb-2025 11:15,304.0,07-Apr-2025 09:15,241.0,09-Jun-2025 11:15,288.5,20-Jun-2025 12:15,259.04998779296875,568,279,290,65,0.491,0.754,0.38,0.031,12,317.86,259.04998779296875,STOPPED,23-Jun-2025 11:15,24-Jun-2025 09:15,266.29998779296875,2.05,18-Jul-2025 10:15,-2.74,127.0,7.11,False,0.35,-3.09,2.72,-1.14
CONCORDBIO,10-Feb-2025 09:15,2449.0,06-May-2025 15:15,1374.4000244140625,11-Jun-2025 15:15,2150.10009765625,24-Jun-2025 13:15,1766.9000244140625,567,385,183,62,0.679,0.722,0.506,0.084,18,2629.48,1766.9000244140625,STOPPED,25-Jun-2025 14:15,27-Jun-2025 09:15,1828.9000244140625,1.61,02-Jul-2025 13:15,-3.44,25.0,12.91,False,0.35,-3.79,3.39,-1.12
HAVELLS,22-Apr-2025 13:15,1673.800048828125,05-Jun-2025 14:15,1483.0999755859375,25-Jun-2025 09:15,1598.5999755859375,09-Jul-2025 10:15,1511.0999755859375,312,219,94,72,0.702,0.606,0.242,-0.004,6,1669.98,1511.0999755859375,no breakout,,,,,,,,,,,,,
TORNTPOWER,16-Apr-2025 09:15,1640.0,19-Jun-2025 13:15,1358.199951171875,27-Jun-2025 10:15,1491.4000244140625,11-Jul-2025 10:15,1403.0999755859375,352,313,40,71,0.889,0.473,0.337,0.01,14,1573.72,1403.0999755859375,D broken,,,,,,,,,,,,,
SHYAMMETL,16-May-2025 11:15,950.0,19-Jun-2025 12:15,806.8499755859375,02-Jul-2025 09:15,896.0,14-Jul-2025 11:15,839.0,230,170,61,59,0.739,0.623,0.361,0.002,3,951.09,839.0,consolidation too wide,,,,,,,,,,,,,
WIPRO,19-Feb-2025 12:15,316.5,07-Apr-2025 09:15,228.0,26-Jun-2025 09:15,271.2799987792969,14-Jul-2025 12:15,251.6999969482422,586,208,379,88,0.355,0.489,0.548,0.019,35,298.03,251.6999969482422,STOPPED,15-Jul-2025 10:15,18-Jul-2025 09:15,267.8500061035156,3.42,28-Jul-2025 10:15,-6.12,43.0,1.87,False,0.35,-6.47,6.03,-1.07
IRCTC,19-May-2025 09:15,820.0,19-Jun-2025 12:15,743.4000244140625,30-Jun-2025 09:15,789.9000244140625,21-Jul-2025 09:15,758.7999877929688,211,165,47,106,0.782,0.607,0.331,-0.004,3,818.64,758.7999877929688,D broken,,,,,,,,,,,,,
KAYNES,16-May-2025 09:15,6829.5,13-Jun-2025 09:15,5320.5,03-Jul-2025 09:15,6398.0,24-Jul-2025 15:15,5648.0,239,141,99,112,0.59,0.714,0.304,0.021,28,7063.9,5648.0,D broken,,,,,,,,,,,,,
EMAMILTD,06-May-2025 10:15,652.7999877929688,23-Jun-2025 09:15,549.8499755859375,09-Jul-2025 15:15,614.3499755859375,25-Jul-2025 09:15,571.4500122070312,328,238,91,79,0.726,0.627,0.335,0.007,31,654.21,571.4500122070312,D broken,,,,,,,,,,,,,
BLS,28-May-2025 09:15,421.8999938964844,19-Jun-2025 14:15,351.6499938964844,10-Jul-2025 10:15,391.1499938964844,25-Jul-2025 10:15,361.1000061035156,219,118,102,78,0.539,0.562,0.239,-0.001,24,415.56,361.1000061035156,D broken,,,,,,,,,,,,,
PVRINOX,04-Jun-2025 10:15,1079.0,23-Jun-2025 09:15,934.0,21-Jul-2025 09:15,1045.0,29-Jul-2025 10:15,967.0,231,91,141,44,0.394,0.766,0.297,0.016,6,1113.6,967.0,TARGET HIT,04-Aug-2025 12:15,06-Aug-2025 13:15,1025.699951171875,1.55,21-Aug-2025 09:15,9.35,66.0,1.5,False,0.35,9.0,5.72,1.57
NHPC,09-Jun-2025 09:15,92.33999633789062,19-Jun-2025 13:15,80.58000183105469,14-Jul-2025 12:15,89.7300033569336,31-Jul-2025 09:15,82.94999694824219,179,61,119,89,0.341,0.778,0.259,-0.007,10,95.38,82.94999694824219,D broken,,,,,,,,,,,,,
EMAMILTD,06-May-2025 10:15,652.7999877929688,23-Jun-2025 09:15,549.8499755859375,01-Aug-2025 12:15,622.0999755859375,08-Aug-2025 10:15,570.0,444,238,207,34,0.536,0.702,0.279,0.012,4,666.75,570.0,STOPPED,14-Aug-2025 14:15,18-Aug-2025 09:15,596.0,2.76,25-Aug-2025 12:15,-4.49,38.0,2.72,False,0.35,-4.84,4.36,-1.11
GESHIP,13-Jun-2025 10:15,1048.949951171875,01-Aug-2025 14:15,914.2999877929688,21-Aug-2025 09:15,988.9000244140624,26-Aug-2025 09:15,939.1500244140624,336,250,87,22,0.744,0.554,0.333,-0.012,3,1035.0,939.1500244140624,D broken,,,,,,,,,,,,,
STARHEALTH,29-May-2025 09:15,485.7999877929688,01-Jul-2025 10:15,413.1499938964844,18-Aug-2025 10:15,461.8999938964844,26-Aug-2025 11:15,428.0,394,163,232,44,0.414,0.671,0.305,0.016,20,492.03,428.0,TARGET HIT,28-Aug-2025 09:15,29-Aug-2025 09:15,454.25,2.6,17-Oct-2025 09:15,9.19,237.0,1.44,False,0.35,8.84,5.78,1.53
CHOLAFIN,27-Jun-2025 15:15,1666.5999755859375,01-Aug-2025 11:15,1404.4000244140625,20-Aug-2025 12:15,1536.300048828125,28-Aug-2025 09:15,1443.5,257,172,86,33,0.669,0.503,0.296,-0.011,7,1617.81,1443.5,D broken,,,,,,,,,,,,,
ASTERDM,03-Jul-2025 15:15,674.7000122070312,28-Jul-2025 15:15,572.25,18-Aug-2025 12:15,628.5,29-Aug-2025 09:15,585.8499755859375,215,120,96,54,0.558,0.549,0.242,0.001,10,663.26,585.8499755859375,TARGET HIT,,01-Sep-2025 09:15,611.5,1.76,06-Oct-2025 11:15,9.57,168.0,2.02,False,0.35,9.22,4.19,2.2
MANAPPURAM,16-Jun-2025 11:15,284.8800048828125,01-Aug-2025 15:15,247.3999938964844,25-Aug-2025 10:15,274.6000061035156,29-Aug-2025 09:15,260.0,343,243,101,21,0.708,0.726,0.463,-0.009,4,291.41,260.0,TARGET HIT,29-Aug-2025 15:15,01-Sep-2025 09:15,267.6499938964844,1.77,08-Sep-2025 10:15,9.79,36.0,3.11,False,0.35,9.44,2.86,3.3
TATACONSUM,30-Apr-2025 09:15,1180.5,07-Aug-2025 13:15,1039.0999755859375,20-Aug-2025 15:15,1106.9000244140625,29-Aug-2025 09:15,1056.0999755859375,553,495,59,37,0.895,0.479,0.251,-0.008,4,1148.8,1056.0999755859375,no breakout,,,,,,,,,,,,,
M&MFIN,09-Jun-2025 11:15,288.5,29-Jul-2025 10:15,246.3500061035156,21-Aug-2025 09:15,269.0,29-Aug-2025 14:15,253.5500030517578,363,252,112,41,0.694,0.537,0.318,-0.007,14,283.0,253.5500030517578,TARGET HIT,01-Sep-2025 09:15,04-Sep-2025 09:15,263.70001220703125,1.5,18-Sep-2025 09:15,7.62,66.0,1.9,False,0.35,7.27,3.85,1.89
INDIAMART,15-Jul-2025 09:15,2768.89990234375,05-Aug-2025 10:15,2456.0,25-Aug-2025 09:15,2685.0,03-Sep-2025 13:15,2515.10009765625,197,107,91,47,0.543,0.732,0.258,-0.013,4,2826.52,2515.10009765625,STOPPED,09-Sep-2025 14:15,11-Sep-2025 09:15,2615.0,1.5,19-Sep-2025 09:15,-4.89,39.0,2.12,False,0.35,-5.24,3.82,-1.37
POLYMED,21-May-2025 09:15,2527.300048828125,13-Aug-2025 12:15,1821.5,04-Sep-2025 09:15,2144.89990234375,10-Sep-2025 13:15,1939.300048828125,519,424,96,33,0.817,0.458,0.364,0.002,4,2344.76,1939.300048828125,STOPPED,17-Sep-2025 14:15,18-Sep-2025 09:15,2059.199951171875,3.14,23-Sep-2025 09:15,-5.92,21.0,2.38,False,0.35,-6.27,5.82,-1.08
TECHNOE,10-Jul-2025 09:15,1653.0,12-Aug-2025 14:15,1358.300048828125,03-Sep-2025 09:15,1575.0,12-Sep-2025 09:15,1428.5999755859375,260,167,94,50,0.642,0.735,0.324,0.021,8,1708.92,1428.5999755859375,D broken,,,,,,,,,,,,,
BIOCON,18-Jul-2025 11:15,406.0,11-Aug-2025 09:15,331.0,10-Sep-2025 10:15,370.7999877929688,17-Sep-2025 14:15,353.04998779296875,252,111,142,40,0.44,0.531,0.554,-0.02,10,395.4,353.04998779296875,STOPPED,18-Sep-2025 09:15,18-Sep-2025 13:15,366.5,1.5,26-Sep-2025 09:15,-5.81,38.0,2.15,False,0.35,-6.16,3.67,-1.68
ASTERDM,03-Jul-2025 15:15,674.7000122070312,28-Jul-2025 15:15,572.25,05-Sep-2025 10:15,652.0,18-Sep-2025 10:15,609.2999877929688,304,120,185,62,0.395,0.778,0.465,0.014,18,701.29,609.2999877929688,TARGET HIT,18-Sep-2025 14:15,19-Sep-2025 09:15,629.0,1.91,09-Oct-2025 09:15,11.67,91.0,3.67,False,0.35,11.32,3.13,3.62
MGL,04-Jul-2025 10:15,1586.0,29-Aug-2025 15:15,1245.5,17-Sep-2025 09:15,1376.5,23-Sep-2025 09:15,1298.5999755859375,357,272,86,29,0.762,0.385,0.405,-0.0,3,1457.46,1298.5999755859375,D broken,,,,,,,,,,,,,
DLF,09-Jun-2025 09:15,886.0,01-Sep-2025 09:15,737.0999755859375,17-Sep-2025 09:15,794.7000122070312,23-Sep-2025 11:15,756.1500244140625,491,407,85,31,0.829,0.387,0.331,0.014,7,830.3,756.1500244140625,D broken,,,,,,,,,,,,,
IDFCFIRSTB,04-Jul-2025 10:15,78.44000244140625,04-Aug-2025 09:15,67.30999755859375,10-Sep-2025 09:15,73.94999694824219,23-Sep-2025 11:15,70.44999694824219,322,147,176,64,0.457,0.597,0.473,0.013,24,78.05,70.44999694824219,D broken,,,,,,,,,,,,,
COLPAL,19-May-2025 10:15,2747.0,14-Aug-2025 15:15,2151.10009765625,04-Sep-2025 09:15,2504.0,24-Sep-2025 10:15,2308.0,532,447,86,100,0.84,0.592,0.445,0.028,34,2722.09,2308.0,D broken,,,,,,,,,,,,,
PRESTIGE,18-Jul-2025 09:15,1810.0,05-Sep-2025 12:15,1495.199951171875,18-Sep-2025 09:15,1670.0,24-Sep-2025 12:15,1555.0999755859375,295,235,61,32,0.797,0.555,0.343,-0.013,5,1778.03,1555.0999755859375,D broken,,,,,,,,,,,,,
VGUARD,24-Jul-2025 09:15,409.6000061035156,11-Aug-2025 09:15,348.54998779296875,16-Sep-2025 12:15,380.6000061035156,24-Sep-2025 12:15,361.1000061035156,256,85,172,43,0.332,0.525,0.392,0.008,13,400.41,361.1000061035156,STOPPED,24-Sep-2025 15:15,25-Sep-2025 09:15,388.8999938964844,6.17,26-Sep-2025 11:15,-7.68,9.0,0.41,False,0.35,-8.03,7.15,-1.12
SONATSOFTW,08-Jul-2025 13:15,451.8999938964844,11-Aug-2025 15:15,328.20001220703125,18-Sep-2025 09:15,421.4500122070313,25-Sep-2025 11:15,364.0499877929688,344,171,174,38,0.497,0.754,0.384,0.011,3,479.08,364.0499877929688,D broken,,,,,,,,,,,,,
GAIL,08-Jul-2025 09:15,195.4199981689453,07-Aug-2025 13:15,167.25,12-Sep-2025 09:15,183.7700042724609,26-Sep-2025 12:15,171.3000030517578,323,159,165,73,0.492,0.586,0.245,0.0,33,193.98,171.3000030517578,no breakout,,,,,,,,,,,,,
BHARATFORG,09-Jun-2025 11:15,1361.5999755859375,29-Aug-2025 13:15,1100.5999755859375,18-Sep-2025 09:15,1278.5,26-Sep-2025 14:15,1179.0,495,402,94,48,0.812,0.682,0.441,0.009,11,1388.44,1179.0,no breakout,,,,,,,,,,,,,
IRFC,09-Jun-2025 12:15,148.9499969482422,29-Aug-2025 09:15,117.4499969482422,18-Sep-2025 09:15,130.85000610351562,26-Sep-2025 14:15,121.55999755859376,494,397,98,48,0.804,0.425,0.307,-0.007,9,139.13,121.55999755859376,no breakout,,,,,,,,,,,,,
RECLTD,09-Jun-2025 11:15,428.7000122070313,29-Aug-2025 09:15,348.6000061035156,18-Sep-2025 09:15,390.5,26-Sep-2025 14:15,365.0499877929688,496,398,99,48,0.802,0.523,0.393,-0.015,9,416.39,365.0499877929688,STOPPED,30-Sep-2025 14:15,01-Oct-2025 09:15,383.6000061035156,2.64,06-Nov-2025 11:15,-5.12,158.0,1.77,False,0.35,-5.47,4.84,-1.13
BHARTIARTL,02-Jul-2025 11:15,2045.0999755859373,11-Aug-2025 13:15,1845.9000244140625,19-Sep-2025 14:15,1976.5999755859373,29-Sep-2025 09:15,1905.4000244140625,389,199,191,38,0.512,0.656,0.455,0.01,9,2057.37,1905.4000244140625,D broken,,,,,,,,,,,,,
KOTAKBANK,10-Jul-2025 09:15,448.53997802734375,08-Sep-2025 10:15,386.2999877929688,18-Sep-2025 11:15,412.260009765625,29-Sep-2025 11:15,394.05999755859375,335,282,54,50,0.842,0.417,0.299,0.009,13,428.3,394.05999755859375,TARGET HIT,29-Sep-2025 14:15,01-Oct-2025 09:15,406.0,1.87,06-Oct-2025 12:15,5.86,17.0,1.87,False,0.35,5.51,2.94,1.87
IDBI,30-Jun-2025 11:15,106.3000030517578,29-Aug-2025 13:15,84.36000061035156,10-Sep-2025 10:15,96.16999816894533,29-Sep-2025 12:15,88.58999633789062,350,297,54,94,0.849,0.538,0.358,0.009,40,103.47,88.58999633789062,TARGET HIT,09-Oct-2025 11:15,10-Oct-2025 09:15,93.91000366210938,2.6,28-Oct-2025 13:15,10.2,76.0,1.8,False,0.35,9.85,5.67,1.74
MCX,01-Jul-2025 11:15,1822.699951171875,29-Aug-2025 09:15,1460.800048828125,22-Sep-2025 11:15,1625.0,30-Sep-2025 11:15,1545.0999755859375,400,286,115,43,0.715,0.454,0.513,-0.022,25,1726.48,1545.0999755859375,TARGET HIT,,01-Oct-2025 11:15,1586.300048828125,2.13,09-Oct-2025 12:15,9.75,36.0,3.4,False,0.35,9.4,2.6,3.62
APARINDS,30-Jul-2025 09:15,9901.0,29-Aug-2025 09:15,7693.0,17-Sep-2025 11:15,8989.0,30-Sep-2025 13:15,8054.5,233,141,93,66,0.605,0.587,0.279,-0.012,12,9789.93,8054.5,STOPPED,01-Oct-2025 09:15,03-Oct-2025 09:15,8348.0,1.51,12-Jan-2026 09:15,-5.22,471.0,4.91,False,0.35,-5.57,3.52,-1.58
ASTRAL,18-Jun-2025 11:15,1590.5,12-Aug-2025 14:15,1264.0,10-Sep-2025 09:15,1493.300048828125,30-Sep-2025 13:15,1350.0999755859375,405,277,129,100,0.684,0.702,0.375,0.051,41,1635.01,1350.0999755859375,no breakout,,,,,,,,,,,,,
DATAPATTNS,06-Jun-2025 09:15,3267.199951171875,08-Aug-2025 11:15,2351.0,17-Sep-2025 13:15,2925.0,30-Sep-2025 14:15,2504.800048828125,502,318,185,65,0.633,0.627,0.268,0.008,10,3279.73,2504.800048828125,STOPPED,,01-Oct-2025 11:15,2633.800048828125,1.53,17-Dec-2025 13:15,-5.23,361.0,5.01,False,0.35,-5.58,4.9,-1.14
DRREDDY,12-Jun-2025 09:15,1373.800048828125,07-Aug-2025 11:15,1184.0,19-Sep-2025 09:15,1326.699951171875,30-Sep-2025 14:15,1217.800048828125,482,283,200,55,0.587,0.752,0.237,0.005,2,1414.89,1217.800048828125,no breakout,,,,,,,,,,,,,
MMTC,30-May-2025 09:15,88.11000061035156,29-Aug-2025 15:15,60.36000061035156,22-Sep-2025 10:15,73.83999633789062,30-Sep-2025 14:15,64.25,554,448,107,47,0.809,0.486,0.289,0.015,6,82.17,64.25,STOPPED,30-Sep-2025 15:15,03-Oct-2025 10:15,68.80999755859375,4.16,19-Nov-2025 09:15,-7.09,211.0,2.93,False,0.35,-7.44,6.63,-1.12
ACE,26-May-2025 14:15,1389.0,14-Aug-2025 13:15,930.0,19-Sep-2025 09:15,1169.0,01-Oct-2025 09:15,1049.0,569,406,164,57,0.714,0.521,0.498,0.066,4,1316.7,1049.0,no breakout,,,,,,,,,,,,,
TATACOMM,02-Jul-2025 14:15,1817.800048828125,29-Aug-2025 10:15,1520.5,18-Sep-2025 09:15,1745.0,01-Oct-2025 11:15,1592.0,373,277,97,66,0.743,0.755,0.318,-0.014,16,1883.74,1592.0,consolidation too wide,,,,,,,,,,,,,
AUROPHARMA,04-Jul-2025 14:15,1196.5999755859375,02-Sep-2025 13:15,1016.2999877929688,19-Sep-2025 09:15,1138.0,08-Oct-2025 15:15,1067.4000244140625,367,280,88,91,0.763,0.675,0.42,0.018,39,1213.21,1067.4000244140625,no breakout,,,,,,,,,,,,,
GRWRHITECH,05-Jun-2025 11:15,4776.89990234375,28-Aug-2025 09:15,2683.199951171875,17-Sep-2025 09:15,3577.0,09-Oct-2025 13:15,2908.0,501,405,97,110,0.808,0.427,0.252,0.026,6,4129.37,2908.0,TARGET HIT,14-Oct-2025 12:15,16-Oct-2025 09:15,3222.0,6.27,20-Nov-2025 09:15,31.61,156.0,2.89,False,0.35,31.26,9.75,3.21
INDUSTOWER,03-Jul-2025 10:15,430.0,03-Sep-2025 09:15,312.6000061035156,15-Sep-2025 09:15,369.5499877929688,14-Oct-2025 15:15,337.8500061035156,350,294,57,147,0.84,0.485,0.443,0.006,37,404.75,337.8500061035156,TARGET HIT,24-Oct-2025 14:15,27-Oct-2025 11:15,376.2000122070313,4.14,12-Nov-2025 11:15,7.97,77.0,0.74,False,0.35,7.62,10.19,0.75
LICI,30-Jun-2025 09:15,489.9750061035156,29-Aug-2025 15:15,425.1000061035156,07-Oct-2025 09:15,460.2999877929688,17-Oct-2025 13:15,442.0499877929688,477,301,177,61,0.631,0.543,0.482,0.01,27,482.05,442.0499877929688,STOPPED,27-Oct-2025 11:15,28-Oct-2025 09:15,456.7749938964844,1.73,01-Dec-2025 14:15,-3.31,166.0,1.72,False,0.35,-3.66,3.22,-1.14
OIL,16-Jun-2025 09:15,491.5,29-Aug-2025 09:15,384.6000061035156,07-Oct-2025 09:15,428.3999938964844,20-Oct-2025 09:15,405.6499938964844,546,365,182,64,0.668,0.41,0.481,0.019,26,455.47,405.6499938964844,STOPPED,20-Oct-2025 12:15,23-Oct-2025 09:15,414.8500061035156,2.03,08-Dec-2025 12:15,-2.58,220.0,4.42,False,0.35,-2.93,2.22,-1.32
AUROPHARMA,04-Jul-2025 14:15,1196.5999755859375,02-Sep-2025 13:15,1016.2999877929688,10-Oct-2025 12:15,1143.5999755859375,24-Oct-2025 14:15,1080.199951171875,468,280,189,61,0.598,0.706,0.502,0.015,10,1222.27,1080.199951171875,TARGET HIT,28-Oct-2025 14:15,31-Oct-2025 09:15,1124.0999755859375,2.21,14-Nov-2025 09:15,8.86,63.0,2.24,False,0.35,8.51,3.91,2.18
IRCTC,19-Sep-2025 09:15,738.5999755859375,30-Sep-2025 14:15,697.0999755859375,20-Oct-2025 09:15,727.7999877929688,24-Oct-2025 15:15,713.75,141,55,87,23,0.39,0.74,0.542,-0.001,6,746.77,713.75,D broken,,,,,,,,,,,,,
PIDILITIND,03-Sep-2025 09:15,1574.949951171875,01-Oct-2025 09:15,1448.9000244140625,17-Oct-2025 15:15,1544.9000244140625,29-Oct-2025 12:15,1483.5999755859375,224,141,84,42,0.629,0.762,0.361,-0.006,4,1604.23,1483.5999755859375,D broken,,,,,,,,,,,,,
TATAELXSI,18-Sep-2025 09:15,5781.0,01-Oct-2025 09:15,5177.5,27-Oct-2025 14:15,5625.0,03-Nov-2025 10:15,5395.5,176,64,113,32,0.364,0.742,0.487,-0.022,6,5901.56,5395.5,D broken,,,,,,,,,,,,,
BAJAJ-AUTO,08-Sep-2025 15:15,9475.0,03-Oct-2025 09:15,8491.5,20-Oct-2025 09:15,9235.5,04-Nov-2025 13:15,8714.0,198,121,78,70,0.611,0.756,0.299,-0.004,18,9695.29,8714.0,D broken,,,,,,,,,,,,,
MAXHEALTH,04-Jul-2025 10:15,1314.300048828125,03-Oct-2025 11:15,1060.0999755859375,23-Oct-2025 09:15,1221.800048828125,06-Nov-2025 09:15,1118.5999755859375,520,436,85,64,0.838,0.636,0.362,-0.005,11,1321.73,1118.5999755859375,D broken,,,,,,,,,,,,,
KIMS,24-Jul-2025 13:15,798.3499755859375,03-Oct-2025 11:15,676.8499755859375,29-Oct-2025 15:15,739.3499755859375,06-Nov-2025 10:15,702.75,453,335,119,31,0.74,0.514,0.414,-0.017,7,777.97,702.75,D broken,,,,,,,,,,,,,
GAIL,08-Jul-2025 09:15,195.4199981689453,07-Aug-2025 13:15,167.25,29-Oct-2025 13:15,186.4199981689453,07-Nov-2025 09:15,177.25,538,159,380,39,0.296,0.681,0.522,-0.001,9,198.27,177.25,no breakout,,,,,,,,,,,,,
PFIZER,08-Jul-2025 09:15,5891.0,26-Sep-2025 09:15,4827.0,13-Oct-2025 15:15,5550.5,07-Nov-2025 10:15,5016.0,466,390,77,110,0.837,0.68,0.261,0.0,26,5997.62,5016.0,D broken,,,,,,,,,,,,,
BECTORFOOD,06-Aug-2025 12:15,307.20001220703125,03-Oct-2025 11:15,242.3000030517578,27-Oct-2025 14:15,277.3800048828125,11-Nov-2025 09:15,255.6000061035156,376,273,104,66,0.726,0.541,0.379,-0.018,6,299.06,255.6000061035156,D broken,,,,,,,,,,,,,
NH,14-Jul-2025 10:15,2044.0,26-Sep-2025 09:15,1694.0,04-Nov-2025 10:15,1862.4000244140625,12-Nov-2025 10:15,1736.0,534,363,172,36,0.68,0.481,0.249,0.013,5,1966.47,1736.0,TARGET HIT,12-Nov-2025 14:15,17-Nov-2025 09:15,1921.9000244140625,9.38,17-Nov-2025 14:15,4.22,5.0,0.24,True,0.15,4.07,9.67,0.42
CRISIL,27-Jun-2025 09:15,6133.5,30-Sep-2025 14:15,4354.60009765625,27-Oct-2025 09:15,5060.0,13-Nov-2025 15:15,4598.0,570,461,110,91,0.809,0.397,0.345,-0.006,10,5495.94,4598.0,D broken,,,,,,,,,,,,,
VBL,30-Jul-2025 09:15,534.0499877929688,08-Oct-2025 11:15,431.6499938964844,29-Oct-2025 13:15,500.5,14-Nov-2025 09:15,449.1000061035156,426,331,96,74,0.777,0.672,0.253,0.016,12,543.05,449.1000061035156,D broken,,,,,,,,,,,,,
DCMSHRIRAM,24-Jul-2025 09:15,1499.800048828125,26-Sep-2025 12:15,1133.5,29-Oct-2025 09:15,1407.4000244140625,17-Nov-2025 10:15,1201.0,451,312,140,86,0.692,0.748,0.246,0.033,27,1576.67,1201.0,D broken,,,,,,,,,,,,,
KALYANKJIL,24-Jul-2025 14:15,617.0999755859375,29-Sep-2025 11:15,442.3500061035156,04-Nov-2025 09:15,528.3499755859375,18-Nov-2025 09:15,486.1000061035156,473,312,162,64,0.66,0.492,0.509,0.041,18,581.5,486.1000061035156,STOPPED,19-Nov-2025 11:15,20-Nov-2025 10:15,509.7999877929688,1.55,24-Nov-2025 14:15,-4.92,18.0,3.03,False,0.35,-5.27,4.65,-1.13
AJANTPHARM,30-Jul-2025 09:15,2872.39990234375,30-Sep-2025 14:15,2330.10009765625,04-Nov-2025 14:15,2622.0,18-Nov-2025 15:15,2447.0,454,298,157,65,0.656,0.538,0.4,0.015,19,2802.39,2447.0,no breakout,,,,,,,,,,,,,
INDIAMART,15-Jul-2025 09:15,2768.89990234375,20-Oct-2025 09:15,2252.5,13-Nov-2025 09:15,2521.800048828125,19-Nov-2025 11:15,2397.0,567,460,108,31,0.811,0.521,0.537,0.012,5,2688.23,2397.0,D broken,,,,,,,,,,,,,
TEGA,17-Sep-2025 15:15,2123.10009765625,17-Oct-2025 13:15,1844.5,14-Nov-2025 09:15,1994.699951171875,20-Nov-2025 11:15,1904.699951171875,263,146,118,31,0.555,0.539,0.401,-0.004,2,2087.52,1904.699951171875,D broken,,,,,,,,,,,,,
KPITTECH,18-Sep-2025 09:15,1328.0,30-Sep-2025 14:15,1074.5,13-Nov-2025 10:15,1251.699951171875,21-Nov-2025 14:15,1163.199951171875,256,62,195,47,0.242,0.699,0.501,0.012,12,1361.21,1163.199951171875,STOPPED,26-Nov-2025 11:15,01-Dec-2025 09:15,1255.699951171875,2.72,18-Dec-2025 09:15,-7.45,91.0,1.14,False,0.35,-7.8,7.37,-1.06
SUZLON,16-Jul-2025 09:15,68.29000091552734,17-Oct-2025 13:15,52.0099983215332,04-Nov-2025 11:15,61.36000061035156,21-Nov-2025 15:15,55.0,523,453,71,89,0.866,0.574,0.32,0.027,27,67.14,55.0,D broken,,,,,,,,,,,,,
ATUL,18-Sep-2025 09:15,6580.0,10-Nov-2025 09:15,5660.0,18-Nov-2025 11:15,6252.0,28-Nov-2025 10:15,5848.5,278,234,45,56,0.842,0.643,0.318,0.009,10,6617.86,5848.5,D broken,,,,,,,,,,,,,
ABB,18-Sep-2025 09:15,5470.0,13-Nov-2025 13:15,4898.0,27-Nov-2025 15:15,5264.5,03-Dec-2025 14:15,5088.5,331,259,73,28,0.782,0.641,0.52,-0.009,6,5491.0,5088.5,D broken,,,,,,,,,,,,,
KEI,15-Oct-2025 15:15,4450.0,07-Nov-2025 10:15,3856.800048828125,28-Nov-2025 09:15,4205.89990234375,09-Dec-2025 10:15,3987.0,200,96,105,51,0.48,0.589,0.373,0.001,25,4421.64,3987.0,D broken,,,,,,,,,,,,,
DABUR,04-Sep-2025 09:15,576.5999755859375,09-Oct-2025 09:15,479.2999877929688,17-Nov-2025 09:15,529.9000244140625,12-Dec-2025 15:15,494.0,337,167,171,140,0.496,0.52,0.291,0.004,39,561.17,494.0,D broken,,,,,,,,,,,,,
COALINDIA,17-Sep-2025 09:15,401.8999938964844,25-Nov-2025 15:15,369.6499938964844,12-Dec-2025 09:15,385.75,16-Dec-2025 11:15,378.3500061035156,409,324,86,17,0.792,0.499,0.54,0.001,6,395.7,378.3500061035156,target already reached at breakout,,,,,,,,,,,,,
ESCORTS,04-Sep-2025 09:15,4170.10009765625,30-Sep-2025 09:15,3404.89990234375,01-Dec-2025 11:15,3907.0,22-Dec-2025 09:15,3551.199951171875,411,127,285,104,0.309,0.656,0.291,-0.002,5,4217.3,3551.199951171875,STOPPED,22-Dec-2025 13:15,23-Dec-2025 09:15,3735.5,2.85,20-Jan-2026 09:15,-6.17,126.0,2.61,False,0.35,-6.52,4.93,-1.32
GLAXO,11-Sep-2025 11:15,2879.0,24-Nov-2025 12:15,2405.0,11-Dec-2025 15:15,2633.10009765625,23-Dec-2025 12:15,2485.0,434,340,95,54,0.783,0.481,0.351,0.003,14,2774.07,2485.0,D broken,,,,,,,,,,,,,
MARICO,18-Nov-2025 09:15,765.25,04-Dec-2025 09:15,707.7000122070312,16-Dec-2025 09:15,750.5,23-Dec-2025 13:15,727.75,141,85,57,40,0.603,0.744,0.468,0.013,19,776.95,727.75,no breakout,,,,,,,,,,,,,
KSB,17-Sep-2025 12:15,874.2000122070312,21-Nov-2025 10:15,701.2999877929688,22-Dec-2025 09:15,810.0,30-Dec-2025 11:15,727.0999755859375,448,302,147,38,0.674,0.629,0.237,0.001,2,877.18,727.0999755859375,D broken,,,,,,,,,,,,,
ICICIBANK,17-Oct-2025 14:15,1439.5999755859375,06-Nov-2025 12:15,1317.5,01-Dec-2025 10:15,1399.699951171875,30-Dec-2025 13:15,1338.0999755859375,195,78,118,144,0.4,0.673,0.251,0.001,27,1450.5,1338.0999755859375,D broken,,,,,,,,,,,,,
VOLTAS,23-Oct-2025 09:15,1463.800048828125,06-Nov-2025 14:15,1288.199951171875,18-Dec-2025 12:15,1425.9000244140625,31-Dec-2025 09:15,1343.699951171875,277,69,209,54,0.249,0.784,0.403,-0.011,23,1511.0,1343.699951171875,TARGET HIT,31-Dec-2025 10:15,02-Jan-2026 09:15,1417.699951171875,2.41,07-Jan-2026 13:15,7.04,25.0,1.26,False,0.35,6.69,5.22,1.28
PRUDENT,17-Sep-2025 09:15,3035.0,21-Nov-2025 15:15,2408.800048828125,19-Dec-2025 10:15,2759.0,02-Jan-2026 09:15,2512.39990234375,445,310,136,63,0.697,0.559,0.296,0.017,2,2975.42,2512.39990234375,STOPPED,02-Jan-2026 11:15,05-Jan-2026 09:15,2637.5,1.68,09-Jan-2026 13:15,-4.75,32.0,2.7,False,0.35,-5.1,4.74,-1.08
PARADEEP,07-Oct-2025 09:15,201.41000366210935,09-Dec-2025 09:15,148.39999389648438,30-Dec-2025 10:15,170.5,07-Jan-2026 09:15,155.3000030517578,396,297,100,42,0.75,0.417,0.312,0.003,10,184.16,155.3000030517578,D broken,,,,,,,,,,,,,
LALPATHLAB,19-Nov-2025 09:15,1652.0999755859375,19-Dec-2025 10:15,1348.0,01-Jan-2026 14:15,1519.9000244140625,07-Jan-2026 11:15,1446.5,216,156,61,26,0.722,0.565,0.573,-0.027,13,1626.13,1446.5,D broken,,,,,,,,,,,,,
KFINTECH,28-Oct-2025 09:15,1214.4000244140625,09-Dec-2025 09:15,1018.0,24-Dec-2025 10:15,1115.800048828125,08-Jan-2026 11:15,1052.5999755859375,282,204,79,72,0.723,0.498,0.354,-0.003,15,1176.24,1052.5999755859375,D broken,,,,,,,,,,,,,
SARDAEN,15-Sep-2025 13:15,638.8499755859375,09-Dec-2025 09:15,456.3500061035156,24-Dec-2025 14:15,537.5,08-Jan-2026 11:15,484.0,480,398,83,68,0.829,0.445,0.341,0.017,21,587.65,484.0,D broken,,,,,,,,,,,,,
DEEPAKNTR,24-Sep-2025 13:15,1904.0,03-Dec-2025 10:15,1514.0,29-Dec-2025 12:15,1799.0,09-Jan-2026 09:15,1589.0,443,322,122,61,0.727,0.731,0.263,0.02,5,1975.13,1589.0,D broken,,,,,,,,,,,,,
SCI,24-Oct-2025 15:15,280.2900085449219,19-Dec-2025 11:15,203.33999633789065,05-Jan-2026 09:15,237.25999450683597,09-Jan-2026 09:15,214.94000244140625,338,270,69,29,0.799,0.441,0.342,-0.019,5,258.22,214.94000244140625,D broken,,,,,,,,,,,,,
SMARTWORKS,04-Nov-2025 09:15,618.1500244140625,09-Dec-2025 09:15,423.1000061035156,02-Jan-2026 09:15,527.4000244140625,09-Jan-2026 09:15,462.6499938964844,288,169,120,36,0.587,0.535,0.379,-0.013,8,591.86,462.6499938964844,D broken,,,,,,,,,,,,,
HUDCO,18-Nov-2025 09:15,246.83999633789065,18-Dec-2025 09:15,204.0800018310547,05-Jan-2026 09:15,232.2100067138672,12-Jan-2026 09:15,210.97000122070312,232,155,78,36,0.668,0.658,0.245,-0.038,8,249.59,210.97000122070312,D broken,,,,,,,,,,,,,
GRASIM,29-Oct-2025 09:15,2977.800048828125,07-Nov-2025 09:15,2676.10009765625,05-Jan-2026 10:15,2893.0,12-Jan-2026 10:15,2738.89990234375,324,43,282,36,0.133,0.719,0.29,0.007,6,3027.04,2738.89990234375,D broken,,,,,,,,,,,,,
DALBHARAT,17-Sep-2025 09:15,2496.199951171875,10-Dec-2025 15:15,1934.199951171875,29-Dec-2025 09:15,2196.89990234375,12-Jan-2026 11:15,2020.699951171875,479,401,79,73,0.837,0.467,0.329,0.01,25,2359.25,2020.699951171875,STOPPED,12-Jan-2026 13:15,13-Jan-2026 09:15,2100.800048828125,1.54,27-Feb-2026 09:15,-3.87,210.0,3.23,False,0.35,-4.22,3.81,-1.11
OBEROIRLTY,04-Nov-2025 09:15,1829.199951171875,08-Dec-2025 13:15,1595.0999755859375,05-Jan-2026 11:15,1757.0999755859375,12-Jan-2026 11:15,1638.0999755859375,297,166,132,36,0.559,0.692,0.265,0.012,8,1857.22,1638.0999755859375,D broken,,,,,,,,,,,,,
BLUESTARCO,24-Oct-2025 10:15,2032.9000244140625,31-Dec-2025 09:15,1688.0,05-Jan-2026 12:15,1876.9000244140625,13-Jan-2026 10:15,1760.5999755859375,346,322,25,41,0.931,0.548,0.384,0.008,12,1993.64,1760.5999755859375,D broken,,,,,,,,,,,,,
HBLENGINE,10-Nov-2025 09:15,1121.5,17-Dec-2025 15:15,760.2000122070312,05-Jan-2026 11:15,984.7000122070312,13-Jan-2026 14:15,835.0,276,196,81,46,0.71,0.621,0.333,-0.002,5,1123.44,835.0,STOPPED,14-Jan-2026 11:15,14-Jan-2026 13:15,869.3499755859375,2.68,16-Jan-2026 09:15,-9.44,3.0,7.4,False,0.35,-9.79,3.95,-2.48
USHAMART,10-Nov-2025 10:15,497.1000061035156,25-Nov-2025 14:15,410.5,06-Jan-2026 09:15,469.5499877929688,13-Jan-2026 14:15,428.2999877929688,280,82,199,41,0.293,0.682,0.301,0.02,4,506.04,428.2999877929688,D broken,,,,,,,,,,,,,
ESCORTS,04-Sep-2025 09:15,4170.10009765625,30-Sep-2025 09:15,3404.89990234375,06-Jan-2026 09:15,3983.300048828125,14-Jan-2026 09:15,3655.0,584,127,458,43,0.217,0.756,0.432,-0.005,2,4340.75,3655.0,D broken,,,,,,,,,,,,,
HAL,17-Oct-2025 09:15,4977.0,09-Dec-2025 09:15,4187.2998046875,08-Jan-2026 10:15,4578.5,16-Jan-2026 13:15,4370.0,389,241,149,39,0.62,0.495,0.467,-0.004,15,4820.26,4370.0,D broken,,,,,,,,,,,,,
FACT,17-Sep-2025 09:15,1026.0,09-Dec-2025 09:15,775.3499755859375,30-Dec-2025 09:15,932.5,19-Jan-2026 09:15,823.7000122070312,486,388,99,92,0.798,0.627,0.308,-0.001,15,1029.62,823.7000122070312,D broken,,,,,,,,,,,,,
THERMAX,28-Oct-2025 09:15,3352.10009765625,08-Dec-2025 13:15,2744.0,08-Jan-2026 09:15,3115.60009765625,21-Jan-2026 09:15,2850.60009765625,351,201,151,57,0.573,0.611,0.287,0.022,6,3345.25,2850.60009765625,D broken,,,,,,,,,,,,,
SOLARINDS,17-Sep-2025 09:15,14909.0,18-Dec-2025 09:15,11647.0,08-Jan-2026 10:15,13722.0,21-Jan-2026 10:15,12351.0,536,437,100,57,0.815,0.636,0.339,0.011,20,15004.35,12351.0,TARGET HIT,21-Jan-2026 14:15,22-Jan-2026 09:15,12783.0,1.95,06-Mar-2026 09:15,19.63,196.0,5.14,False,0.35,19.28,3.38,5.7
JSWENERGY,07-Oct-2025 12:15,557.4000244140625,09-Dec-2025 09:15,442.7000122070313,05-Jan-2026 12:15,524.0999755859375,21-Jan-2026 11:15,471.1000061035156,423,294,130,77,0.695,0.71,0.349,0.029,24,574.41,471.1000061035156,STOPPED,21-Jan-2026 15:15,22-Jan-2026 09:15,488.7999877929688,2.09,27-Jan-2026 09:15,-9.13,14.0,4.84,False,0.35,-9.48,3.62,-2.62
JKLAKSHMI,03-Nov-2025 09:15,884.9500122070312,12-Jan-2026 09:15,726.2999877929688,16-Jan-2026 15:15,810.0,21-Jan-2026 13:15,759.5999755859375,364,337,28,20,0.926,0.528,0.398,0.007,7,861.73,759.5999755859375,STOPPED,22-Jan-2026 09:15,22-Jan-2026 10:15,796.9500122070312,1.47,04-Feb-2026 09:15,-9.76,48.0,1.73,False,0.35,-10.11,4.69,-2.16
CRISIL,27-Oct-2025 09:15,5060.0,30-Dec-2025 14:15,4160.2001953125,14-Jan-2026 11:15,4867.2998046875,27-Jan-2026 09:15,4418.0,388,314,75,48,0.809,0.786,0.365,0.011,13,5304.29,4418.0,STOPPED,,28-Jan-2026 09:15,4602.89990234375,3.09,13-Feb-2026 09:15,-5.15,78.0,3.79,False,0.35,-5.5,4.02,-1.37
HINDUNILVR,23-Oct-2025 10:15,2666.89990234375,12-Dec-2025 09:15,2245.89990234375,20-Jan-2026 10:15,2439.0,29-Jan-2026 10:15,2312.300048828125,421,245,177,43,0.582,0.459,0.344,0.015,18,2558.34,2312.300048828125,STOPPED,04-Feb-2026 13:15,05-Feb-2026 09:15,2408.800048828125,1.59,13-Feb-2026 14:15,-4.48,47.0,1.55,False,0.35,-4.83,4.01,-1.2
GOODLUCK,03-Oct-2025 09:15,449.6666564941406,27-Jan-2026 10:15,329.1333312988281,04-Feb-2026 11:15,393.0,12-Feb-2026 11:15,358.6666564941406,572,536,37,43,0.937,0.53,0.462,0.028,9,432.47,358.6666564941406,STOPPED,12-Feb-2026 13:15,16-Feb-2026 09:15,383.6000061035156,6.06,05-Mar-2026 11:15,-6.55,86.0,1.96,False,0.35,-6.9,6.5,-1.06
FLUOROCHEM,09-Oct-2025 14:15,3795.0,28-Jan-2026 11:15,2916.60009765625,10-Feb-2026 09:15,3550.0,13-Feb-2026 09:15,3247.0,566,511,56,22,0.903,0.721,0.522,-0.039,3,3941.44,3247.0,STOPPED,,13-Feb-2026 14:15,3396.5,2.15,04-Mar-2026 09:15,-4.6,79.0,3.65,False,0.35,-4.95,4.4,-1.12
INDHOTEL,02-Jan-2026 12:15,751.2000122070312,27-Jan-2026 09:15,634.1500244140625,12-Feb-2026 14:15,713.9000244140625,20-Feb-2026 09:15,666.4500122070312,186,103,84,38,0.554,0.681,0.405,-0.029,8,763.19,666.4500122070312,D broken,,,,,,,,,,,,,
SHYAMMETL,06-Oct-2025 09:15,983.9500122070312,27-Jan-2026 09:15,756.0,11-Feb-2026 10:15,911.8499755859376,24-Feb-2026 11:15,823.9000244140625,599,528,72,65,0.881,0.684,0.436,0.021,15,1008.17,823.9000244140625,STOPPED,,25-Feb-2026 09:15,848.0,2.06,04-Mar-2026 09:15,-4.83,28.0,6.65,False,0.35,-5.18,2.84,-1.82
STARHEALTH,17-Nov-2025 09:15,533.8499755859375,27-Jan-2026 09:15,416.8500061035156,11-Feb-2026 12:15,488.2000122070313,24-Feb-2026 12:15,450.5499877929688,410,337,74,64,0.822,0.61,0.472,0.016,15,532.29,450.5499877929688,STOPPED,,25-Feb-2026 09:15,467.5,2.6,09-Mar-2026 09:15,-4.86,49.0,3.82,False,0.35,-5.21,3.63,-1.44
CEATLTD,23-Oct-2025 09:15,4438.0,21-Jan-2026 10:15,3502.10009765625,11-Feb-2026 12:15,4128.2998046875,24-Feb-2026 13:15,3683.5,522,429,94,65,0.822,0.669,0.29,0.009,13,4515.29,3683.5,D broken,,,,,,,,,,,,,
WELCORP,03-Nov-2025 09:15,992.7999877929688,27-Jan-2026 14:15,715.0999755859375,10-Feb-2026 09:15,844.9000244140625,24-Feb-2026 13:15,770.0,463,405,59,75,0.875,0.467,0.423,0.014,11,925.12,770.0,STOPPED,25-Feb-2026 09:15,26-Feb-2026 09:15,820.2000122070312,2.78,23-Mar-2026 10:15,-6.46,113.0,2.09,False,0.35,-6.81,6.12,-1.11
DLF,29-Oct-2025 13:15,786.5,23-Jan-2026 15:15,586.6500244140625,10-Feb-2026 09:15,676.4500122070312,24-Feb-2026 14:15,608.3499755859375,481,416,66,76,0.865,0.449,0.242,-0.025,4,731.95,608.3499755859375,D broken,,,,,,,,,,,,,
LALPATHLAB,19-Nov-2025 09:15,1652.0999755859375,21-Jan-2026 09:15,1345.5,11-Feb-2026 10:15,1474.0,27-Feb-2026 09:15,1377.5,394,302,93,84,0.766,0.419,0.249,-0.016,3,1553.41,1377.5,D broken,,,,,,,,,,,,,
TATAPOWER,30-Oct-2025 09:15,413.25,27-Jan-2026 09:15,342.6000061035156,26-Feb-2026 10:15,385.3500061035156,02-Mar-2026 13:15,362.0,563,414,150,18,0.735,0.605,0.454,0.007,2,411.77,362.0,TARGET HIT,04-Mar-2026 12:15,05-Mar-2026 09:15,375.0499877929688,2.85,20-Mar-2026 09:15,10.68,77.0,2.81,False,0.35,10.33,3.48,2.97
BAJFINANCE,23-Oct-2025 09:15,1102.0,27-Jan-2026 14:15,907.75,23-Feb-2026 12:15,1045.800048828125,04-Mar-2026 09:15,941.7000122070312,578,454,125,40,0.785,0.711,0.246,0.011,5,1131.11,941.7000122070312,D broken,,,,,,,,,,,,,
GMRAIRPORT,05-Jan-2026 09:15,108.0199966430664,27-Jan-2026 12:15,89.3499984741211,25-Feb-2026 10:15,103.01000213623048,04-Mar-2026 09:15,92.61000061035156,240,102,139,28,0.425,0.732,0.239,-0.018,2,111.45,92.61000061035156,D broken,,,,,,,,,,,,,
TRAVELFOOD,27-Nov-2025 10:15,1442.699951171875,27-Jan-2026 09:15,1035.4000244140625,23-Feb-2026 09:15,1277.699951171875,04-Mar-2026 09:15,1137.5,407,280,128,43,0.688,0.595,0.421,0.027,21,1427.44,1137.5,STOPPED,,05-Mar-2026 09:15,1180.0,1.96,09-Mar-2026 10:15,-3.7,15.0,5.82,False,0.35,-4.05,3.6,-1.12
GODREJPROP,27-Oct-2025 11:15,2352.0,27-Jan-2026 12:15,1476.199951171875,18-Feb-2026 14:15,1894.4000244140625,04-Mar-2026 13:15,1647.0,543,436,108,63,0.803,0.478,0.408,-0.036,15,2152.85,1647.0,STOPPED,05-Mar-2026 09:15,05-Mar-2026 14:15,1745.0,3.19,09-Mar-2026 09:15,-6.29,9.0,4.16,False,0.35,-6.64,5.62,-1.18
ENDURANCE,21-Oct-2025 13:15,2990.0,27-Jan-2026 09:15,2301.0,24-Feb-2026 15:15,2700.0,04-Mar-2026 15:15,2490.0,590,451,140,36,0.764,0.579,0.474,0.01,8,2946.58,2490.0,D broken,,,,,,,,,,,,,
ICICIGI,13-Nov-2025 09:15,2063.699951171875,27-Jan-2026 09:15,1780.199951171875,18-Feb-2026 09:15,1978.0999755859373,05-Mar-2026 11:15,1841.4000244140625,456,351,106,73,0.77,0.698,0.309,-0.003,25,2100.4,1841.4000244140625,D broken,,,,,,,,,,,,,
CASTROLIND,05-Jan-2026 09:15,195.6999969482422,21-Jan-2026 10:15,180.66000366210935,19-Feb-2026 09:15,190.1000061035156,09-Mar-2026 09:15,184.5,212,79,134,78,0.373,0.628,0.407,0.001,24,195.93,184.5,no breakout,,,,,,,,,,,,,
PVRINOX,30-Oct-2025 14:15,1249.5999755859375,27-Jan-2026 09:15,919.5,11-Feb-2026 14:15,1113.75,09-Mar-2026 09:15,982.7999877929688,484,409,76,115,0.845,0.588,0.326,0.001,36,1233.8,982.7999877929688,D broken,,,,,,,,,,,,,
CESC,05-Jan-2026 09:15,177.47999572753906,27-Jan-2026 09:15,138.25999450683594,13-Mar-2026 09:15,165.38999938964844,23-Mar-2026 11:15,147.11000061035156,316,99,218,45,0.313,0.692,0.326,0.009,7,182.16,147.11000061035156,no breakout,,,,,,,,,,,,,
BSOFT,11-Feb-2026 09:15,472.7999877929688,30-Mar-2026 09:15,325.04998779296875,08-Apr-2026 09:15,382.7999877929688,13-Apr-2026 09:15,355.3500061035156,253,218,36,22,0.862,0.391,0.525,-0.001,5,418.49,355.3500061035156,STOPPED,,15-Apr-2026 09:15,378.3500061035156,3.64,11-May-2026 09:15,-6.45,115.0,1.75,False,0.35,-6.8,6.08,-1.12
SBILIFE,23-Feb-2026 09:15,2131.800048828125,02-Apr-2026 11:15,1728.0999755859375,16-Apr-2026 10:15,1990.699951171875,23-Apr-2026 11:15,1807.699951171875,233,178,56,33,0.764,0.65,0.303,-0.005,4,2152.99,1807.699951171875,D broken,,,,,,,,,,,,,
M&M,05-Jan-2026 10:15,3839.89990234375,16-Mar-2026 10:15,2896.699951171875,15-Apr-2026 10:15,3301.89990234375,23-Apr-2026 14:15,3032.89990234375,449,323,127,43,0.719,0.43,0.336,-0.025,9,3552.31,3032.89990234375,STOPPED,27-Apr-2026 09:15,29-Apr-2026 09:15,3175.5,2.94,01-Jun-2026 09:15,-5.42,147.0,2.64,False,0.35,-5.77,4.49,-1.29
MFSL,23-Feb-2026 09:15,1892.0,02-Apr-2026 11:15,1433.5999755859375,16-Apr-2026 09:15,1722.4000244140625,24-Apr-2026 11:15,1566.5999755859375,232,178,55,41,0.767,0.63,0.461,-0.03,6,1900.88,1566.5999755859375,STOPPED,05-May-2026 14:15,06-May-2026 09:15,1635.300048828125,2.45,03-Jun-2026 09:15,-4.64,133.0,3.87,False,0.35,-4.99,4.2,-1.19
IEX,09-Jan-2026 09:15,160.24000549316406,30-Mar-2026 15:15,114.5999984741211,17-Apr-2026 13:15,136.75999450683594,24-Apr-2026 13:15,122.33999633789062,439,364,76,32,0.829,0.486,0.349,0.025,9,150.45,122.33999633789062,STOPPED,27-Apr-2026 11:15,27-Apr-2026 12:15,126.44000244140624,1.66,18-May-2026 09:15,-3.41,95.0,5.86,False,0.35,-3.76,3.24,-1.16
TATAELXSI,08-Jan-2026 09:15,5947.5,30-Mar-2026 15:15,3968.60009765625,17-Apr-2026 09:15,4753.60009765625,24-Apr-2026 14:15,4157.7001953125,442,371,72,37,0.839,0.397,0.241,-0.008,6,5238.73,4157.7001953125,D broken,,,,,,,,,,,,,
TEGA,22-Dec-2025 11:15,2010.0,23-Mar-2026 10:15,1560.800048828125,16-Apr-2026 15:15,1770.0,30-Apr-2026 10:15,1636.199951171875,523,420,104,62,0.803,0.466,0.36,-0.0,11,1899.29,1636.199951171875,STOPPED,30-Apr-2026 12:15,04-May-2026 09:15,1696.4000244140625,1.98,05-May-2026 10:15,-3.79,8.0,3.37,False,0.35,-4.14,3.55,-1.17
BALKRISIND,10-Feb-2026 09:15,2775.0,24-Mar-2026 10:15,2015.4000244140625,17-Apr-2026 11:15,2365.0,30-Apr-2026 11:15,2137.199951171875,304,205,100,60,0.674,0.46,0.348,-0.005,15,2581.05,2137.199951171875,D broken,,,,,,,,,,,,,
CANBK,26-Feb-2026 09:15,162.8699951171875,02-Apr-2026 09:15,121.8499984741211,22-Apr-2026 11:15,146.8800048828125,30-Apr-2026 11:15,133.47000122070312,237,155,83,43,0.654,0.61,0.464,0.004,4,162.35,133.47000122070312,STOPPED,,04-May-2026 09:15,137.0,1.71,11-May-2026 09:15,-3.4,35.0,7.18,False,0.35,-3.75,2.58,-1.45
INDIGO,11-Feb-2026 11:15,5056.0,23-Mar-2026 11:15,3895.300048828125,21-Apr-2026 09:15,4748.10009765625,30-Apr-2026 11:15,4174.0,303,190,114,52,0.627,0.735,0.327,0.018,7,5275.13,4174.0,TARGET HIT,05-May-2026 15:15,06-May-2026 09:15,4378.89990234375,3.31,25-Jun-2026 09:15,23.65,245.0,4.37,False,0.35,23.3,4.68,4.98
SHREECEM,06-Jan-2026 11:15,28075.0,23-Mar-2026 14:15,22560.0,21-Apr-2026 10:15,25890.0,30-Apr-2026 11:15,23800.0,466,355,112,51,0.762,0.604,0.372,0.03,11,27947.94,23800.0,STOPPED,30-Apr-2026 15:15,04-May-2026 09:15,24745.0,1.87,08-Jun-2026 09:15,-3.9,168.0,3.39,False,0.35,-4.25,3.82,-1.11
APOLLOTYRE,11-Feb-2026 09:15,523.2000122070312,16-Mar-2026 10:15,393.4500122070313,17-Apr-2026 11:15,448.9500122070313,30-Apr-2026 13:15,407.2999877929688,297,156,142,62,0.525,0.428,0.25,0.019,14,483.25,407.2999877929688,D broken,,,,,,,,,,,,,
AMBUJACEM,05-Jan-2026 09:15,572.9500122070312,23-Mar-2026 14:15,394.0499877929688,27-Apr-2026 13:15,468.7999877929688,05-May-2026 11:15,431.5,506,364,143,34,0.719,0.418,0.501,0.013,7,515.0,431.5,STOPPED,,06-May-2026 09:15,441.4500122070313,1.73,12-May-2026 13:15,-2.9,32.0,7.39,False,0.35,-3.25,2.25,-1.44
CHOICEIN,05-Jan-2026 10:15,860.5,23-Mar-2026 12:15,568.7000122070312,21-Apr-2026 10:15,736.0,05-May-2026 11:15,653.0,473,360,114,65,0.761,0.573,0.504,0.025,7,839.39,653.0,STOPPED,,06-May-2026 09:15,670.1500244140625,2.16,08-Jun-2026 13:15,-2.81,158.0,9.87,False,0.35,-3.16,2.56,-1.23
UNOMINDA,05-Jan-2026 10:15,1354.800048828125,16-Mar-2026 10:15,994.0,29-Apr-2026 09:15,1164.0,05-May-2026 12:15,1067.0,514,323,192,25,0.628,0.471,0.429,0.022,3,1269.06,1067.0,STOPPED,06-May-2026 09:15,06-May-2026 13:15,1120.0,1.51,18-May-2026 14:15,-4.76,57.0,2.81,False,0.35,-5.11,4.73,-1.08
SJVN,05-Jan-2026 09:15,88.79000091552734,30-Mar-2026 15:15,63.09999847412109,29-Apr-2026 09:15,82.79000091552734,12-May-2026 14:15,74.01000213623047,515,392,124,62,0.761,0.766,0.554,0.057,22,94.96,74.01000213623047,STOPPED,13-May-2026 11:15,14-May-2026 09:15,76.98999786376953,1.7,18-May-2026 09:15,-6.1,14.0,6.03,False,0.35,-6.45,3.87,-1.67
CRISIL,14-Jan-2026 11:15,4867.2998046875,02-Apr-2026 10:15,3686.0,21-Apr-2026 09:15,4455.5,13-May-2026 09:15,3992.699951171875,423,351,73,106,0.83,0.651,0.399,0.008,37,4931.05,3992.699951171875,STOPPED,19-May-2026 09:15,20-May-2026 09:15,4177.2001953125,1.49,27-May-2026 11:15,-4.51,37.0,4.09,False,0.35,-4.86,4.42,-1.1
CUB,03-Feb-2026 09:15,235.91249084472656,16-Mar-2026 09:15,169.83749389648438,28-Apr-2026 09:15,219.74249267578125,13-May-2026 09:15,181.8374938964844,382,197,186,71,0.516,0.755,0.24,0.046,17,250.58,181.8374938964844,no breakout,,,,,,,,,,,,,
EIDPARRY,26-Dec-2025 12:15,1079.800048828125,23-Mar-2026 12:15,752.0,23-Apr-2026 09:15,913.5999755859376,13-May-2026 09:15,798.25,526,400,127,92,0.76,0.493,0.286,0.04,38,1013.47,798.25,D broken,,,,,,,,,,,,,
INDHOTEL,02-Jan-2026 12:15,751.2000122070312,02-Apr-2026 09:15,565.2999877929688,08-May-2026 14:15,678.2000122070312,13-May-2026 09:15,622.5999755859375,567,405,163,17,0.714,0.607,0.508,0.024,3,747.97,622.5999755859375,no breakout,,,,,,,,,,,,,
RELIANCE,05-Jan-2026 09:15,1611.5999755859375,06-Apr-2026 12:15,1290.0,05-May-2026 09:15,1473.0999755859375,13-May-2026 09:15,1352.699951171875,536,410,127,43,0.765,0.569,0.342,-0.015,2,1586.26,1352.699951171875,D broken,,,,,,,,,,,,,
BAJAJHLDNG,23-Feb-2026 13:15,11627.0,02-Apr-2026 09:15,8595.0,08-May-2026 13:15,10840.0,14-May-2026 09:15,9942.0,333,172,162,25,0.517,0.74,0.6,0.037,4,12227.41,9942.0,STOPPED,20-May-2026 13:15,21-May-2026 09:15,10655.0,1.79,08-Jun-2026 14:15,-7.37,82.0,2.21,False,0.35,-7.72,6.69,-1.15
AEGISVOPAK,25-Feb-2026 10:15,240.0,30-Mar-2026 15:15,159.00999450683594,07-May-2026 10:15,220.94000244140625,14-May-2026 10:15,190.57000732421875,312,153,160,36,0.49,0.765,0.51,0.075,3,259.21,190.57000732421875,STOPPED,,14-May-2026 14:15,200.92999267578125,2.93,03-Jun-2026 11:15,-5.46,88.0,5.63,False,0.35,-5.81,5.16,-1.13
VMM,19-Dec-2025 14:15,139.36000061035156,23-Mar-2026 11:15,98.8000030517578,28-Apr-2026 12:15,129.39999389648438,14-May-2026 13:15,112.06999969482422,576,425,152,79,0.738,0.754,0.434,0.057,28,148.31,112.06999969482422,STOPPED,14-May-2026 15:15,18-May-2026 11:15,121.3499984741211,1.89,17-Jul-2026 09:15,-7.99,292.0,2.91,False,0.35,-8.34,7.65,-1.09
3MINDIA,10-Feb-2026 10:15,38000.0,02-Apr-2026 09:15,28730.0,27-Apr-2026 13:15,33895.0,18-May-2026 09:15,30280.0,343,238,106,95,0.694,0.557,0.3,-0.006,19,37086.97,30280.0,consolidation too wide,,,,,,,,,,,,,
IDFCFIRSTB,02-Jan-2026 09:15,86.93000030517578,02-Apr-2026 10:15,58.09999847412109,08-May-2026 14:15,71.43000030517578,18-May-2026 09:15,66.19999694824219,569,408,162,38,0.717,0.462,0.608,0.057,11,79.67,66.19999694824219,TARGET HIT,21-May-2026 14:15,27-May-2026 15:15,71.76000213623047,1.44,22-Jun-2026 11:15,13.02,115.0,1.42,False,0.35,12.67,7.75,1.63
SAGILITY,19-Jan-2026 11:15,54.16999816894531,23-Mar-2026 12:15,35.88999938964844,11-May-2026 11:15,45.38999938964844,18-May-2026 09:15,40.08000183105469,501,296,206,34,0.591,0.52,0.441,0.01,2,51.26,40.08000183105469,no breakout,,,,,,,,,,,,,
ABFRL,02-Jan-2026 14:15,78.80000305175781,30-Mar-2026 15:15,53.72999954223633,07-May-2026 12:15,69.08000183105469,18-May-2026 10:15,60.52000045776367,556,395,162,48,0.71,0.612,0.442,0.047,12,78.57,60.52000045776367,STOPPED,20-May-2026 13:15,21-May-2026 09:15,64.05999755859375,2.2,03-Jun-2026 10:15,-5.87,57.0,4.1,False,0.35,-6.22,5.53,-1.12
IRFC,06-Jan-2026 09:15,129.72999572753906,30-Mar-2026 14:15,87.05000305175781,23-Apr-2026 09:15,108.37999725341795,18-May-2026 10:15,95.16999816894533,480,384,97,114,0.8,0.5,0.381,0.037,48,121.56,95.16999816894533,no breakout,,,,,,,,,,,,,
NBCC,29-Dec-2025 09:15,125.52999877929688,30-Mar-2026 14:15,77.18000030517578,08-May-2026 11:15,101.9499969482422,18-May-2026 10:15,89.83000183105469,594,426,169,42,0.717,0.512,0.511,0.067,15,117.26,89.83000183105469,STOPPED,,19-May-2026 09:15,93.41000366210938,1.91,14-Aug-2026 12:15,-4.03,429.0,6.66,False,0.35,-4.38,3.83,-1.14
SONATSOFTW,07-Jan-2026 14:15,374.3999938964844,30-Mar-2026 15:15,208.3000030517578,08-May-2026 13:15,307.75,18-May-2026 10:15,252.5,542,373,170,40,0.688,0.599,0.444,0.088,6,369.21,252.5,STOPPED,18-May-2026 15:15,19-May-2026 09:15,268.5,3.29,01-Oct-2026 12:15,-6.03,661.0,6.29,False,0.35,-6.38,5.96,-1.07
PAYTM,05-Jan-2026 09:15,1357.0,30-Mar-2026 15:15,939.7999877929688,08-May-2026 11:15,1222.9000244140625,18-May-2026 11:15,1082.300048828125,560,393,168,43,0.702,0.679,0.503,0.05,2,1397.86,1082.300048828125,STOPPED,18-May-2026 15:15,20-May-2026 10:15,1133.5999755859375,1.89,02-Jun-2026 09:15,-6.27,55.0,5.15,False,0.35,-6.62,4.53,-1.46
SMARTWORKS,02-Jan-2026 09:15,527.4000244140625,30-Mar-2026 15:15,362.0499877929688,08-May-2026 11:15,479.7000122070313,18-May-2026 15:15,418.0,566,399,168,47,0.705,0.712,0.476,0.056,14,552.41,418.0,TARGET HIT,19-May-2026 10:15,20-May-2026 10:15,435.9500122070313,2.08,25-Aug-2026 09:15,28.46,468.0,6.49,False,0.35,28.11,4.12,6.82
FIEMIND,11-Feb-2026 15:15,2555.300048828125,30-Mar-2026 11:15,1890.0999755859373,08-May-2026 10:15,2323.0,20-May-2026 09:15,2088.199951171875,384,214,171,56,0.557,0.651,0.458,0.057,4,2590.53,2088.199951171875,consolidation too wide,,,,,,,,,,,,,
SHREECEM,06-Jan-2026 11:15,28075.0,23-Mar-2026 14:15,22560.0,07-May-2026 12:15,25960.0,20-May-2026 09:15,23990.0,545,355,191,61,0.651,0.617,0.421,0.036,17,28061.2,23990.0,no breakout,,,,,,,,,,,,,
JKLAKSHMI,16-Jan-2026 15:15,810.0,30-Mar-2026 15:15,553.75,11-May-2026 13:15,686.0,21-May-2026 14:15,602.7000122070312,506,330,177,58,0.652,0.516,0.37,0.057,16,767.73,602.7000122070312,D broken,,,,,,,,,,,,,
JSL,07-Jan-2026 09:15,883.2999877929688,16-Mar-2026 10:15,674.2999877929688,21-Apr-2026 09:15,801.7999877929688,26-May-2026 09:15,722.5499877929688,460,311,150,169,0.676,0.61,0.378,0.032,41,880.59,722.5499877929688,D broken,,,,,,,,,,,,,
DABUR,05-Jan-2026 09:15,533.7000122070312,02-Apr-2026 09:15,403.3500061035156,08-May-2026 11:15,490.4500122070313,27-May-2026 12:15,440.2999877929688,559,400,160,93,0.716,0.668,0.424,0.046,9,544.28,440.2999877929688,D broken,,,,,,,,,,,,,
KOTAKBANK,24-Feb-2026 09:15,432.3500061035156,02-Apr-2026 09:15,345.6000061035156,25-May-2026 12:15,395.0499877929688,02-Jun-2026 09:15,372.7000122070313,406,169,238,33,0.416,0.57,0.548,-0.003,6,425.61,372.7000122070313,no breakout,,,,,,,,,,,,,
M&MFIN,10-Feb-2026 12:15,396.8999938964844,07-Apr-2026 13:15,272.79998779296875,08-May-2026 13:15,340.8999938964844,02-Jun-2026 09:15,291.20001220703125,397,254,144,109,0.64,0.549,0.27,0.023,11,382.99,291.20001220703125,D broken,,,,,,,,,,,,,
TRENT,22-Apr-2026 09:15,2993.333251953125,18-May-2026 10:15,2653.7333984375,25-May-2026 09:15,2907.599853515625,02-Jun-2026 09:15,2720.0,155,121,35,36,0.781,0.748,0.261,0.027,5,3064.49,2720.0,STOPPED,02-Jun-2026 12:15,04-Jun-2026 14:15,2837.89990234375,1.78,08-Jun-2026 15:15,-4.44,15.0,1.92,False,0.35,-4.79,4.15,-1.15
CHOLAHLDNG,06-Jan-2026 09:15,1965.0,23-Mar-2026 13:15,1305.0,08-May-2026 13:15,1808.0,03-Jun-2026 12:15,1441.0999755859375,554,355,200,119,0.641,0.762,0.271,0.026,11,2118.85,1441.0999755859375,D broken,,,,,,,,,,,,,
INTELLECT,08-May-2026 14:15,833.75,18-May-2026 09:15,667.3499755859375,02-Jun-2026 13:15,759.1500244140625,08-Jun-2026 15:15,716.9000244140625,112,38,75,31,0.339,0.552,0.54,0.029,13,815.88,716.9000244140625,STOPPED,09-Jun-2026 11:15,09-Jun-2026 14:15,752.0,2.22,30-Jun-2026 09:15,-4.67,93.0,1.82,False,0.35,-5.02,4.67,-1.07
RAILTEL,16-Apr-2026 09:15,353.5599975585937,11-Jun-2026 13:15,293.6000061035156,18-Jun-2026 09:15,329.1499938964844,29-Jun-2026 15:15,305.1000061035156,298,267,32,49,0.896,0.593,0.323,-0.005,13,351.12,305.1000061035156,STOPPED,30-Jun-2026 09:15,01-Jul-2026 09:15,322.0,4.51,08-Jul-2026 09:15,-5.89,35.0,1.72,False,0.35,-6.24,5.25,-1.19
JIOFIN,29-Apr-2026 10:15,256.9800109863281,11-Jun-2026 10:15,227.07000732421875,19-Jun-2026 13:15,246.8500061035156,30-Jun-2026 09:15,235.27999877929688,249,204,46,39,0.819,0.661,0.415,0.011,7,259.07,235.27999877929688,D broken,,,,,,,,,,,,,
ADANIPOWER,29-May-2026 09:15,254.16000366210935,11-Jun-2026 14:15,214.8600006103516,23-Jun-2026 09:15,235.4600067138672,30-Jun-2026 12:15,221.69000244140625,120,69,52,32,0.575,0.524,0.332,0.015,12,248.19,221.69000244140625,D broken,,,,,,,,,,,,,
AMBER,07-May-2026 10:15,8973.0,20-May-2026 10:15,6941.0,19-Jun-2026 09:15,8150.0,03-Jul-2026 09:15,7381.0,210,64,147,64,0.305,0.595,0.364,-0.037,14,8897.16,7381.0,STOPPED,,07-Jul-2026 11:15,7690.0,1.99,23-Jul-2026 12:15,-4.1,85.0,3.91,False,0.35,-4.45,4.02,-1.11
UNIONBANK,22-Apr-2026 12:15,197.1199951171875,20-May-2026 09:15,156.22000122070312,18-Jun-2026 11:15,177.3699951171875,03-Jul-2026 09:15,161.60000610351562,273,131,143,69,0.48,0.517,0.254,0.041,33,190.44,161.60000610351562,D broken,,,,,,,,,,,,,
BECTORFOOD,22-Apr-2026 10:15,213.47999572753903,08-Jun-2026 14:15,168.60000610351562,22-Jun-2026 09:15,191.69000244140625,03-Jul-2026 15:15,175.0,287,222,66,63,0.774,0.514,0.277,-0.011,9,205.96,175.0,D broken,,,,,,,,,,,,,
BIRLACORPN,11-May-2026 12:15,1103.449951171875,11-Jun-2026 09:15,904.0499877929688,18-Jun-2026 15:15,1054.0,07-Jul-2026 12:15,956.0,193,152,42,82,0.788,0.752,0.346,-0.014,5,1146.67,956.0,D broken,,,,,,,,,,,,,
KFINTECH,29-Apr-2026 14:15,986.2999877929688,18-May-2026 09:15,785.0499877929688,22-Jun-2026 09:15,927.0999755859376,08-Jul-2026 14:15,838.2999877929688,248,80,169,83,0.323,0.706,0.375,0.017,38,1014.89,838.2999877929688,STOPPED,09-Jul-2026 09:15,09-Jul-2026 11:15,878.7000122070312,1.54,29-Sep-2026 15:15,-4.61,393.0,3.37,False,0.35,-4.96,4.6,-1.08
HINDUNILVR,22-Apr-2026 12:15,2408.0,02-Jun-2026 11:15,2066.0,03-Jul-2026 09:15,2238.800048828125,14-Jul-2026 09:15,2118.199951171875,341,189,153,50,0.554,0.505,0.302,-0.008,9,2345.59,2118.199951171875,D broken,,,,,,,,,,,,,
JMFINANCIL,08-May-2026 11:15,147.16000366210938,02-Jun-2026 09:15,114.79000091552734,06-Jul-2026 09:15,133.22999572753906,14-Jul-2026 12:15,122.58000183105467,272,111,162,46,0.408,0.57,0.422,-0.027,2,144.63,122.58000183105467,STOPPED,,15-Jul-2026 09:15,126.5199966430664,2.95,23-Jul-2026 14:15,-3.31,47.0,4.6,False,0.35,-3.66,3.11,-1.18
M&M,07-May-2026 12:15,3399.0,11-Jun-2026 09:15,2900.5,07-Jul-2026 09:15,3215.699951171875,15-Jul-2026 14:15,3079.39990234375,285,166,120,48,0.582,0.632,0.568,0.013,13,3410.49,3079.39990234375,no breakout,,,,,,,,,,,,,
GILLETTE,27-May-2026 13:15,8430.0,29-Jun-2026 13:15,7500.5,13-Jul-2026 09:15,7955.0,17-Jul-2026 11:15,7712.0,214,148,67,31,0.692,0.489,0.465,0.004,8,8235.88,7712.0,no breakout,,,,,,,,,,,,,
BEML,08-May-2026 09:15,2032.5,01-Jun-2026 10:15,1680.0,13-Jul-2026 14:15,1889.5,21-Jul-2026 11:15,1756.199951171875,314,107,208,40,0.341,0.594,0.364,0.019,2,2018.97,1756.199951171875,D broken,,,,,,,,,,,,,
GLENMARK,29-Apr-2026 09:15,2471.199951171875,12-Jun-2026 09:15,2117.10009765625,14-Jul-2026 09:15,2325.699951171875,22-Jul-2026 09:15,2167.0,358,211,148,43,0.589,0.589,0.239,0.005,5,2454.61,2167.0,TARGET HIT,29-Jul-2026 09:15,29-Jul-2026 12:15,2258.0,1.93,27-Aug-2026 09:15,8.93,134.0,2.16,False,0.35,8.58,4.03,2.13
LEMONTREE,21-Apr-2026 10:15,128.16000366210938,11-Jun-2026 14:15,103.5,07-Jul-2026 09:15,122.54000091552734,22-Jul-2026 09:15,108.06999969482422,364,250,115,78,0.687,0.772,0.24,0.019,8,134.31,108.06999969482422,D broken,,,,,,,,,,,,,
CHOLAHLDNG,08-May-2026 13:15,1808.0,11-Jun-2026 13:15,1398.5999755859375,03-Jul-2026 09:15,1720.0,23-Jul-2026 12:15,1490.0999755859375,263,162,102,102,0.616,0.785,0.285,0.037,19,1918.63,1490.0999755859375,no breakout,,,,,,,,,,,,,
BLUESTARCO,28-Apr-2026 09:15,1928.0,02-Jun-2026 09:15,1515.5999755859375,15-Jul-2026 09:15,1763.0,24-Jul-2026 09:15,1601.5,372,162,211,50,0.435,0.6,0.347,0.025,11,1915.89,1601.5,STOPPED,24-Jul-2026 12:15,27-Jul-2026 09:15,1663.4000244140625,1.6,06-Aug-2026 14:15,-5.48,60.0,4.08,False,0.35,-5.83,3.72,-1.57
ESCORTS,07-May-2026 14:15,3404.60009765625,02-Jun-2026 10:15,2700.60009765625,20-Jul-2026 10:15,3037.0,24-Jul-2026 09:15,2880.300048828125,347,116,232,28,0.334,0.478,0.534,0.032,4,3244.9,2880.300048828125,consolidation too wide,,,,,,,,,,,,,
UPL,11-May-2026 14:15,682.5999755859375,01-Jul-2026 14:15,563.2999877929688,16-Jul-2026 15:15,629.0,24-Jul-2026 09:15,595.0499877929688,324,246,79,37,0.759,0.551,0.483,0.007,9,669.6,595.0499877929688,STOPPED,31-Jul-2026 14:15,03-Aug-2026 09:15,619.2999877929688,2.75,04-Aug-2026 09:15,-5.0,7.0,2.07,False,0.35,-5.35,3.92,-1.36
BBTC,18-Feb-2026 09:15,1833.699951171875,30-Mar-2026 15:15,1318.300048828125,23-Jun-2026 09:15,1623.800048828125,24-Jul-2026 10:15,1434.5999755859375,571,189,383,156,0.331,0.593,0.381,-0.004,24,1812.6,1434.5999755859375,STOPPED,31-Jul-2026 14:15,03-Aug-2026 13:15,1550.199951171875,2.52,20-Aug-2026 15:15,-7.52,93.0,2.27,False,0.35,-7.87,7.46,-1.05
SBIN,24-Feb-2026 09:15,1234.699951171875,18-May-2026 09:15,934.0,02-Jul-2026 09:15,1059.800048828125,24-Jul-2026 11:15,1000.9000244140624,585,368,218,115,0.629,0.418,0.532,0.038,24,1137.54,1000.9000244140624,STOPPED,30-Jul-2026 11:15,03-Aug-2026 09:15,1044.4000244140625,1.65,09-Sep-2026 15:15,-4.2,192.0,2.14,False,0.35,-4.55,4.17,-1.09
NHPC,29-Apr-2026 09:15,86.81999969482422,11-Jun-2026 13:15,71.70999908447266,21-Jul-2026 09:15,83.0,30-Jul-2026 10:15,77.25,393,208,186,51,0.529,0.747,0.491,0.018,7,89.98,77.25,STOPPED,30-Jul-2026 12:15,03-Aug-2026 09:15,79.94999694824219,1.59,07-Aug-2026 09:15,-3.58,28.0,3.71,False,0.35,-3.93,3.38,-1.16
PFC,07-May-2026 09:15,467.1499938964844,09-Jul-2026 10:15,399.0499877929688,29-Jul-2026 11:15,431.2999877929688,06-Aug-2026 13:15,412.9500122070313,402,303,100,43,0.754,0.474,0.431,-0.018,6,451.23,412.9500122070313,D broken,,,,,,,,,,,,,
NATCOPHARM,15-May-2026 09:15,1224.699951171875,11-Jun-2026 13:15,839.4000244140625,08-Jul-2026 12:15,997.0999755859376,10-Aug-2026 15:15,905.5999755859376,256,131,126,165,0.512,0.409,0.42,0.04,35,1094.56,905.5999755859376,D broken,,,,,,,,,,,,,
IGIL,26-May-2026 10:15,388.2000122070313,24-Jul-2026 11:15,325.95001220703125,03-Aug-2026 09:15,371.0,12-Aug-2026 10:15,340.3500061035156,329,289,41,51,0.878,0.724,0.32,-0.017,7,398.84,340.3500061035156,STOPPED,17-Aug-2026 09:15,17-Aug-2026 10:15,354.25,1.75,19-Aug-2026 13:15,-4.64,17.0,3.21,False,0.35,-4.99,3.92,-1.27
PETRONET,17-Jun-2026 11:15,294.1000061035156,23-Jul-2026 13:15,267.3500061035156,04-Aug-2026 15:15,285.0,13-Aug-2026 09:15,273.25,236,178,59,42,0.754,0.66,0.334,-0.005,9,295.91,273.25,no breakout,,,,,,,,,,,,,
SBILIFE,16-Apr-2026 10:15,1990.699951171875,12-Jun-2026 13:15,1700.4000244140625,03-Aug-2026 15:15,1915.0,17-Aug-2026 09:15,1781.300048828125,520,273,248,60,0.525,0.739,0.377,0.022,2,2047.62,1781.300048828125,D broken,,,,,,,,,,,,,
TMPV,15-Jun-2026 09:15,407.7000122070313,24-Jul-2026 10:15,318.3500061035156,05-Aug-2026 10:15,353.1000061035156,17-Aug-2026 09:15,329.1000061035156,254,198,57,56,0.78,0.389,0.309,-0.015,19,374.58,329.1000061035156,D broken,,,,,,,,,,,,,
AYE,21-Jul-2026 11:15,197.19000244140625,30-Jul-2026 14:15,160.0,11-Aug-2026 11:15,184.0,18-Aug-2026 09:15,166.5500030517578,106,53,54,34,0.5,0.645,0.273,0.009,4,198.83,166.5500030517578,STOPPED,,18-Aug-2026 14:15,171.5,2.29,25-Sep-2026 13:15,-3.67,188.0,5.52,False,0.35,-4.02,2.89,-1.39
TRENT,03-Jul-2026 10:15,3399.60009765625,24-Jul-2026 09:15,2837.39990234375,06-Aug-2026 13:15,3243.10009765625,18-Aug-2026 09:15,2934.300048828125,171,105,67,51,0.614,0.722,0.239,-0.033,2,3493.82,2934.300048828125,D broken,,,,,,,,,,,,,
NCC,08-May-2026 09:15,171.60000610351562,24-Jul-2026 09:15,134.17999267578125,07-Aug-2026 09:15,149.25999450683594,18-Aug-2026 10:15,138.24000549316406,442,372,71,51,0.842,0.403,0.269,-0.028,5,158.58,138.24000549316406,STOPPED,20-Aug-2026 09:15,21-Aug-2026 09:15,147.75,5.48,15-Sep-2026 14:15,-7.3,117.0,1.14,False,0.35,-7.65,6.44,-1.19
INFY,08-Apr-2026 09:15,1376.5,01-Jul-2026 15:15,983.2999877929688,10-Aug-2026 10:15,1195.0,18-Aug-2026 12:15,1112.699951171875,585,395,191,45,0.675,0.538,0.611,0.026,4,1325.83,1112.699951171875,STOPPED,19-Aug-2026 09:15,20-Aug-2026 09:15,1139.4000244140625,1.75,27-Aug-2026 11:15,-2.44,36.0,6.98,False,0.35,-2.79,2.34,-1.19
RITES,07-Jul-2026 13:15,244.50999450683597,24-Jul-2026 09:15,210.2400054931641,07-Aug-2026 14:15,234.77999877929688,19-Aug-2026 09:15,217.38999938964844,163,88,76,52,0.54,0.716,0.291,-0.014,2,249.95,217.38999938964844,D broken,,,,,,,,,,,,,
AWL,07-May-2026 11:15,216.0,29-Jun-2026 13:15,179.77000427246094,07-Aug-2026 09:15,201.47000122070312,21-Aug-2026 15:15,187.5800018310547,447,248,200,77,0.555,0.599,0.36,0.014,17,214.88,187.5800018310547,STOPPED,24-Aug-2026 09:15,25-Aug-2026 10:15,201.1300048828125,3.63,04-Sep-2026 13:15,-6.94,59.0,1.01,False,0.35,-7.29,6.74,-1.08
GRAPHITE,15-May-2026 11:15,801.9000244140625,09-Jul-2026 09:15,572.2000122070312,14-Aug-2026 09:15,747.9500122070312,27-Aug-2026 15:15,679.75,440,258,183,70,0.586,0.765,0.612,0.036,24,856.56,679.75,TARGET HIT,31-Aug-2026 09:15,31-Aug-2026 11:15,703.5,1.81,09-Sep-2026 09:15,22.68,47.0,6.44,False,0.35,22.33,3.38,6.61
CARBORUNIV,19-Jun-2026 09:15,1304.5999755859375,24-Jul-2026 09:15,1036.4000244140625,21-Aug-2026 13:15,1207.0,28-Aug-2026 11:15,1087.0,313,169,145,34,0.54,0.636,0.297,0.016,3,1312.43,1087.0,STOPPED,28-Aug-2026 14:15,01-Sep-2026 10:15,1112.300048828125,1.69,02-Sep-2026 10:15,-2.64,7.0,7.91,False,0.35,-2.99,2.27,-1.32
JMFINANCIL,08-May-2026 11:15,147.16000366210938,02-Jun-2026 09:15,114.79000091552734,26-Aug-2026 15:15,133.5,31-Aug-2026 10:15,126.16000366210938,537,111,427,17,0.207,0.578,0.608,0.019,2,145.06,126.16000366210938,STOPPED,31-Aug-2026 15:15,01-Sep-2026 10:15,130.33999633789062,1.92,11-Sep-2026 09:15,-4.37,55.0,3.52,False,0.35,-4.72,3.21,-1.47
NCC,08-May-2026 09:15,171.60000610351562,24-Jul-2026 09:15,134.17999267578125,24-Aug-2026 09:15,153.6999969482422,02-Sep-2026 12:15,141.85000610351562,519,372,148,53,0.717,0.522,0.393,0.028,22,165.76,141.85000610351562,STOPPED,03-Sep-2026 09:15,07-Sep-2026 13:15,152.0,2.25,11-Sep-2026 09:15,-7.63,24.0,1.36,False,0.35,-7.98,6.68,-1.19
AXISBANK,25-Jun-2026 10:15,1400.0999755859375,14-Aug-2026 10:15,1208.800048828125,31-Aug-2026 15:15,1300.0,09-Sep-2026 09:15,1234.800048828125,324,245,80,42,0.756,0.477,0.285,0.011,17,1356.36,1234.800048828125,D broken,,,,,,,,,,,,,
ZFCVINDIA,24-Jun-2026 09:15,3026.0,24-Jul-2026 13:15,2262.5,18-Aug-2026 14:15,2685.89990234375,09-Sep-2026 11:15,2446.89990234375,272,152,121,110,0.559,0.555,0.436,0.036,20,2947.56,2446.89990234375,D broken,,,,,,,,,,,,,
NSLNISP,02-Jun-2026 09:15,53.68000030517578,20-Aug-2026 15:15,39.380001068115234,28-Aug-2026 14:15,49.369998931884766,11-Sep-2026 09:15,42.5,440,399,42,66,0.907,0.699,0.312,0.01,18,55.54,42.5,D broken,,,,,,,,,,,,,
TITAGARH,18-Jun-2026 09:15,970.4500122070312,24-Jul-2026 10:15,792.0499877929688,09-Sep-2026 09:15,904.75,11-Sep-2026 09:15,833.2000122070312,407,177,231,15,0.435,0.632,0.365,0.02,5,974.4,833.2000122070312,D broken,,,,,,,,,,,,,
KPRMILL,24-Jun-2026 10:15,1328.300048828125,24-Jul-2026 10:15,1015.0999755859376,31-Aug-2026 14:15,1197.0,11-Sep-2026 10:15,1100.0,334,148,187,60,0.443,0.581,0.467,0.033,23,1309.41,1100.0,STOPPED,,15-Sep-2026 09:15,1126.5999755859375,1.58,16-Sep-2026 09:15,-2.82,7.0,6.87,False,0.35,-3.17,2.36,-1.34
CGPOWER,02-Jul-2026 09:15,980.5,30-Jul-2026 10:15,815.0499877929688,31-Aug-2026 15:15,916.0,16-Sep-2026 09:15,839.4000244140625,294,142,153,70,0.483,0.61,0.241,-0.016,5,978.39,839.4000244140625,OPEN,17-Sep-2026 09:15,18-Sep-2026 09:15,898.2000122070312,2.07,01-Oct-2026 14:15,-2.14,67.0,1.36,False,0.35,-2.49,6.55,-0.38
JSWDULUX,01-Jul-2026 10:15,3375.0,24-Jul-2026 09:15,2862.0,07-Sep-2026 10:15,3223.699951171875,16-Sep-2026 09:15,3041.0,337,119,219,42,0.353,0.705,0.495,0.018,13,3447.23,3041.0,STOPPED,18-Sep-2026 13:15,18-Sep-2026 14:15,3200.0,3.93,29-Sep-2026 14:15,-5.46,49.0,1.55,False,0.35,-5.81,4.97,-1.17
ZYDUSWELL,20-Jul-2026 09:15,610.5999755859375,21-Aug-2026 14:15,490.0499877929688,07-Sep-2026 09:15,580.2999877929688,18-Sep-2026 14:15,512.1500244140625,246,174,73,62,0.707,0.749,0.245,0.007,16,636.07,512.1500244140625,STOPPED,21-Sep-2026 11:15,21-Sep-2026 13:15,531.0,1.66,29-Sep-2026 13:15,-3.57,42.0,5.57,False,0.35,-3.92,3.55,-1.1
XPROINDIA,03-Jul-2026 09:15,1574.300048828125,10-Aug-2026 09:15,1000.0,07-Sep-2026 11:15,1407.0,22-Sep-2026 12:15,1164.9000244140625,325,183,143,72,0.563,0.709,0.405,0.039,11,1658.53,1164.9000244140625,STOPPED,22-Sep-2026 14:15,23-Sep-2026 09:15,1223.300048828125,1.86,28-Sep-2026 10:15,-5.34,22.0,7.45,False,0.35,-5.69,4.77,-1.19
YESBANK,18-Jun-2026 09:15,25.780000686645508,02-Sep-2026 11:15,21.81999969482422,16-Sep-2026 09:15,24.100000381469727,24-Sep-2026 11:15,22.3799991607666,433,372,62,45,0.859,0.576,0.246,0.003,21,25.51,22.3799991607666,D broken,,,,,,,,,,,,,
ANGELONE,19-Jun-2026 09:15,360.3500061035156,02-Sep-2026 09:15,275.8999938964844,15-Sep-2026 09:15,309.79998779296875,25-Sep-2026 09:15,286.6499938964844,416,362,55,57,0.87,0.401,0.317,0.008,22,330.75,286.6499938964844,D broken,,,,,,,,,,,,,
HDFCBANK,07-Jul-2026 09:15,841.25,11-Sep-2026 09:15,682.0999755859375,22-Sep-2026 09:15,749.2999877929688,29-Sep-2026 09:15,706.25,377,335,43,36,0.889,0.422,0.359,-0.003,6,790.83,706.25,WATCH,,,,,,,,,,,,,
ICICIAMC,29-May-2026 14:15,3609.699951171875,07-Sep-2026 09:15,2934.39990234375,21-Sep-2026 09:15,3284.199951171875,01-Oct-2026 10:15,3055.0,549,486,64,58,0.885,0.518,0.345,-0.016,27,3500.38,3055.0,WATCH,,,,,,,,,,,,,
OBEROIRLTY,06-Jul-2026 09:15,1984.9000244140625,16-Sep-2026 09:15,1661.5,25-Sep-2026 11:15,1882.9000244140625,01-Oct-2026 13:15,1727.300048828125,397,348,50,31,0.877,0.685,0.297,-0.029,4,2019.73,1727.300048828125,FORMING,,,,,,,,,,,,,
