rank,symbol,exchange,company,yahoo_sector,yahoo_industry,mcap_cr,mcap_bucket,price,turn20_cr,liquidity_tier,final_score,quality,governance,policy,s_profit,s_growth,s_balance,s_cash,s_value,roe3,roce3,roa3,op_margin,op_margin_trend,rev_cagr,np_cagr,rev_growth_1y,de,int_cover,current_ratio,ocf_to_np,fcf_pos_years,pe,pb,insiders_pct,institutions_pct,div_yield,policy_theme,policy_evidence,policy_source,policy_risk,years,listed,why_selected
1,INDOTECH,NSE,Indo Tech Transformers Limited,Industrials,Electrical Equipment & Parts,3443.4285568,small (<30k cr),3323.300048828125,4.012021442321777,T4 2-5cr,88.0,80.0,3.0,5.0,78.94021739130436,76.94130006002916,82.36748338537915,63.64005497251374,100.0,23.05235307669805,30.02328266426893,14.549472323916143,16.167442553465573,0.343129584706535,28.113447348602616,53.39683138606883,27.68854411273878,0.0139004993229972,123.10265521666172,2.5761665259753617,0.707313393892967,3.0,34.674366,9.211521,70.292,0.582,0.3,"Power, T&D and RDSS",sector-level only (Yahoo industry: Electrical Equipment & Parts),https://www.tndindia.com/genus-power-outstanding-order-book-exceeds-rs-25000-crore/amp/,,4.0,2006-03-16,"ROE 23%, revenue CAGR 28%, profit CAGR 53%, debt-free, OCF/profit 0.7, policy: Power, T&D and RDSS (sector)"
2,KIRLPNU,NSE,Kirloskar Pneumatic Company Limited,Industrials,Specialty Industrial Machinery,8913.2982272,small (<30k cr),696.1500244140625,7.480594720361328,T3 5-10cr,87.4,77.4,10.0,0.0,82.20108695652173,52.4451161992968,87.83829770197774,74.27223888055971,100.0,18.063135350408576,23.900221590490727,12.339510105817444,18.605238881349845,6.007976004526489,13.06156222514041,33.11779115184832,9.133097173141614,0.0026752783778892,315.3051162790697,2.650695517774343,1.0513647027090929,3.0,33.969784,7.134832,44.56,30.437002000000003,0.84,,,,,4.0,2023-04-26,"ROE 18%, revenue CAGR 13%, profit CAGR 33%, debt-free, OCF/profit 1.1"
3,AVANTIFEED,NSE,Avanti Feeds Limited,Consumer Defensive,Packaged Foods,9855.3274368,small (<30k cr),722.2999877929688,16.508315007232667,T2 10-20cr,87.0,76.0,6.0,5.0,78.84615384615384,51.28205128205129,91.00050276520864,68.2786576168929,100.0,17.47388868018024,25.171110608750443,13.370875582005551,11.530506341029318,3.889418182056649,5.856344380354228,29.56115877203922,8.129455708079725,0.0040275058203554,681.2209257398964,5.578069895459447,0.9041984153665584,3.0,18.092796,2.9991374,70.912004,10.6079996,1.38,White goods / textiles / food PLI,sector-level only (Yahoo industry: Packaged Foods),https://www.india-briefing.com/news/indias-pli-scheme-for-white-goods-ac-and-led-status-updates-24506.html,,4.0,2015-04-15,"ROE 17%, revenue CAGR 6%, profit CAGR 30%, debt-free, OCF/profit 0.9, policy: White goods / textiles / food PLI (sector)"
4,ARROWGREEN,NSE,Arrow Greentech Limited,Consumer Cyclical,Packaging & Containers,1335.2824832,small (<30k cr),893.3499755859375,3.7129729681732178,T4 2-5cr,86.8,80.8,6.0,0.0,92.12328767123287,57.14528223901748,96.80365296803652,60.53816046966732,100.0,25.66554949668768,35.038315818025545,23.03460063759999,28.602086140639816,2.5365013315360514,22.61615775396477,56.81004237521863,-17.611019736842103,0.0096420495754938,250.84615384615384,13.70551724137931,0.9175655403957426,3.0,20.931883,5.7021728,68.75099999999999,,0.56,,,,,4.0,2015-05-21,"ROE 26%, revenue CAGR 23%, profit CAGR 57%, debt-free, OCF/profit 0.9"
5,SHARDACROP,NSE,Sharda Cropchem Limited,Basic Materials,Agricultural Inputs,6573.0142208,small (<30k cr),742.0499877929688,6.7827622996948245,T3 5-10cr,86.2,80.2,6.0,0.0,74.89773592085236,72.59582122595822,81.6115572350811,79.99279019466474,100.0,11.768434404324806,15.282093182303369,6.3368584362437055,15.748296056714588,12.162632030056432,9.224942832041162,25.80405427708225,21.985147005052006,0.0,487.9406909898116,1.859906396569668,1.5736637989685411,3.0,10.491791,2.0956602,74.821,10.191,2.02,,,,fertiliser subsidy / price controls,4.0,2014-09-23,"ROE 12%, revenue CAGR 9%, profit CAGR 26%, debt-free, OCF/profit 1.6"
6,MAYURUNIQ,NSE,Mayur Uniquoters Ltd,Consumer Cyclical,Textile Manufacturing,3280.4540416,small (<30k cr),762.8499755859375,6.930919787072754,T3 5-10cr,86.0,75.0,6.0,5.0,84.41780821917808,42.69987009919698,97.26027397260276,58.39530332681017,100.0,15.559197192581594,20.66445856237768,14.022858923207693,22.09572753201308,5.478887773134556,7.751991837948058,22.538326039664568,10.059320037112563,0.0068675405727939,319.59060155000617,7.454839271218384,0.8687564145409998,3.0,15.833683,2.896224,61.024,3.592,0.79,White goods / textiles / food PLI,sector-level only (Yahoo industry: Textile Manufacturing),https://www.india-briefing.com/news/indias-pli-scheme-for-white-goods-ac-and-led-status-updates-24506.html,,4.0,2012-09-25,"ROE 16%, revenue CAGR 8%, profit CAGR 23%, debt-free, OCF/profit 0.9, policy: White goods / textiles / food PLI (sector)"
7,GPPL,NSE,Gujarat Pipavav Port Limited,Industrials,Marine Shipping,8302.4044032,small (<30k cr),172.4600067138672,21.009309321859742,T1 >=20cr,85.2,75.2,10.0,0.0,87.77173913043478,42.07936712117314,81.27752422131475,76.57108945527236,100.0,17.778275896101793,24.12160056747784,14.0683114734163,58.01013399216307,7.283659292512056,6.618803541050444,18.050639175073925,12.189666129595045,0.0154386000169986,119.5845518665061,2.5383895647751182,1.1547659962314434,3.0,14.486919,3.5244,44.037998,25.996,5.8,,,,,4.0,2010-09-09,"ROE 18%, revenue CAGR 7%, profit CAGR 18%, debt-free, OCF/profit 1.2"
8,BANCOINDIA,NSE,Banco Products (I) Limited,Consumer Cyclical,Auto Parts,8553.6301056,small (<30k cr),600.2000122070312,3.906464206802368,T4 2-5cr,84.8,76.8,3.0,5.0,83.9041095890411,71.85199673279799,70.09132420091325,58.75244618395303,100.0,28.16047571394813,28.24022289050824,14.472411164390572,14.197385027691912,1.3479838573396687,18.904224518476177,26.923578564294125,21.34087719814559,0.3643993159962292,29.53055656441283,2.24814727395204,0.8757962389848949,3.0,17.414095,5.076961,69.953,1.227,2.67,Auto & components PLI,sector-level only (Yahoo industry: Auto Parts),https://www.outlookbusiness.com/corporate/806-applications-approved-under-pli-schemes-across-14-sectors,,4.0,2006-12-22,"ROE 28%, revenue CAGR 19%, profit CAGR 27%, D/E 0.36, OCF/profit 0.9, policy: Auto & components PLI (sector)"
9,SUPRIYA,NSE,Supriya Lifescience Limited,Healthcare,Biotechnology,7017.6980992,small (<30k cr),889.25,20.6540835375,T1 >=20cr,84.5,78.5,6.0,0.0,78.21428571428571,69.30817610062893,93.33333333333331,53.14732142857143,100.0,16.975033716409925,22.81124247007176,15.052599632017651,31.724589183227085,3.4238769606261243,21.16959696560972,32.51993628998089,18.070557004196814,0.0045377392123286,197.9741935483871,4.3975992201183045,0.8984096971857316,2.0,35.373226,5.8610215,71.282,4.8720002,0.11,,,,,4.0,2021-12-28,"ROE 17%, revenue CAGR 21%, profit CAGR 33%, debt-free, OCF/profit 0.9"
10,NRBBEARING,NSE,NRB Bearing Limited,Consumer Cyclical,Auto Parts,5069.5364608,small (<30k cr),529.9500122070312,20.77937864937744,T1 >=20cr,83.8,68.8,10.0,5.0,73.97260273972603,43.69390647142183,76.02739726027397,61.25244618395303,100.0,17.108256673992372,20.63850320765825,11.978006600668522,13.50215147938007,0.934645673181194,8.246734810367883,14.951213081343395,11.544832859023924,0.1598537340411165,23.98224852071006,2.2588635532937835,0.9525583813526276,3.0,34.846767,5.2663636,45.288,25.243,1.5,Auto & components PLI,sector-level only (Yahoo industry: Auto Parts),https://www.outlookbusiness.com/corporate/806-applications-approved-under-pli-schemes-across-14-sectors,,4.0,2000-03-08,"ROE 17%, revenue CAGR 8%, profit CAGR 15%, D/E 0.16, OCF/profit 1.0, policy: Auto & components PLI (sector)"
11,SHARDAMOTR,NSE,Sharda Motor Industries Limited,Consumer Cyclical,Auto Parts,5201.7119232,small (<30k cr),924.8499755859376,5.904883196087647,T3 5-10cr,83.7,72.7,6.0,5.0,73.80136986301369,54.12526078570304,81.05022831050228,63.39530332681017,100.0,28.58237716745908,37.02380634534612,17.30746107575113,10.823016401663368,-0.278211466570502,7.99897218235337,18.356249109150657,19.83439744982194,0.0374351527488486,106.96072953942053,1.977790586007028,1.0449037254201123,3.0,15.668337,3.960764,64.838,12.997,2.16,Auto & components PLI,sector-level only (Yahoo industry: Auto Parts),https://www.outlookbusiness.com/corporate/806-applications-approved-under-pli-schemes-across-14-sectors,,4.0,2015-09-03,"ROE 29%, revenue CAGR 8%, profit CAGR 18%, debt-free, OCF/profit 1.0, policy: Auto & components PLI (sector)"
12,ADVENZYMES,NSE,Advanced Enzyme Technologies Limited,Basic Materials,Specialty Chemicals,2978.1989376,small (<30k cr),270.04998779296875,5.287028938049317,T3 5-10cr,83.7,73.7,10.0,0.0,56.48782343987824,68.06420368064204,87.6413163281373,66.83489545782264,100.0,9.877889708559977,13.705439975823577,8.648076718536824,25.783475401033627,-1.9365527635979447,11.29493924032381,16.89068501659554,17.037204618330982,0.0196138746302751,89.48401826484019,9.778433687524595,1.0173223838075076,3.0,18.237677,1.8524616,55.461000000000006,19.27,0.5,,,,,4.0,2016-08-01,"ROE 10%, revenue CAGR 11%, profit CAGR 17%, debt-free, OCF/profit 1.0"
13,VOLTAMP,NSE,Voltamp Transformers Limited,Industrials,Electrical Equipment & Parts,10569.355264,small (<30k cr),10512.0,15.35074085,T2 10-20cr,83.2,72.2,6.0,5.0,66.84782608695653,49.96998542149044,93.98570742253185,61.053848075962016,100.0,20.082333415016183,26.57822222988199,17.888794231932295,15.998843618242644,-3.5144020236601072,15.9568654825748,15.163166602177649,11.478613868371834,0.0003028790926418,280.97647302332,4.157463175761761,0.6131101996561134,3.0,33.334396,6.426206,30.015,47.062,0.95,"Power, T&D and RDSS",sector-level only (Yahoo industry: Electrical Equipment & Parts),https://www.tndindia.com/genus-power-outstanding-order-book-exceeds-rs-25000-crore/amp/,,4.0,2006-09-20,"ROE 20%, revenue CAGR 16%, profit CAGR 15%, debt-free, OCF/profit 0.6, policy: Power, T&D and RDSS (sector)"
14,TIPSMUSIC,NSE,Tips Music Limited,Communication Services,Entertainment,8110.8779008,small (<30k cr),639.9000244140625,14.415085655474854,T2 10-20cr,83.1,77.1,6.0,0.0,93.75,87.5,75.0,71.875,40.0,77.90425308381347,102.57804008215794,48.823977041653386,73.10258527690911,6.45707096223083,26.21123146491349,41.4887627814708,20.865867384988057,0.0196170076898516,1461.8253253253254,3.1180278961522867,1.0777716549269218,3.0,37.989872,31.365557,65.70899999999999,7.13,1.41,,,,,4.0,2000-11-10,"ROE 78%, revenue CAGR 26%, profit CAGR 41%, debt-free, OCF/profit 1.1"
15,MARKSANS,NSE,Marksans Pharma Limited,Healthcare,Drug Manufacturers - General,14585.0761216,small (<30k cr),325.45001220703125,70.14922051616821,T1 >=20cr,83.0,68.0,10.0,5.0,60.71428571428572,53.66576819407008,77.61904761904762,58.90625,100.0,14.813790140671554,18.227716474099,11.424144943363856,17.517863316520735,-0.3045951106212641,16.726436981211677,16.206223082916395,12.515007965361669,0.1135829576773411,24.23544041450777,5.165607391527064,0.804905702789579,3.0,28.10917,4.8244696,43.874002,18.385,0.28,Pharma / medical devices PLI,sector-level only (Yahoo industry: Drug Manufacturers - General),https://www.pharma-dept.gov.in/schemes/archive,,4.0,2002-01-21,"ROE 15%, revenue CAGR 17%, profit CAGR 16%, D/E 0.11, OCF/profit 0.8, policy: Pharma / medical devices PLI (sector)"
16,ICRA,NSE,ICRA Limited,Financial Services,Financial Data & Stock Exchanges,4166.4192512,small (<30k cr),4346.2998046875,10.676502909887695,T2 10-20cr,82.7,72.7,10.0,0.0,75.8538633818589,51.60811479465611,91.48936170212764,50.0,100.0,15.66265564689042,21.63430123594959,12.694542459082705,31.32261024956077,-0.1168428657666496,14.30070278145461,10.308058363350291,20.36421679084155,0.0155844428620114,57.58118518853218,3.8008485050889034,0.8140552899580259,3.0,21.372076,3.5281317,59.617,19.29,1.61,,,,,4.0,2007-04-13,"ROE 16%, revenue CAGR 14%, profit CAGR 10%, debt-free, OCF/profit 0.8"
17,PARAS,NSE,Paras Defence and Space Technologies Limited,Industrials,Aerospace & Defense,10175.7616128,small (<30k cr),1286.0999755859375,83.23440013841552,T1 >=20cr,81.6,60.6,6.0,15.0,61.41304347826088,74.06740416773862,81.78797341660662,29.32440029985008,40.0,9.75764990435251,12.597742280123713,7.1978305461654015,22.00700987361736,5.480387293515655,29.219525211367102,34.684336414187065,30.63423343860694,0.0372939728108691,48.47855384739539,3.225204526944069,0.1301199924630312,1.0,107.7389,14.014428,56.054,7.598000000000001,0.08,Defence indigenisation,Paras Aerospace named in drone PLI beneficiary list,https://raksha-anirveda.com/?p=43364,,4.0,2021-10-01,"ROE 10%, revenue CAGR 29%, profit CAGR 35%, debt-free, OCF/profit 0.1, policy: Defence indigenisation (company evidence)"
18,ADFFOODS,NSE,ADF Foods Limited,Consumer Defensive,Packaged Foods,3166.8180992,small (<30k cr),291.70001220703125,1.9010060269561768,T5 1-2cr,81.2,66.2,10.0,5.0,62.5,62.82051282051282,75.50276520864757,31.627073906485677,100.0,15.61553949609206,18.95058048508965,12.16072931425382,17.090953703101803,-0.7649063568845875,13.023876128397593,17.03270725128334,14.959578804530448,0.0962840803149485,45.451308435429546,3.8430757173335657,0.7030927325008594,1.0,34.438473,5.537093,55.274,20.975,0.41,White goods / textiles / food PLI,sector-level only (Yahoo industry: Packaged Foods),https://www.india-briefing.com/news/indias-pli-scheme-for-white-goods-ac-and-led-status-updates-24506.html,,4.0,2010-09-15,"ROE 16%, revenue CAGR 13%, profit CAGR 17%, debt-free, OCF/profit 0.7, policy: White goods / textiles / food PLI (sector)"
19,VESUVIUS,NSE,Vesuvius India Limited,Industrials,Specialty Industrial Machinery,8214.8384768,small (<30k cr),409.7000122070313,3.496929201504517,T4 2-5cr,80.7,70.7,10.0,0.0,64.67391304347825,56.92586399108138,88.73808951877652,50.17335082458771,100.0,17.399130164817258,23.07929684860028,13.337008360071096,14.510821686230624,-1.4292490775277749,16.29288000090421,31.25321526203666,12.59966648257076,0.0082577574238681,295.5289256198347,3.205049594229035,0.698492326779405,2.0,31.67058,4.702185,56.067,24.985,0.37,,,,,4.0,2002-10-04,"ROE 17%, revenue CAGR 16%, profit CAGR 31%, debt-free, OCF/profit 0.7"
20,INDIGOPNTS,NSE,Indigo Paints Limited,Basic Materials,Specialty Chemicals,4980.4234752,small (<30k cr),1060.199951171875,5.183290772607422,T3 5-10cr,80.7,70.7,10.0,0.0,68.14830669710807,49.169779991697794,75.30940009447332,75.10557214955196,100.0,14.219045861580623,19.03475521950725,10.18487565256742,13.961483064239909,-0.3793381224025367,9.399331379908272,3.214225422733419,4.81991479382029,0.01831118696926,77.56884910683283,2.208863347425905,1.3341879475668716,3.0,31.016647,4.309202,53.81399999999999,27.926,0.47,,,,,4.0,2021-02-02,"ROE 14%, revenue CAGR 9%, profit CAGR 3%, debt-free, OCF/profit 1.3"
21,DHANUKA,NSE,Dhanuka Agritech Limited,Basic Materials,Agricultural Inputs,4023.8624768,small (<30k cr),891.7999877929688,2.076426338342285,T4 2-5cr,80.7,70.7,10.0,0.0,82.80298706240487,40.00276740002767,83.76318689970084,55.18076011947677,100.0,19.09552702604209,24.768950466506155,15.1007426399113,17.664899808473002,1.0777775482250185,5.090543912496504,7.1474931813267695,-2.838155221994532,0.0182172471772191,103.07369159004504,4.094421064106978,0.7206743159165381,3.0,15.480192,2.419318,70.184,19.715999,0.22,,,,fertiliser subsidy / price controls,4.0,2011-06-29,"ROE 19%, revenue CAGR 5%, profit CAGR 7%, debt-free, OCF/profit 0.7"
22,GOLDIAM,NSE,Goldiam International Limited,Consumer Cyclical,Luxury Goods,4684.5845504,small (<30k cr),317.0,11.819196887005615,T2 10-20cr,80.6,77.6,3.0,0.0,81.67808219178082,75.22661293497087,91.5525114155251,33.91389432485323,100.0,15.214008768145767,20.53801720260585,12.661074153791477,21.348858773480536,3.3206377546137773,22.36330497353105,26.42617864299233,25.08119944961331,0.0696309735162974,76.22274727065341,5.936925432049387,0.3184481750852712,2.0,22.417147,4.235523,61.334,0.361,0.89,,,,,4.0,2005-08-29,"ROE 15%, revenue CAGR 22%, profit CAGR 26%, debt-free, OCF/profit 0.3"
23,INDNIPPON,NSE,India Nippon Electricals Limited,Consumer Cyclical,Auto Parts,2720.6785024,small (<30k cr),1231.4000244140625,9.621775817962646,T3 5-10cr,80.5,72.5,3.0,5.0,60.445205479452056,74.54660191308456,91.324200913242,36.41389432485323,100.0,11.539836191035093,14.798371745040216,8.754703835707582,9.56482923678912,2.292609340040132,17.672207353776216,32.096136155466226,26.56201168353487,0.00231332107679,365.8,2.514453547688978,0.6034421364985163,2.0,23.656569,3.3125296,70.928,0.234,1.25,Auto & components PLI,sector-level only (Yahoo industry: Auto Parts),https://www.outlookbusiness.com/corporate/806-applications-approved-under-pli-schemes-across-14-sectors,,4.0,1997-05-07,"ROE 12%, revenue CAGR 18%, profit CAGR 32%, debt-free, OCF/profit 0.6, policy: Auto & components PLI (sector)"
24,VIMTALABS,NSE,Vimta Labs Limited,Healthcare,Diagnostics & Research,2491.1230976,small (<30k cr),567.2000122070312,8.169753258639526,T3 5-10cr,80.5,74.5,6.0,0.0,75.35714285714286,50.961365678346816,89.04761904761905,67.20982142857143,100.0,15.932199953907688,21.74816119860821,12.87238200516769,26.19681308158805,3.8613602844155466,8.935452201022077,17.181239743569844,18.404451395712563,0.0072930551816369,204.43052837573384,3.4319246676739468,1.6253261811118942,2.0,31.557192,5.448821,65.625,4.551,0.35,,,,,4.0,2005-12-15,"ROE 16%, revenue CAGR 9%, profit CAGR 17%, debt-free, OCF/profit 1.6"
25,PGHL,NSE,Procter & Gamble Health Limited,Healthcare,Drug Manufacturers - Specialty & Generic,8642.4682496,small (<30k cr),5234.0,4.69543,T4 2-5cr,80.1,69.1,6.0,5.0,92.5,52.848158131177,81.42857142857143,69.84375,40.0,43.407315344602296,58.56123420991594,28.33154928539423,31.400889453621343,6.866532231389908,8.247103597588712,19.30284056183229,22.63233848905257,0.0177104184539128,818.9272727272727,2.182010748048484,1.059047216647301,3.0,24.194897,16.476006,52.186,14.603,2.92,Pharma / medical devices PLI,sector-level only (Yahoo industry: Drug Manufacturers - Specialty & Generic),https://www.pharma-dept.gov.in/schemes/archive,,4.0,1996-04-24,"ROE 43%, revenue CAGR 8%, profit CAGR 19%, debt-free, OCF/profit 1.1, policy: Pharma / medical devices PLI (sector)"
26,CARERATING,NSE,CARE Ratings Limited,Financial Services,Financial Data & Stock Exchanges,4767.5817984,small (<30k cr),1595.9000244140625,4.89678192376709,T4 2-5cr,80.1,79.1,1.0,0.0,86.66013437849944,62.97212601022596,95.74468085106383,50.0,100.0,16.465676609586406,22.78810968432268,13.922147560691087,38.81214322178195,7.836771423013964,19.2461006988248,27.01897342186184,17.58635903235628,0.0280810067980402,95.66775270504002,5.755352713596577,0.88376499759745,3.0,26.848803,5.0984597,15.847998999999998,35.966,1.38,,,,,4.0,2012-12-26,"ROE 16%, revenue CAGR 19%, profit CAGR 27%, debt-free, OCF/profit 0.9"
27,ASHIANA,NSE,Ashiana Housing Limited,Real Estate,Real Estate - Development,3759.1269376,small (<30k cr),379.2000122070313,1.156352230697632,T5 1-2cr,79.4,73.4,6.0,0.0,54.8076923076923,84.1727395411606,51.28205128205128,89.52991452991452,100.0,8.977158449796844,7.506188792952815,2.248970823527849,10.54025188354302,1.0317285948425692,41.48954408777126,61.70971351040293,115.8128502037445,0.3759774055894033,3.3218949938684337,1.3277556108426698,3.58965426919126,3.0,31.058971,4.128623,71.84899999999999,8.7139994,0.66,,,,,4.0,2011-06-29,"ROE 9%, revenue CAGR 41%, profit CAGR 62%, D/E 0.38, OCF/profit 3.6"
28,SIRCA,NSE,Sirca Paints India Limited,Basic Materials,Specialty Chemicals,2344.7789568,small (<30k cr),413.7000122070313,5.837764212409973,T3 5-10cr,79.3,77.3,2.0,0.0,84.5914193302892,78.5526497855265,73.20894347346875,46.0938304665774,100.0,14.793513506345764,18.83686520741724,12.19473661216835,18.06628884059404,11.204271833681112,22.52401951703029,12.13918949125954,31.7932868620999,0.0924669117577416,18.933739778789317,5.209139182736592,0.8499390062274672,2.0,34.4933,4.9230204,78.037,4.403,0.48,,,,,4.0,2019-07-22,"ROE 15%, revenue CAGR 23%, profit CAGR 12%, debt-free, OCF/profit 0.8"
29,RATNAMANI,NSE,Ratnamani Metals & Tubes Limited,Basic Materials,Steel,17494.9629952,small (<30k cr),2524.300048828125,10.015367484326172,T2 10-20cr,79.3,64.3,10.0,5.0,67.13993531202435,26.32489276324893,74.60085025980162,73.22587290143167,100.0,15.508801198541793,20.841682665650804,11.845886669198464,14.36142551789486,-1.5477202258931797,-0.3303959185514737,-1.8578466358051493,-14.168163626848418,0.0772692903923887,39.85364283946203,3.920498274238663,1.2025952069625896,3.0,41.676407,4.2560377,65.457,25.537002,0.4,Specialty steel PLI,sector-level only (Yahoo industry: Steel),https://www.outlookbusiness.com/corporate/806-applications-approved-under-pli-schemes-across-14-sectors,,4.0,2006-05-09,"ROE 16%, revenue CAGR -0%, profit CAGR -2%, debt-free, OCF/profit 1.2, policy: Specialty steel PLI (sector)"
30,JYOTHYLAB,NSE,Jyothy Labs Limited,Consumer Defensive,Household & Personal Products,6920.5532672,small (<30k cr),191.44000244140625,6.230094341212463,T3 5-10cr,79.2,69.2,10.0,0.0,70.67307692307692,41.02564102564103,75.52790346907994,74.16101055806938,100.0,22.749987789134394,29.38081878105912,16.1734138658715,13.3092926113866,-2.347139219087053,5.802968497329841,11.598029009096456,3.526377458207386,0.03246863610326,91.4188376753507,2.682941292745602,1.1003436362112478,3.0,23.323019,4.3561172,70.75,15.226,1.83,,,,,4.0,2007-12-19,"ROE 23%, revenue CAGR 6%, profit CAGR 12%, debt-free, OCF/profit 1.1"
31,AHLUCONT,NSE,Ahluwalia Contracts (India) Limited,Industrials,Engineering & Construction,3718.1444096,small (<30k cr),561.5,3.1580728874389647,T4 2-5cr,79.2,64.2,10.0,5.0,52.44565217391304,48.098362061572765,64.27956601809592,74.5595952023988,100.0,15.856856099346803,22.172490885609207,7.806128784393857,7.44466994228461,-1.2984447593375252,17.280450361352795,11.080098098813874,11.091071292142216,0.0355067897240277,11.658654445506407,1.8936962483687487,1.0655448747802931,3.0,16.524263,1.8065094,55.358005,33.650002,0.12,Infrastructure capex,sector-level only (Yahoo industry: Engineering & Construction),https://www.outlookbusiness.com/budget/budget-2026-fm-sitharaman-raises-capex-for-fy27-to-122-lakh-crore ; https://prsindia.org/files/budget/budget_parliament/2026/Analysis_of_Expenditure_2026-27.pdf,,4.0,2009-12-14,"ROE 16%, revenue CAGR 17%, profit CAGR 11%, debt-free, OCF/profit 1.1, policy: Infrastructure capex (sector)"
32,KPIGREEN,NSE,KPI Green Energy Limited,Utilities,Utilities - Renewable,6520.2098176,small (<30k cr),334.45001220703125,53.628492224823,T1 >=20cr,78.9,67.9,6.0,5.0,71.875,86.11111111111113,45.833333333333336,28.125,100.0,16.07489768078033,13.197478900559458,6.041114098073836,30.655779705397425,1.6467289200717836,61.18373469830094,63.155468934281615,55.34325177828159,1.712902172370384,4.928175473148456,1.6389464092173391,0.6947558317397221,0.0,13.953046,2.1461055,54.687,4.9879998,0.31,Renewable energy / solar PLI,sector-level only (Yahoo industry: Utilities - Renewable),https://jmkresearch.com/39-6-gw-cumulative-solar-pv-module-manufacturing-capacity-allotted-under-pli-tranche-2/ ; https://www.businesstoday.in/amp/latest/economy/story/pli-scheme-attracts-rs-2-4-lakh-crore-in-investments-till-march-2026-536415-2026-06-11,,4.0,2021-07-27,"ROE 16%, revenue CAGR 61%, profit CAGR 63%, D/E 1.71, OCF/profit 0.7, policy: Renewable energy / solar PLI (sector)"
33,ASHOKA,NSE,Ashoka Buildcon Limited,Industrials,Engineering & Construction,2895.6602368,small (<30k cr),104.02999877929688,5.6560356597366335,T3 5-10cr,78.9,65.9,8.0,5.0,90.21739130434784,36.59849069548066,49.29838257666747,62.490629685157415,100.0,34.89540236901965,39.3914033542758,10.109097358250898,19.312106135108987,5.970265556650556,-1.8511617514783476,105.83096610412954,-22.521567238497543,0.2789536629829909,4.611034346010142,2.2255787459242504,0.6481467855492934,3.0,1.176974,0.44004095,54.487,17.29,0.0,Infrastructure capex,sector-level only (Yahoo industry: Engineering & Construction),https://www.outlookbusiness.com/budget/budget-2026-fm-sitharaman-raises-capex-for-fy27-to-122-lakh-crore ; https://prsindia.org/files/budget/budget_parliament/2026/Analysis_of_Expenditure_2026-27.pdf,,4.0,2010-10-14,"ROE 35%, revenue CAGR -2%, profit CAGR 106%, D/E 0.28, OCF/profit 0.6, policy: Infrastructure capex (sector)"
34,NIITMTS,NSE,NIIT Learning Systems Limited,Consumer Defensive,Education & Training Services,2764.0066048,small (<30k cr),203.3699951171875,1.9910047983284,T5 1-2cr,78.9,68.9,10.0,0.0,63.94230769230769,58.333333333333336,58.8235294117647,77.10218702865761,100.0,18.891435117881763,23.44679166523227,9.660020602759266,16.24388314658317,-3.7150742582065055,12.751507335495926,8.824040165429349,18.068499646759385,0.2062127686603102,28.63740298756572,1.726127115866634,1.1826745005192711,3.0,11.013729,1.7867897,47.222,22.719,1.59,,,,,4.0,2023-08-08,"ROE 19%, revenue CAGR 13%, profit CAGR 9%, D/E 0.21, OCF/profit 1.2"
35,SUNTECK,NSE,Sunteck Realty Limited,Real Estate,Real Estate - Development,4036.6874624,small (<30k cr),278.1499938964844,2.318727385307312,T4 2-5cr,78.7,68.7,10.0,0.0,52.88461538461538,81.8974358974359,67.94871794871794,42.62820512820512,100.0,4.180223004902068,6.079730304296666,1.5873555487784168,26.114804182949115,5.275855926078879,46.68240641204364,425.4256410208452,31.14785559184736,0.2143880463660575,5.537768401661966,1.8057458265190245,-0.3092955337360466,2.0,19.024221,1.1160642,63.02799999999999,15.180999,0.54,,,,,4.0,2009-11-13,"ROE 4%, revenue CAGR 47%, profit CAGR 425%, D/E 0.21, OCF/profit -0.3"
36,GUJENERGY,NSE,GUJARAT ENERGY LIMITED,Utilities,Utilities - Regulated Gas,21220.9041408,small (<30k cr),228.47999572753903,22.89906071456376,T1 >=20cr,78.7,63.7,10.0,5.0,56.25,31.944444444444443,79.16666666666667,71.875,100.0,14.407309777260814,13.642129860225186,9.8588074260991,9.590196226922426,0.3894922386170947,12.144914138837182,9.722376218782491,-14.525620945503428,0.1759073206631946,10.728348810330395,1.8649412615617948,1.0614835589915397,3.0,10.179118,1.1489441,54.518,24.576999,3.9,"Power, T&D and RDSS",sector-level only (Yahoo industry: Utilities - Regulated Gas),https://www.tndindia.com/genus-power-outstanding-order-book-exceeds-rs-25000-crore/amp/,,4.0,2015-09-15,"ROE 14%, revenue CAGR 12%, profit CAGR 10%, D/E 0.18, OCF/profit 1.1, policy: Power, T&D and RDSS (sector)"
37,AEROENTER,NSE,Aeroflex Enterprises Limited,Basic Materials,Steel,1450.0860928,small (<30k cr),129.00999450683594,5.942024008406448,T3 5-10cr,78.6,67.6,6.0,5.0,76.46974885844749,70.45454545454545,75.04330026767438,5.61334843959213,100.0,18.37699499747431,25.64790394461835,13.292525532340724,13.767192294914356,0.2834476472474918,13.719558813018452,14.484557348264747,19.16720418672924,0.0490944364750876,23.209940980447264,4.25432287551094,-0.5073823364350001,0.0,9.634586,1.7566178,66.833,,0.31,Specialty steel PLI,sector-level only (Yahoo industry: Steel),https://www.outlookbusiness.com/corporate/806-applications-approved-under-pli-schemes-across-14-sectors,,4.0,2022-11-21,"ROE 18%, revenue CAGR 14%, profit CAGR 14%, debt-free, OCF/profit -0.5, policy: Specialty steel PLI (sector)"
38,ANUP,NSE,The Anup Engineering Limited,Industrials,Specialty Industrial Machinery,3083.2431104,small (<30k cr),1575.9000244140625,3.55747105,T4 2-5cr,78.4,68.4,10.0,0.0,76.3586956521739,63.39936540605436,67.06601809592442,33.63474512743628,100.0,18.2961359227427,20.806040010271364,12.315325374595716,21.10069083531513,1.0249539384034383,27.098979947268557,28.99539804948916,13.828803840369352,0.1590252768968164,17.87529528632173,2.4738859052696256,0.494906374776056,1.0,36.47393,4.4619536,46.227002,17.638001,0.76,,,,,4.0,2019-03-01,"ROE 18%, revenue CAGR 27%, profit CAGR 29%, D/E 0.16, OCF/profit 0.5"
39,ANTELOPUS,NSE,Antelopus Selan Energy Limited,Energy,Oil & Gas E&P,3937.1292672,small (<30k cr),1130.199951171875,69.21565859595947,T1 >=20cr,78.2,77.2,1.0,0.0,75.0,68.19444444444444,89.58333333333333,56.77083333333333,100.0,11.505139282133996,15.617439295769984,9.382908382140458,40.34323945005382,18.85060714138977,33.22333702501172,42.68600071713986,8.059740124877068,0.0054175399282106,164.7785547785548,2.754766937234389,1.595592999304409,1.0,29.818907,6.0066195,71.642995,0.19400001,0.0,,,,,4.0,2006-09-26,"ROE 12%, revenue CAGR 33%, profit CAGR 43%, debt-free, OCF/profit 1.6"
40,VADILALIND,NSE,Vadilal Industries Limited,Consumer Defensive,Packaged Foods,5187.457024,small (<30k cr),7247.0,7.04077065,T3 5-10cr,78.2,70.2,3.0,5.0,65.38461538461539,64.74358974358974,60.63348416289592,70.2394419306184,100.0,22.25771124801525,23.051701072300865,13.937879381832582,13.661406543210704,-3.387651136079615,12.390495754601938,17.22229064769525,21.252338113476444,0.270066211146523,14.64186046511628,3.001087676156247,0.9892994815897912,3.0,23.666174,6.100942,68.138003,1.5149999,0.59,White goods / textiles / food PLI,sector-level only (Yahoo industry: Packaged Foods),https://www.india-briefing.com/news/indias-pli-scheme-for-white-goods-ac-and-led-status-updates-24506.html,,4.0,2011-06-15,"ROE 22%, revenue CAGR 12%, profit CAGR 17%, D/E 0.27, OCF/profit 1.0, policy: White goods / textiles / food PLI (sector)"
41,SANDUMA,NSE,Sandur Manganese & Iron Ores Limited,Basic Materials,Steel,8715.8595584,small (<30k cr),181.19000244140625,7.6826557679260254,T3 5-10cr,78.2,74.2,-1.0,5.0,72.10093226788433,92.41386467413864,30.910092898756105,79.24091049541661,100.0,16.424027494179427,18.23220686582853,9.813152588296676,19.97920902876747,-1.2295093839514593,33.53719424710129,34.34811298454783,62.13281856765806,0.3071475990263332,5.354981316772801,1.1599541909520732,1.563658720457889,3.0,12.155932,2.6787584,75.897,0.716,0.28,Specialty steel PLI,sector-level only (Yahoo industry: Steel),https://www.outlookbusiness.com/corporate/806-applications-approved-under-pli-schemes-across-14-sectors,,4.0,2023-09-07,"ROE 16%, revenue CAGR 34%, profit CAGR 34%, D/E 0.31, OCF/profit 1.6, policy: Specialty steel PLI (sector)"
42,VENUSPIPES,NSE,Venus Pipes & Tubes Limited,Basic Materials,Steel,4797.6435712,small (<30k cr),2238.5,35.36384070029297,T1 >=20cr,78.1,63.1,10.0,5.0,69.74172374429224,84.07361284073613,32.72555503070382,20.650942424554536,100.0,17.967482789168958,21.484565828413256,9.469140476779572,15.233212026182253,-1.9128127211830817,26.82636545373393,32.124219260667886,21.3712500204136,0.4294779641544461,4.663403313148558,1.4235198699227087,0.8307837481750525,0.0,46.096733,7.1348248,49.89,16.691999,0.04,Specialty steel PLI,sector-level only (Yahoo industry: Steel),https://www.outlookbusiness.com/corporate/806-applications-approved-under-pli-schemes-across-14-sectors,,4.0,2022-05-24,"ROE 18%, revenue CAGR 27%, profit CAGR 32%, D/E 0.43, OCF/profit 0.8, policy: Specialty steel PLI (sector)"
43,JAMNAAUTO,NSE,Jamna Auto Industries Limited,Consumer Cyclical,Auto Parts,5891.7810176,small (<30k cr),151.77000427246094,34.05493150728454,T1 >=20cr,77.9,66.9,6.0,5.0,79.28082191780823,39.99254546528106,70.54794520547945,53.19960861056752,100.0,20.34509015762542,26.174482979035112,13.68549566380374,13.398113995372846,1.239704258617074,4.111568196919757,11.114622690342912,15.28035364795226,0.0103851152725303,25.29553311602957,1.314155739723228,1.4421484547917751,2.0,25.179487,5.116893,48.084,5.92,1.65,Auto & components PLI,sector-level only (Yahoo industry: Auto Parts),https://www.outlookbusiness.com/corporate/806-applications-approved-under-pli-schemes-across-14-sectors,,4.0,2010-12-10,"ROE 20%, revenue CAGR 4%, profit CAGR 11%, debt-free, OCF/profit 1.4, policy: Auto & components PLI (sector)"
44,WEBELSOLAR,NSE,Websol Energy System Limited,Technology,Solar,2930.6034176,small (<30k cr),69.12999725341797,12.22671822008896,T2 10-20cr,77.8,75.8,-3.0,5.0,66.03912256897331,78.34313282074476,70.57892356399819,70.74112197632526,100.0,-2.867344632747064,16.00533227679473,9.443805202247187,36.16536551421736,177.01040325707095,293.4482598982004,,82.33280033370411,0.2072934834311083,23.7094125078964,2.9429262552301254,1.3584734841736446,2.0,9.698276,4.8453093,7.510999999999999,3.0550001,0.35,Renewable energy / solar PLI,sector-level only (Yahoo industry: Solar),https://jmkresearch.com/39-6-gw-cumulative-solar-pv-module-manufacturing-capacity-allotted-under-pli-tranche-2/ ; https://www.businesstoday.in/amp/latest/economy/story/pli-scheme-attracts-rs-2-4-lakh-crore-in-investments-till-march-2026-536415-2026-06-11,,4.0,2007-05-15,"ROE -3%, revenue CAGR 293%, D/E 0.21, OCF/profit 1.4, policy: Renewable energy / solar PLI (sector)"
45,PREMIERPOL,NSE,Premier Polyfilm Limited,Basic Materials,Specialty Chemicals,1081.570816,small (<30k cr),101.2300033569336,2.5949295480018617,T4 2-5cr,77.8,75.8,2.0,0.0,84.20614535768645,66.71163691711637,70.28499448905684,60.06797816458956,100.0,21.84263217027556,26.05254344370277,15.69739169693538,12.21897506654431,2.824668655567688,5.647213729545597,39.74659453371232,12.34705946169723,0.1260184280016494,76.57549002295603,2.633126765452813,0.8324222104986837,3.0,30.916168,7.3400626,83.42399999999999,,0.15,,,,,4.0,1995-12-13,"ROE 22%, revenue CAGR 6%, profit CAGR 40%, D/E 0.13, OCF/profit 0.8"
46,MENONBE,NSE,Menon Bearings Limited,Consumer Cyclical,Auto Parts,1662.4265216,small (<30k cr),301.45001220703125,1.845097145274353,T5 1-2cr,77.8,66.8,6.0,5.0,79.79452054794521,53.23039678790742,70.09132420091323,30.0146771037182,100.0,17.72377959462929,20.80707643550359,12.293444720474712,18.07300000585869,1.6416901124323608,10.557750470282778,5.471531450857858,22.48784902652909,0.252787355965252,11.511192622091803,2.505571789677489,0.8990404496178933,1.0,37.83801,8.96928,70.622003,,0.66,Auto & components PLI,sector-level only (Yahoo industry: Auto Parts),https://www.outlookbusiness.com/corporate/806-applications-approved-under-pli-schemes-across-14-sectors,,4.0,2015-03-09,"ROE 18%, revenue CAGR 11%, profit CAGR 5%, D/E 0.25, OCF/profit 0.9, policy: Auto & components PLI (sector)"
47,FINPIPE,NSE,Finolex Industries Limited,Industrials,Building Products & Equipment,9484.3174912,small (<30k cr),153.91000366210938,4.8854541346244815,T4 2-5cr,77.7,62.7,10.0,5.0,57.06521739130434,31.643941342938,83.25526463287694,59.32971014492753,100.0,10.388922806095612,13.42950717522988,8.478210600184815,14.942211692619892,3.851221776614184,-2.353607741254704,33.691228122125416,-1.188028218712056,0.071707403414485,66.93284193284194,3.5445686929493934,0.4954049565593511,3.0,15.400602,1.5243727,59.346,15.590000000000002,1.3,Infrastructure capex,sector-level only (Yahoo industry: Building Products & Equipment),https://www.outlookbusiness.com/budget/budget-2026-fm-sitharaman-raises-capex-for-fy27-to-122-lakh-crore ; https://prsindia.org/files/budget/budget_parliament/2026/Analysis_of_Expenditure_2026-27.pdf,,4.0,1995-02-08,"ROE 10%, revenue CAGR -2%, profit CAGR 34%, debt-free, OCF/profit 0.5, policy: Infrastructure capex (sector)"
48,DODLA,NSE,Dodla Dairy Limited,Consumer Defensive,Food Distribution,6073.20064,small (<30k cr),1013.2999877929688,2.112766229864502,T4 2-5cr,77.7,67.7,10.0,0.0,50.480769230769226,65.3846153846154,74.28355957767722,59.2948717948718,100.0,16.35911144408464,20.609008935936192,13.012786014477854,5.54517402927744,-1.525720907822854,13.629457741758856,29.731866395424888,10.89194307111432,0.0340455449885638,131.29712163416897,2.444420746362256,1.173386288770516,2.0,24.807787,3.6277869,63.912,27.649,0.49,,,,,4.0,2021-06-28,"ROE 16%, revenue CAGR 14%, profit CAGR 30%, debt-free, OCF/profit 1.2"
49,DYCL,NSE,Dynamic Cables Limited,Industrials,Electrical Equipment & Parts,2103.3472,small (<30k cr),441.0499877929688,14.078485574253843,T2 10-20cr,77.4,69.4,3.0,5.0,66.03260869565217,65.64938684503902,70.67719593242053,48.73656921539231,100.0,17.819180129880362,22.324480457950592,10.315029944876493,10.036198783549786,0.935580927188365,21.440538421004614,39.634687943416935,16.781244085608193,0.0942418544899678,16.293244778703603,2.522278077886249,0.6371793603648642,2.0,23.32348,4.6000824,68.181,0.016000001,0.11,"Power, T&D and RDSS",sector-level only (Yahoo industry: Electrical Equipment & Parts),https://www.tndindia.com/genus-power-outstanding-order-book-exceeds-rs-25000-crore/amp/,,4.0,2022-07-27,"ROE 18%, revenue CAGR 21%, profit CAGR 40%, debt-free, OCF/profit 0.6, policy: Power, T&D and RDSS (sector)"
50,KSCL,NSE,Kaveri Seed Company Limited,Basic Materials,Agricultural Inputs,3608.5895168,small (<30k cr),710.75,5.380901094104004,T3 5-10cr,77.2,71.2,6.0,0.0,74.73839421613394,59.191227341912274,85.04408754526845,38.19909362447214,100.0,19.946794307292613,21.08562699485065,11.96250679494276,20.122504514386765,-2.4174821197240703,9.234465214471845,2.87493324661392,15.756127979119562,0.0,22820.82089552239,2.1377181894931927,0.6620153125356059,2.0,14.726099,1.7059864,71.718,5.488,0.7,,,,fertiliser subsidy / price controls,4.0,2007-10-04,"ROE 20%, revenue CAGR 9%, profit CAGR 3%, debt-free, OCF/profit 0.7"
51,VAIBHAVGBL,NSE,Vaibhav Global Limited,Consumer Cyclical,Luxury Goods,3335.1016448,small (<30k cr),200.75,3.908868964244842,T4 2-5cr,77.2,67.2,10.0,0.0,53.253424657534254,54.35128326247835,74.42922374429224,69.10958904109589,100.0,12.560128889379186,13.61562679330333,8.245613215560839,7.024197930734734,1.2264243003843929,11.082859483109765,36.35988240894061,9.38534842164409,0.2523369113696746,20.30707474791758,2.755246501190258,1.3734843444523728,3.0,11.788381,2.0156288,59.249,15.178001,2.99,,,,,4.0,2004-04-05,"ROE 13%, revenue CAGR 11%, profit CAGR 36%, D/E 0.25, OCF/profit 1.4"
52,VSTTILLERS,NSE,V.S.T Tillers Tractors Limited,Industrials,Farm & Heavy Construction Machinery,3732.1920512,small (<30k cr),4375.60009765625,4.167284165527343,T4 2-5cr,77.1,67.1,10.0,0.0,51.22282608695652,43.50934739730727,92.8597165505645,65.6515492253873,100.0,10.652801926791284,14.098023294427245,8.504500675174542,11.466139744258609,1.1436573688193832,7.223357543528763,4.276053497345944,24.804297064150347,0.0017456015392807,74.98510582701856,5.626725665483433,0.8055443487034177,3.0,34.371662,3.4067984,58.782,19.646999,0.57,,,,,4.0,2011-06-20,"ROE 11%, revenue CAGR 7%, profit CAGR 4%, debt-free, OCF/profit 0.8"
53,TIMETECHNO,NSE,Time Technoplast Limited,Consumer Cyclical,Packaging & Containers,9059.196928,small (<30k cr),183.6199951171875,45.31076775109863,T1 >=20cr,76.7,66.7,10.0,0.0,61.64383561643835,57.038237088647456,77.3972602739726,43.91389432485323,100.0,12.34659211637162,15.454729084810758,8.226036842498964,11.62452876888702,1.2318692345578608,12.486340390436412,28.86445840279932,11.877568596652122,0.1794020924957499,12.03610891119926,3.6321128331990336,0.916798652260366,2.0,17.800194,2.2165322,48.605,20.415,0.82,,,,,4.0,2007-06-13,"ROE 12%, revenue CAGR 12%, profit CAGR 29%, D/E 0.18, OCF/profit 0.9"
54,WINDLAS,NSE,Windlas Biotech Limited,Healthcare,Drug Manufacturers - Specialty & Generic,2076.4172288,small (<30k cr),1022.0,7.714296801354981,T3 5-10cr,76.7,65.7,6.0,5.0,41.42857142857143,62.084456424079065,64.76190476190476,79.21875,100.0,12.144422682298346,15.92322877657744,8.212323102388742,8.26894628025523,-2.0235555285015376,20.69470386393022,15.954214691256064,18.880292825303325,0.0606744049115243,19.022585992540407,1.9532327921976755,1.5195300505825886,3.0,32.1881,3.65629,66.216004,7.1669996,0.61,Pharma / medical devices PLI,sector-level only (Yahoo industry: Drug Manufacturers - Specialty & Generic),https://www.pharma-dept.gov.in/schemes/archive,,4.0,2021-08-16,"ROE 12%, revenue CAGR 21%, profit CAGR 16%, debt-free, OCF/profit 1.5, policy: Pharma / medical devices PLI (sector)"
55,KRBL,NSE,KRBL Limited,Consumer Defensive,Packaged Foods,9155.5954688,small (<30k cr),398.2000122070313,14.217144203994756,T2 10-20cr,76.7,65.7,6.0,5.0,52.88461538461539,33.333333333333336,87.07893413775766,78.08257918552036,100.0,10.836923315436437,13.820377013172902,9.173790125386706,13.481949095890592,-0.0649719821515155,4.376996109976705,-2.583603183712413,8.981580340400331,0.029241417792849,119.44640434192674,8.057828906732551,1.230896246983924,3.0,11.79941,1.5764167,72.690004,4.711,1.16,White goods / textiles / food PLI,sector-level only (Yahoo industry: Packaged Foods),https://www.india-briefing.com/news/indias-pli-scheme-for-white-goods-ac-and-led-status-updates-24506.html,,4.0,2002-01-21,"ROE 11%, revenue CAGR 4%, profit CAGR -3%, debt-free, OCF/profit 1.2, policy: White goods / textiles / food PLI (sector)"
56,DEEPINDS,NSE,Deep Industries Limited,Energy,Oil & Gas E&P,5019.1998976,small (<30k cr),795.5999755859375,24.13094508587952,T1 >=20cr,76.6,73.6,3.0,0.0,45.3125,78.05555555555556,70.83333333333333,90.625,100.0,4.2101466071175455,5.18479128841175,3.216041333467554,33.61905540469614,2.6740298808405782,37.66441327475618,13.398217158254822,54.57896363939025,0.1015332518192115,10.872984455299266,2.6884065474021948,3.437925881971408,2.0,22.884447,2.5146456,67.226,1.6469999999999998,0.33,,,,,4.0,2021-04-27,"ROE 4%, revenue CAGR 38%, profit CAGR 13%, D/E 0.10, OCF/profit 3.4"
57,CANTABIL,NSE,Cantabil Retail India Limited,Consumer Cyclical,Apparel Manufacturing,1903.6018688,small (<30k cr),229.83999633789065,2.715968207569885,T4 2-5cr,76.6,70.6,6.0,0.0,81.67808219178082,59.77429735474728,41.09589041095891,80.18101761252447,100.0,19.378603774351653,16.54419824667291,8.105899351105329,19.847840109824467,3.515472374709219,15.541122852399369,12.50785922214126,18.24766060441725,1.1382617767575416,3.6383475706025656,2.418646621510415,2.0723633068343363,3.0,19.536482,3.9770048,74.46000000000001,3.6730003,0.66,,,,,4.0,2010-10-12,"ROE 19%, revenue CAGR 16%, profit CAGR 13%, D/E 1.14, OCF/profit 2.1"
58,CAMPUS,NSE,Campus Activewear Limited,Consumer Cyclical,Footwear & Accessories,6271.6305408,small (<30k cr),208.3699951171875,6.6818820560188295,T3 5-10cr,76.4,66.4,10.0,0.0,70.20547945205479,36.20423948984412,66.21004566210047,77.32387475538161,100.0,15.434966100664194,18.52212966308934,9.22354695343544,11.496403850923274,1.869188307075012,6.126859158030551,8.619274569248002,11.372539172358389,0.2605903448275862,9.333470733718054,2.36712609023366,1.758892184857642,3.0,40.708332,6.9185634,72.113997,17.822,0.72,,,,,4.0,2022-05-09,"ROE 15%, revenue CAGR 6%, profit CAGR 9%, D/E 0.26, OCF/profit 1.8"
59,ALIVUS,NSE,Alivus Life Sciences Limited,Healthcare,Drug Manufacturers - Specialty & Generic,16780.402688,small (<30k cr),1370.199951171875,11.758930070471193,T2 10-20cr,76.3,69.3,2.0,5.0,73.92857142857143,30.044923629829285,90.95238095238096,67.5,100.0,18.122379786996294,24.035977873231275,14.975955668458246,28.85028076898196,0.374285584134121,6.936011802401909,6.5262777889633306,7.024384198031064,0.0170374402934817,140.8564780342517,5.214916295137146,0.9010215661033084,3.0,27.876812,5.0432076,76.077,7.3359996,0.36,Pharma / medical devices PLI,sector-level only (Yahoo industry: Drug Manufacturers - Specialty & Generic),https://www.pharma-dept.gov.in/schemes/archive,,4.0,2021-08-06,"ROE 18%, revenue CAGR 7%, profit CAGR 7%, debt-free, OCF/profit 0.9, policy: Pharma / medical devices PLI (sector)"
60,SUNDRMFAST,NSE,Sundram Fasteners Limited,Consumer Cyclical,Auto Parts,23778.1254144,small (<30k cr),1127.0,16.234749834539794,T2 10-20cr,76.3,61.3,10.0,5.0,63.35616438356165,24.016370453471893,73.74429223744293,64.82387475538161,100.0,14.40921452923156,16.95836338394615,10.05567235509677,12.602917490689295,0.2998434971190864,3.5918395250896573,6.119582806312485,5.668488639649305,0.146096878625697,21.65714285714286,2.1246066753322395,1.1192946560449406,3.0,38.91334,5.562082,49.55,29.248,0.75,Auto & components PLI,sector-level only (Yahoo industry: Auto Parts),https://www.outlookbusiness.com/corporate/806-applications-approved-under-pli-schemes-across-14-sectors,,4.0,2000-06-07,"ROE 14%, revenue CAGR 4%, profit CAGR 6%, D/E 0.15, OCF/profit 1.1, policy: Auto & components PLI (sector)"
61,AMRUTANJAN,NSE,Amrutanjan Health Care Limited,Healthcare,Drug Manufacturers - Specialty & Generic,1499.6252672,small (<30k cr),521.5499877929688,1.6616563698608402,T5 1-2cr,76.3,65.3,6.0,5.0,63.57142857142857,43.83647798742138,84.28571428571429,43.77232142857143,100.0,15.598934596087265,21.16262842823692,11.901083812198593,14.145396536461558,2.7158451171786187,9.873116984253391,13.287704041479364,11.35886495478189,0.0048007657888581,400.4246153846154,2.3112680242026555,0.7466412446633633,2.0,27.793253,4.0526714,49.164,10.8830005,1.44,Pharma / medical devices PLI,sector-level only (Yahoo industry: Drug Manufacturers - Specialty & Generic),https://www.pharma-dept.gov.in/schemes/archive,,4.0,2015-01-02,"ROE 16%, revenue CAGR 10%, profit CAGR 13%, debt-free, OCF/profit 0.7, policy: Pharma / medical devices PLI (sector)"
62,ASHAPURMIN,NSE,Ashapura Minechem Limited,Basic Materials,Other Industrial Metals & Mining,4642.568192,small (<30k cr),488.0,13.847427095756531,T2 10-20cr,76.2,66.2,10.0,0.0,71.82505707762557,95.55140445551405,24.50795150370021,29.421155628798022,100.0,26.33842143041573,18.078029833752428,8.29956524127722,8.235389385035399,1.602269781090525,42.38831569571337,50.821456235247474,90.68319099421696,0.875365306493664,4.7872050430189965,1.360455458244404,0.8130588239716745,1.0,11.759012,2.8148947,49.832,17.583999,0.41,,,,,4.0,1995-09-20,"ROE 26%, revenue CAGR 42%, profit CAGR 51%, D/E 0.88, OCF/profit 0.8"
63,SANSERA,NSE,Sansera Engineering Limited,Consumer Cyclical,Auto Parts,25827.2182272,small (<30k cr),4261.7001953125,111.39133425368652,T1 >=20cr,76.2,65.2,6.0,5.0,55.650684931506845,66.50630806172255,66.21004566210047,42.5146771037182,100.0,10.702245109716335,13.036047030871991,6.540595050574298,13.001094203753665,0.3955304533625465,14.822008520868437,30.38975732297957,16.65869822711361,0.1914745587750873,12.450777751278586,1.7475099307342787,1.569597259060947,1.0,79.71104,8.340153,29.202,50.176,0.09,Auto & components PLI,sector-level only (Yahoo industry: Auto Parts),https://www.outlookbusiness.com/corporate/806-applications-approved-under-pli-schemes-across-14-sectors,,4.0,2021-09-24,"ROE 11%, revenue CAGR 15%, profit CAGR 30%, D/E 0.19, OCF/profit 1.6, policy: Auto & components PLI (sector)"
64,STEELCAS,NSE,Steelcast Limited,Basic Materials,Steel,3737.8220032,small (<30k cr),373.2999877929688,5.514856482165528,T3 5-10cr,76.1,68.1,3.0,5.0,86.10873287671232,46.44389096443891,93.7104393008975,68.33865485631888,40.0,23.98725833132129,32.473709275459136,20.19701430435319,24.38450680636,0.3641619884969209,-3.495404281066816,7.1908129002911325,13.179057040737185,0.0,447.8093594169544,5.0726269049361,1.0415374433849287,3.0,41.268158,9.462506,58.220000000000006,1.464,0.49,Specialty steel PLI,sector-level only (Yahoo industry: Steel),https://www.outlookbusiness.com/corporate/806-applications-approved-under-pli-schemes-across-14-sectors,,4.0,2021-11-23,"ROE 24%, revenue CAGR -3%, profit CAGR 7%, debt-free, OCF/profit 1.0, policy: Specialty steel PLI (sector)"
65,LAOPALA,NSE,La Opala RG Limited,Consumer Cyclical,"Furnishings, Fixtures & Appliances",1714.9500416,small (<30k cr),155.0399932861328,1.5736028192245484,T5 1-2cr,76.1,61.1,10.0,5.0,64.72602739726027,8.83234431585577,95.89041095890413,56.96673189823875,100.0,12.655643944153097,16.112848673271927,11.603330111640272,31.361838350639417,-0.2932596352686083,-12.114284584576785,-9.122033840847276,-5.764506376826084,0.0107713686674143,168.71510169963778,19.68562620447393,0.7833612330627586,3.0,18.88753,2.0904934,66.950995,18.135001,3.14,White goods / textiles / food PLI,"sector-level only (Yahoo industry: Furnishings, Fixtures & Appliances)",https://www.india-briefing.com/news/indias-pli-scheme-for-white-goods-ac-and-led-status-updates-24506.html,,4.0,2007-03-16,"ROE 13%, revenue CAGR -12%, profit CAGR -9%, debt-free, OCF/profit 0.8, policy: White goods / textiles / food PLI (sector)"
66,SUBROS,NSE,Subros Limited,Consumer Cyclical,Auto Parts,4381.8856448,small (<30k cr),675.5,2.0097971130798338,T4 2-5cr,75.9,64.9,6.0,5.0,53.42465753424657,57.82084022201227,74.88584474885846,47.4853228962818,100.0,12.428342956461512,17.04947842312364,7.25794396559377,5.765124159540281,1.1657761557494537,10.1523364050901,51.20058582331855,11.469746658657945,0.0600844097422864,27.14283848291258,1.6139203575293704,1.0769910024514164,2.0,26.351511,3.52297,74.593,11.413,0.44,Auto & components PLI,sector-level only (Yahoo industry: Auto Parts),https://www.outlookbusiness.com/corporate/806-applications-approved-under-pli-schemes-across-14-sectors,,4.0,2005-07-13,"ROE 12%, revenue CAGR 10%, profit CAGR 51%, debt-free, OCF/profit 1.1, policy: Auto & components PLI (sector)"
67,DIVGIITTS,NSE,Divgi Torqtransfer Systems Limited,Consumer Cyclical,Auto Parts,3265.9509248,small (<30k cr),1092.9000244140625,12.659798234741212,T2 10-20cr,75.7,60.7,10.0,5.0,31.678082191780824,54.68796744607149,96.1187214611872,32.5146771037182,100.0,6.106251475684211,8.249866524762895,5.434703127919241,11.554940944435629,-2.305796814814313,9.722184572938852,-2.839738657970581,61.19716604923327,0.002785401349582,203.41612903225808,5.042266297835168,0.9793251870728392,1.0,51.66425,5.1415505,63.254,26.24,0.3,Auto & components PLI,sector-level only (Yahoo industry: Auto Parts),https://www.outlookbusiness.com/corporate/806-applications-approved-under-pli-schemes-across-14-sectors,,4.0,2023-03-14,"ROE 6%, revenue CAGR 10%, profit CAGR -3%, debt-free, OCF/profit 1.0, policy: Auto & components PLI (sector)"
68,SEAMECLTD,NSE,Seamec Limited,Industrials,Marine Shipping,4101.6332288,small (<30k cr),1610.9000244140625,6.903677386291504,T3 5-10cr,75.6,73.6,2.0,0.0,69.29347826086956,86.15577566246462,54.88329730162544,58.347388805597205,100.0,13.780161679769682,12.80554285468133,9.504288567401924,25.877780529807577,10.372580158551235,29.476237874963097,96.7514042136461,46.037837854584666,0.2711599669769587,13.953311492444689,1.8924963882896364,1.6709247450557685,1.0,15.913681,3.1404326,76.061994,4.73,0.12,,,,,4.0,1995-06-28,"ROE 14%, revenue CAGR 29%, profit CAGR 97%, D/E 0.27, OCF/profit 1.7"
69,JUSTDIAL,NSE,Just Dial Limited,Communication Services,Internet Content & Information,5574.9640192,small (<30k cr),657.4000244140625,5.913233801647949,T3 5-10cr,75.6,71.6,4.0,0.0,50.0,70.83333333333333,87.5,59.375,100.0,10.4777638143615,12.6532832170208,8.756618063178024,25.74514359151797,9.348714369437442,12.843986328999012,45.092281500969065,6.298985051623118,0.0165495605583493,69.01655629139073,8.869726916905359,0.5812806858393291,3.0,10.6498785,1.0916866,74.143,12.665,0.0,,,,,4.0,2013-06-05,"ROE 10%, revenue CAGR 13%, profit CAGR 45%, debt-free, OCF/profit 0.6"
70,MIDHANI,NSE,Mishra Dhatu Nigam Limited,Basic Materials,Steel,8487.4387456,small (<30k cr),458.7000122070313,42.463310514434816,T1 >=20cr,75.6,64.6,6.0,5.0,52.43531202435312,53.7809602878096,52.85151944575657,83.00030899165722,100.0,7.790722813525656,10.285210570952204,3.6809559628829938,15.874990545942827,1.3423113838465373,11.62408555100174,-5.597452634350786,12.276620018679974,0.2655702405130499,8.375056877599405,2.515362733554147,1.757852053042852,3.0,63.363632,5.537764,74.0,7.653,0.55,Specialty steel PLI,sector-level only (Yahoo industry: Steel),https://www.outlookbusiness.com/corporate/806-applications-approved-under-pli-schemes-across-14-sectors,,4.0,2018-04-04,"ROE 8%, revenue CAGR 12%, profit CAGR -6%, D/E 0.27, OCF/profit 1.8, policy: Specialty steel PLI (sector)"
71,INDRAMEDCO,NSE,Indraprastha Medical Corporation Limited,Healthcare,Medical Care Facilities,2970.6635264,small (<30k cr),329.3999938964844,7.331820793449402,T3 5-10cr,75.6,72.6,3.0,0.0,76.42857142857143,51.06019766397125,75.23809523809524,71.40625,100.0,25.909385330334526,33.182582301241894,18.18851344642248,16.38794343661181,2.760715557602458,10.193709357126558,28.69299272886263,9.028654500937304,0.0497859178518848,84.96587030716724,2.457033323503391,1.1190217043344644,3.0,15.799609,4.011314,55.345,0.64999997,1.19,,,,,4.0,1997-04-17,"ROE 26%, revenue CAGR 10%, profit CAGR 29%, debt-free, OCF/profit 1.1"
72,POWERMECH,NSE,Power Mech Projects Limited,Industrials,Engineering & Construction,7602.1374976,small (<30k cr),2429.300048828125,8.300694051782227,T3 5-10cr,75.5,60.5,10.0,5.0,54.7554347826087,59.03974787754052,49.002121867243176,48.44921289355322,100.0,14.35513062858936,20.19612772955844,6.846971335461097,10.557034000561991,-0.3369695183880274,18.886043133900856,20.2924074832719,15.8931390127657,0.251922855475125,7.225572305974316,1.7126700793703729,0.6316086687834296,2.0,19.430304,3.0184724,58.421004,24.351999,0.06,Infrastructure capex,sector-level only (Yahoo industry: Engineering & Construction),https://www.outlookbusiness.com/budget/budget-2026-fm-sitharaman-raises-capex-for-fy27-to-122-lakh-crore ; https://prsindia.org/files/budget/budget_parliament/2026/Analysis_of_Expenditure_2026-27.pdf,,4.0,2015-08-26,"ROE 14%, revenue CAGR 19%, profit CAGR 20%, D/E 0.25, OCF/profit 0.6, policy: Infrastructure capex (sector)"
73,PIXTRANS,NSE,Pix Transmissions Limited,Industrials,Specialty Industrial Machinery,2432.0980992,small (<30k cr),1788.4000244140625,1.5622218201660156,T5 1-2cr,75.5,72.5,3.0,0.0,80.43478260869566,31.76935940313867,87.40691808791736,79.73200899550224,100.0,17.040617382417075,22.17621881919441,13.787663152927845,24.489448491692297,3.963440096819923,5.9940482011273,18.143673743299505,-1.4351702852804515,0.0347738678752921,50.843652715323415,6.861198452200002,1.3731644994305556,3.0,18.457243,3.4909782,68.049,0.32499998,0.5,,,,,4.0,2022-04-28,"ROE 17%, revenue CAGR 6%, profit CAGR 18%, debt-free, OCF/profit 1.4"
74,GULFOILLUB,NSE,Gulf Oil Lubricants India Limited,Basic Materials,Specialty Chemicals,5458.0461568,small (<30k cr),1118.5999755859375,4.406854625512695,T4 2-5cr,75.5,69.5,6.0,0.0,75.13080289193303,61.50200636502007,49.2331916233664,69.84241425481513,100.0,23.67800451741782,25.29399602754464,12.454941399616592,10.905948785359673,-0.3133134786044618,10.603925786487236,14.381379878582612,11.72075674139521,0.3688312112667328,18.142104289256505,1.8535903433475591,1.0697996398628584,3.0,14.659924,3.5411832,68.66,8.727,4.56,,,,,4.0,2014-07-31,"ROE 24%, revenue CAGR 11%, profit CAGR 14%, D/E 0.37, OCF/profit 1.1"
75,LGBBROSLTD,NSE,LG Balakrishnan & Bros Limited,Consumer Cyclical,Auto Parts,5385.7869824,small (<30k cr),1715.800048828125,3.88182603046875,T4 2-5cr,75.3,64.3,6.0,5.0,61.130136986301366,56.10915111793418,74.20091324200912,34.657534246575345,100.0,15.732151230035525,19.71103226475246,11.479912191521716,12.827777508377377,-1.701322815349835,12.288806810034837,8.158000400621713,19.07557157659674,0.1073168233456953,29.027697611295658,1.7772841510292223,1.0791380203137857,1.0,16.320316,2.5003629,37.662998,17.259,1.28,Auto & components PLI,sector-level only (Yahoo industry: Auto Parts),https://www.outlookbusiness.com/corporate/806-applications-approved-under-pli-schemes-across-14-sectors,,4.0,2010-03-30,"ROE 16%, revenue CAGR 12%, profit CAGR 8%, D/E 0.11, OCF/profit 1.1, policy: Auto & components PLI (sector)"
76,BAJAJCON,NSE,Bajaj Consumer Care Limited,Consumer Defensive,Household & Personal Products,6311.477248,small (<30k cr),483.0,24.646115188201904,T1 >=20cr,75.1,67.1,8.0,0.0,82.21153846153847,55.76923076923077,83.91151332327803,65.33748114630467,40.0,20.21753668874407,24.412127276110247,16.608854962906452,17.864240005319783,2.8365896120777823,6.717082524372975,10.957648794834896,21.446155812669662,0.0209241082687135,146.46947500785916,3.491801507209857,0.8034924194641063,3.0,28.934132,8.568895,43.986,22.329001,0.0,,,,,4.0,2010-08-18,"ROE 20%, revenue CAGR 7%, profit CAGR 11%, debt-free, OCF/profit 0.8"
77,GALAXYSURF,NSE,Galaxy Surfactants Limited,Basic Materials,Specialty Chemicals,8445.3220352,small (<30k cr),2434.0,8.05667190600586,T3 5-10cr,74.9,64.9,10.0,0.0,44.92960426179605,55.89456205894562,65.6778460085026,76.98527139767226,100.0,12.160301943206171,14.520476091905095,8.683952265935636,6.804358432265409,-2.846798490010557,5.675078591872662,-11.13264645120594,24.494141690346822,0.0857867336046312,21.209628275441805,2.403400202674118,1.4553080937557223,3.0,23.922869,3.0768118,72.641,16.070999,0.9,,,,,4.0,2018-02-08,"ROE 12%, revenue CAGR 6%, profit CAGR -11%, debt-free, OCF/profit 1.5"
78,FCL,NSE,Fineotex Chemical Limited,Basic Materials,Specialty Chemicals,6551.4815488,small (<30k cr),57.79999923706055,127.16621777991791,T1 >=20cr,74.8,71.8,3.0,0.0,64.62138508371386,74.73017849730178,82.63108171941427,35.94345452672778,100.0,17.972549964295396,23.833830482214605,14.840444236439366,15.971369705506412,-9.133877335648382,14.343069870273762,7.184803142208684,44.9615796156213,0.0092884274063683,271.18485169491527,2.8012796689382675,0.4233449456659235,2.0,43.953125,5.3030443,65.565,1.846,0.22,,,,,4.0,2015-01-15,"ROE 18%, revenue CAGR 14%, profit CAGR 7%, debt-free, OCF/profit 0.4"
79,GANESHHOU,NSE,GANESH HOUSING LIMITED,Real Estate,Real Estate - Development,5855.4413056,small (<30k cr),701.0999755859375,1.795174114074707,T5 1-2cr,74.8,75.8,-1.0,0.0,92.30769230769232,28.08906882591093,94.87179487179488,78.4188034188034,100.0,24.12156778878309,31.85585161439029,20.936235983943437,81.80414026980917,12.005249789110152,-5.784099736324899,46.746915605759696,-47.13907363839389,0.1203644025063074,808.6059212945936,5.500283626849771,0.9166758604368952,3.0,22.088707,2.511373,82.202005,0.437,0.21,,,,,4.0,2007-03-02,"ROE 24%, revenue CAGR -6%, profit CAGR 47%, D/E 0.12, OCF/profit 0.9"
80,KINGFA,NSE,Kingfa Science & Technology (India) Limited,Basic Materials,Specialty Chemicals,9274.5654272,small (<30k cr),6932.5,9.282125196875,T3 5-10cr,74.7,68.7,6.0,0.0,64.12195585996956,72.40556247405563,83.06723350653441,20.02265938819652,100.0,18.345035114943062,24.1729642499558,12.036249220758124,12.87608645552902,-6.245108482535756,12.438966990413892,31.53245599301775,14.27576498608647,0.0110081499529017,76.29989755333253,4.060995990389205,0.3087796834030847,1.0,41.095234,6.6279616,74.88,6.662999999999999,0.29,,,,,4.0,2016-11-15,"ROE 18%, revenue CAGR 12%, profit CAGR 32%, debt-free, OCF/profit 0.3"
81,AJMERA,NSE,Ajmera Realty & Infra India Limited,Real Estate,Real Estate - Development,2299.163648,small (<30k cr),117.98999786376952,3.1201787830963137,T4 2-5cr,74.7,71.7,3.0,0.0,64.42307692307692,63.3387314439946,69.23076923076923,72.86324786324786,100.0,11.009936392811628,13.195158985897864,5.533323659926386,27.282040361090697,-1.2296094806222089,36.2473516802704,27.95589736150128,47.75321635509162,0.5086272140267578,4.129294407220019,6.277538329767339,0.7816515831008416,3.0,17.130499,1.6413088,72.073996,2.427,0.86,,,,,4.0,2009-06-16,"ROE 11%, revenue CAGR 36%, profit CAGR 28%, D/E 0.51, OCF/profit 0.8"
82,HPL,NSE,HPL Electric & Power Limited,Industrials,Electrical Equipment & Parts,1683.7083136,small (<30k cr),266.29998779296875,2.416035950515747,T4 2-5cr,74.6,56.6,3.0,15.0,45.65217391304348,53.08078209416002,20.18976699495556,85.76649175412294,100.0,8.201928700551967,11.438067924426786,3.531884567205839,12.069300330567662,1.5104582363218224,12.789885726011828,44.47839093445556,6.519811274146536,0.7549351228456765,2.5605181510852737,1.3576613943425049,2.036227574542776,3.0,18.46615,1.6832192,72.665,0.207,0.38,"Power, T&D and RDSS","Order book > Rs 3,200 cr (Aug 2026), ~96% smart metering",https://www.tndindia.com/hpl-electric-power-ltd-order-book-surpasses-rs-3200-crore/amp/,,4.0,2016-10-04,"ROE 8%, revenue CAGR 13%, profit CAGR 44%, D/E 0.75, OCF/profit 2.0, policy: Power, T&D and RDSS (company evidence)"
83,JLHL,NSE,Jupiter Life Line Hospitals Limited,Healthcare,Medical Care Facilities,8107.2390144,small (<30k cr),250.0,2.283507858563232,T4 2-5cr,74.6,64.6,10.0,0.0,54.285714285714285,69.11949685534591,56.19047619047618,49.75446428571429,100.0,13.97239387555214,15.75679845113562,10.634965272840107,17.178769365263147,-1.354096459888794,18.852608186396868,38.57533880236444,15.151922663142049,0.3783731973130995,10.537684025488904,3.022840119165839,1.1510239119715937,1.0,44.800724,5.250531,65.769994,24.176,0.08,,,,,4.0,2023-09-18,"ROE 14%, revenue CAGR 19%, profit CAGR 39%, D/E 0.38, OCF/profit 1.2"
84,TALBROAUTO,NSE,Talbros Automotive Components Limited,Consumer Cyclical,Auto Parts,2541.3480448,small (<30k cr),417.0499877929688,9.183716504078674,T3 5-10cr,74.6,66.6,3.0,5.0,70.20547945205479,46.49324417414581,70.31963470319634,55.89530332681017,100.0,16.4708990478015,20.15722725693579,10.788615793317751,12.755530923034664,0.5657684476806857,10.58507224789642,23.272380331899576,6.0014382483907,0.112656568030389,11.854385674017577,1.9639765546713872,0.7501742194159841,3.0,22.70822,3.4219933,60.87200000000001,0.37200002,0.17,Auto & components PLI,sector-level only (Yahoo industry: Auto Parts),https://www.outlookbusiness.com/corporate/806-applications-approved-under-pli-schemes-across-14-sectors,,4.0,2006-09-29,"ROE 16%, revenue CAGR 11%, profit CAGR 23%, D/E 0.11, OCF/profit 0.8, policy: Auto & components PLI (sector)"
85,INDOBORAX,NSE,Indo Borax & Chemicals Limited,Basic Materials,Chemicals,1534.2229504,small (<30k cr),480.8999938964844,3.188474575968933,T4 2-5cr,74.6,68.6,6.0,0.0,66.0578386605784,51.28338176283381,94.96929617383088,35.19157482747966,100.0,12.98658199725439,17.500836917730965,12.284993714617036,19.18885538296161,-1.9810687687767332,-1.4467266975658366,-0.2797101208516062,22.93150048698771,0.0036990762656402,1007.3343419062028,20.848096792433434,0.3962150301284148,2.0,27.226652,3.9686887,47.365,,2.03,,,,,4.0,2022-03-29,"ROE 13%, revenue CAGR -1%, profit CAGR -0%, debt-free, OCF/profit 0.4"
86,RPGLIFE,NSE,RPG Life Sciences Limited,Healthcare,Drug Manufacturers - Specialty & Generic,4743.2241152,small (<30k cr),2892.800048828125,5.970966772631836,T3 5-10cr,74.5,67.5,2.0,5.0,70.35714285714285,46.33423180592991,84.28571428571429,42.99107142857143,100.0,25.649919077603663,33.4565751816342,19.82283929788475,18.04700854700855,-1.3597241536910438,11.305602687017611,19.411253134076123,8.410291256138613,0.0330387379202114,174.25842696629215,3.4843370492620043,0.5924314243530966,2.0,39.644733,7.8355136,76.453,5.5570003,0.82,Pharma / medical devices PLI,sector-level only (Yahoo industry: Drug Manufacturers - Specialty & Generic),https://www.pharma-dept.gov.in/schemes/archive,,4.0,2008-06-10,"ROE 26%, revenue CAGR 11%, profit CAGR 19%, debt-free, OCF/profit 0.6, policy: Pharma / medical devices PLI (sector)"
87,BHARATWIRE,NSE,Bharat Wire Ropes Limited,Basic Materials,Steel,1173.9191296,small (<30k cr),171.99000549316406,1.956312823550415,T5 1-2cr,74.4,61.4,8.0,5.0,55.1583904109589,31.66251556662516,71.81861124232404,69.090534555567,100.0,11.114574243617614,14.21031896974594,8.795600676199502,19.84886238610409,-3.123603152600449,-0.6963805784400923,5.199534175077147,-4.533067031025661,0.0923702074921435,12.531948805785516,6.569253111286958,1.061194358446844,3.0,18.195095,1.4439331,51.842,19.171,0.0,Specialty steel PLI,sector-level only (Yahoo industry: Steel),https://www.outlookbusiness.com/corporate/806-applications-approved-under-pli-schemes-across-14-sectors,,4.0,2016-04-01,"ROE 11%, revenue CAGR -1%, profit CAGR 5%, debt-free, OCF/profit 1.1, policy: Specialty steel PLI (sector)"
88,GPTINFRA,NSE,GPT Infraprojects Limited,Industrials,Engineering & Construction,1601.2921856,small (<30k cr),130.05999755859375,1.8049677803451536,T5 1-2cr,74.1,63.1,6.0,5.0,66.57608695652173,58.92612125889718,41.948915045239815,55.63312093953023,100.0,16.85010386854148,18.70101347721313,7.855677474250329,12.383671467270434,1.618304624409527,16.869603594158278,45.80223801889052,8.560663673271662,0.4877612728654452,8.077026484968723,1.5861618442780332,0.87801022926355,2.0,16.26701,2.6577182,69.368,11.409,3.08,Infrastructure capex,sector-level only (Yahoo industry: Engineering & Construction),https://www.outlookbusiness.com/budget/budget-2026-fm-sitharaman-raises-capex-for-fy27-to-122-lakh-crore ; https://prsindia.org/files/budget/budget_parliament/2026/Analysis_of_Expenditure_2026-27.pdf,,4.0,2016-07-11,"ROE 17%, revenue CAGR 17%, profit CAGR 46%, D/E 0.49, OCF/profit 0.9, policy: Infrastructure capex (sector)"
89,NESCO,NSE,Nesco Limited,Industrials,Conglomerates,7208.0539648,small (<30k cr),1028.9000244140625,3.958724508508301,T4 2-5cr,74.0,68.0,6.0,0.0,56.92934782608696,60.69483749249636,73.23144367042998,59.656109445277366,100.0,14.61375809085657,18.7452611021044,12.439738259060888,48.46361822200287,-6.451272982445943,19.51341375152498,12.402382866769113,27.3288616275734,0.0906815466456638,24.008032128514056,2.629897165788813,0.96763377727043,2.0,17.300861,2.4055533,70.231,4.784,0.68,,,,,4.0,2008-04-08,"ROE 15%, revenue CAGR 20%, profit CAGR 12%, debt-free, OCF/profit 1.0"
90,TSFINV,NSE,TSF INVESTMENTS LIMITED,Financial Services,Asset Management,8929.1923456,small (<30k cr),409.6000061035156,3.3581166507156373,T4 2-5cr,74.0,72.0,2.0,0.0,41.755319148936174,89.98845456044863,82.97872340425532,50.0,100.0,9.040825152859169,3.49802064211274,8.522753233218166,21.713228866111447,-275.4761488242644,127.02008684238204,29.988877273916835,843.2209752584586,0.0388872967249067,8.156788718318852,1.667299666304156,0.3995824880847212,3.0,18.466454,1.4895207,,6.046,2.67,,,,,4.0,2018-03-26,"ROE 9%, revenue CAGR 127%, profit CAGR 30%, debt-free, OCF/profit 0.4"
91,GARFIBRES,NSE,Garware Technical Fibres Limited,Consumer Cyclical,Textile Manufacturing,7486.6982912,small (<30k cr),773.75,2.356848953591919,T4 2-5cr,73.9,62.9,6.0,5.0,64.38356164383562,22.731607227208315,85.6164383561644,59.8238747553816,100.0,16.786347432369826,21.863348063853756,11.876245673880684,15.40615359176398,-2.871280537719299,5.563149537129664,4.882446420834175,-0.4657002649164132,0.0316112236640815,31.9711776135018,2.7376613095166986,0.900873372399696,3.0,36.148045,5.617097,59.212,13.114001,1.17,White goods / textiles / food PLI,sector-level only (Yahoo industry: Textile Manufacturing),https://www.india-briefing.com/news/indias-pli-scheme-for-white-goods-ac-and-led-status-updates-24506.html,,4.0,2007-04-03,"ROE 17%, revenue CAGR 6%, profit CAGR 5%, debt-free, OCF/profit 0.9, policy: White goods / textiles / food PLI (sector)"
92,KKCL,NSE,Kewal Kiran Clothing Limited,Consumer Cyclical,Apparel Manufacturing,2897.0000384,small (<30k cr),475.5499877929688,1.391666453982544,T5 1-2cr,73.8,67.8,6.0,0.0,65.75342465753424,57.20737875925051,80.13698630136986,39.9853228962818,100.0,18.516314887458982,23.482641929634827,12.67279947420383,16.100938078261304,-4.86512808588369,15.846457725954144,6.036055863498202,20.659114472052558,0.1365328125358123,17.10600535468853,3.4264404853056125,0.755638737554864,2.0,19.694176,3.0865495,74.291,8.485,0.84,,,,,4.0,2006-04-13,"ROE 19%, revenue CAGR 16%, profit CAGR 6%, D/E 0.14, OCF/profit 0.8"
93,BEPL,NSE,Bhansali Engineering Polymers Limited,Basic Materials,Chemicals,3167.968256,small (<30k cr),127.61000061035156,10.959510942097092,T2 10-20cr,73.8,70.8,3.0,0.0,77.4781202435312,30.534800055348,96.00456621004568,63.82737666083016,100.0,18.011572023810203,24.480844319739152,15.772219514282112,16.363349958150604,-0.1980921209892407,-2.163893446916642,9.623232583800135,-8.709729831012659,0.0,274958.22222222225,5.87795724839411,0.9412856578628144,3.0,15.833334,2.9245543,63.081,0.952,3.13,,,,,4.0,2005-03-21,"ROE 18%, revenue CAGR -2%, profit CAGR 10%, debt-free, OCF/profit 0.9"
94,MAHSEAMLES,NSE,Maharashtra Seamless Limited,Basic Materials,Steel,9158.848512,small (<30k cr),692.75,17.505820712609864,T2 10-20cr,73.7,62.7,6.0,5.0,53.55308219178082,19.37871869378719,95.42906628877344,69.46647440519106,100.0,13.020488525416472,16.942870009147104,11.522161244267776,12.592340313330844,-8.520783661136353,-6.540920656853388,-2.846752411199671,-11.770293743602467,0.0019428629598121,1403.1194029850749,14.16861695347355,1.0632780125675392,3.0,12.422755,1.3325976,72.130996,7.131,1.44,Specialty steel PLI,sector-level only (Yahoo industry: Steel),https://www.outlookbusiness.com/corporate/806-applications-approved-under-pli-schemes-across-14-sectors,,4.0,2004-08-25,"ROE 13%, revenue CAGR -7%, profit CAGR -3%, debt-free, OCF/profit 1.1, policy: Specialty steel PLI (sector)"
95,FMGOETZE,NSE,Federal-Mogul Goetze (India) Limited.,Consumer Cyclical,Auto Parts,2443.91936,small (<30k cr),441.1499938964844,6.78863895960083,T3 5-10cr,73.5,69.5,-1.0,5.0,65.41095890410959,37.50076267516926,91.09589041095892,70.53816046966732,100.0,12.028255795845572,17.58009957790163,8.551789171324515,11.47369950465882,1.609934884013283,6.39834540937172,19.15619976085907,8.874443738367832,0.0007193343286386,34.61800986267689,2.9775732661485645,1.5264427502044302,3.0,14.304787,1.701302,78.032994,0.333,3.4,Auto & components PLI,sector-level only (Yahoo industry: Auto Parts),https://www.outlookbusiness.com/corporate/806-applications-approved-under-pli-schemes-across-14-sectors,,4.0,1995-02-08,"ROE 12%, revenue CAGR 6%, profit CAGR 19%, debt-free, OCF/profit 1.5, policy: Auto & components PLI (sector)"
96,NDRAUTO,NSE,Ndr Auto Components Limited,Consumer Cyclical,Auto Parts,1696.10752,small (<30k cr),716.5999755859375,1.1888536048034668,T5 1-2cr,73.5,67.5,1.0,5.0,68.66438356164383,73.38177550779405,60.95890410958904,32.157534246575345,100.0,16.734055200464734,19.789967288938552,10.577887213871104,8.59760799585789,1.653330605506202,28.18156728317969,30.1351271960681,15.29835650217375,0.1724838539332721,25.434138259028565,1.222141398164724,0.9638755391771178,1.0,26.0535,4.7275505,0.119,73.178,0.57,Auto & components PLI,sector-level only (Yahoo industry: Auto Parts),https://www.outlookbusiness.com/corporate/806-applications-approved-under-pli-schemes-across-14-sectors,,4.0,2020-07-30,"ROE 17%, revenue CAGR 28%, profit CAGR 30%, D/E 0.17, OCF/profit 1.0, policy: Auto & components PLI (sector)"
97,ROLEXRINGS,NSE,Rolex Rings Limited,Industrials,Metal Fabrication,4575.8763008,small (<30k cr),183.6699981689453,25.2715036359436,T1 >=20cr,73.5,65.5,8.0,0.0,58.42391304347826,17.314124003087215,98.91004083593562,78.869940029985,100.0,15.076224758301718,19.237233531458443,12.593779716219736,18.23021881548889,-2.168235631967203,-1.0816404921093148,-10.693176936974536,-0.1429034666344919,0.0,4642.195121951219,8.28753188121134,1.354751206134998,3.0,43.390545,3.9142337,55.409,32.759,0.0,,,,,4.0,2021-08-09,"ROE 15%, revenue CAGR -1%, profit CAGR -11%, debt-free, OCF/profit 1.4"
98,EMUDHRA,NSE,eMudhra Limited,Technology,Software - Application,4863.5404288,small (<30k cr),605.5,39.538316375,T1 >=20cr,73.5,67.5,6.0,0.0,46.3082315694256,66.06529641355512,83.0242725765114,52.135872362326296,100.0,11.541318553614396,14.485887477219729,9.547055006040036,17.898885373015194,-8.118551423288402,41.2864879823482,20.453963876382208,35.07898764885393,0.0315826558800965,27.405188015282526,2.7602281368821293,1.147636956342946,1.0,42.647484,5.3378954,67.609,9.514,0.21,,,,,4.0,2022-06-01,"ROE 12%, revenue CAGR 41%, profit CAGR 20%, debt-free, OCF/profit 1.1"
99,PGIL,NSE,Pearl Global Industries Limited,Consumer Cyclical,Apparel Manufacturing,11750.8743168,small (<30k cr),1273.0999755859375,21.17487988047485,T1 >=20cr,73.4,63.4,10.0,0.0,57.53424657534247,58.57042690127539,46.11872146118722,67.68101761252446,100.0,20.76878216041009,16.779325712170436,8.976506177303715,8.076929463781878,-0.8470421082988597,17.463440144516262,22.98689189813574,11.98245796585844,0.6458683663160559,5.961530564449378,1.5961125242392662,1.3224648636246177,3.0,37.924866,8.041827,59.914,24.047,0.57,,,,,4.0,2007-02-15,"ROE 21%, revenue CAGR 17%, profit CAGR 23%, D/E 0.65, OCF/profit 1.3"
100,LINCOLN,NSE,Lincoln Pharmaceuticals Limited,Healthcare,Drug Manufacturers - Specialty & Generic,1126.3717376,small (<30k cr),577.7999877929688,1.359336366607666,T5 1-2cr,73.3,65.3,3.0,5.0,48.21428571428572,35.13027852650494,96.1904761904762,68.28125,100.0,13.199944937549802,17.48726984714804,11.17564692157416,12.950695710259838,-2.4867966245897595,9.462319746525583,6.433487858240294,7.645654797459556,0.0058360787295151,277.68102416846136,5.250681034506049,0.9963820234183828,3.0,11.6767025,1.4863575,55.055,0.753,0.31,Pharma / medical devices PLI,sector-level only (Yahoo industry: Drug Manufacturers - Specialty & Generic),https://www.pharma-dept.gov.in/schemes/archive,,4.0,2015-12-17,"ROE 13%, revenue CAGR 9%, profit CAGR 6%, debt-free, OCF/profit 1.0, policy: Pharma / medical devices PLI (sector)"
101,JAGSNPHARM,NSE,Jagsonpal Pharmaceuticals Limited,Healthcare,Drug Manufacturers - Specialty & Generic,1536.2737152,small (<30k cr),235.3999938964844,1.3285365303497314,T5 1-2cr,73.3,69.3,-1.0,5.0,73.21428571428571,32.54267744833783,85.23809523809524,72.1875,100.0,16.88605400603069,21.50917623556984,14.615916347339915,16.93097745669771,6.577938194975255,6.659472454417625,17.259413181777216,6.88794117209246,0.0295649088249351,70.13221153846153,5.056505760124391,1.1338633865454266,3.0,34.65872,5.902688,75.93900599999999,2.5799999,1.07,Pharma / medical devices PLI,sector-level only (Yahoo industry: Drug Manufacturers - Specialty & Generic),https://www.pharma-dept.gov.in/schemes/archive,,4.0,2000-03-01,"ROE 17%, revenue CAGR 7%, profit CAGR 17%, debt-free, OCF/profit 1.1, policy: Pharma / medical devices PLI (sector)"
102,JKIL,NSE,J.Kumar Infraprojects Limited,Industrials,Engineering & Construction,3301.6643584,small (<30k cr),442.2000122070313,2.4599011477340698,T4 2-5cr,73.2,58.2,10.0,5.0,48.91304347826087,34.229482891690246,49.37344863479863,83.4676411794103,100.0,12.334178010339077,15.740576097708171,6.723833866535407,10.965884966880209,-0.0206332045446995,10.83677875656992,12.13523786749504,0.518848929804494,0.1844127829559004,7.909633125321272,1.6207369374763894,1.6616835372216954,3.0,8.666336,0.9741608,54.636,15.759,0.9,Infrastructure capex,sector-level only (Yahoo industry: Engineering & Construction),https://www.outlookbusiness.com/budget/budget-2026-fm-sitharaman-raises-capex-for-fy27-to-122-lakh-crore ; https://prsindia.org/files/budget/budget_parliament/2026/Analysis_of_Expenditure_2026-27.pdf,,4.0,2008-02-12,"ROE 12%, revenue CAGR 11%, profit CAGR 12%, D/E 0.18, OCF/profit 1.7, policy: Infrastructure capex (sector)"
103,AURIONPRO,NSE,Aurionpro Solutions Limited,Technology,Software - Application,3348.491264,small (<30k cr),612.7999877929688,7.969512704043579,T3 5-10cr,73.0,67.0,6.0,0.0,51.58864767073722,59.53397993198988,79.56429971355344,55.223880597014926,100.0,13.197014431452386,15.75867745494036,9.532560229449071,17.23872642408314,-2.4679571144868326,28.869389687734227,29.07669129091501,20.30048413122585,0.0349191237560887,56.44053855145244,2.408632909851643,0.7013422556068055,2.0,16.610622,1.9275974,54.24099999999999,14.284,0.49,,,,,4.0,2005-10-25,"ROE 13%, revenue CAGR 29%, profit CAGR 29%, debt-free, OCF/profit 0.7"
104,HERITGFOOD,NSE,Heritage Foods Limited,Consumer Defensive,Packaged Foods,3689.1049984,small (<30k cr),398.75,10.371130690841674,T2 10-20cr,73.0,62.0,6.0,5.0,48.55769230769231,62.82051282051282,43.31322272498743,70.07918552036199,100.0,15.387718794281696,18.333397813427347,9.366412577351475,4.257596328567395,0.2171619197610699,11.77387663668994,37.324320683600696,9.45862358861278,0.3276299463166204,13.268529250289758,1.4044907414907577,1.889982852660984,2.0,27.323023,3.34365,54.203,6.898,0.63,White goods / textiles / food PLI,sector-level only (Yahoo industry: Packaged Foods),https://www.india-briefing.com/news/indias-pli-scheme-for-white-goods-ac-and-led-status-updates-24506.html,,4.0,1996-11-27,"ROE 15%, revenue CAGR 12%, profit CAGR 37%, D/E 0.33, OCF/profit 1.9, policy: White goods / textiles / food PLI (sector)"
105,VIYASH,NSE,Viyash Scientific Limited,Healthcare,Drug Manufacturers - Specialty & Generic,10643.439616,small (<30k cr),240.7700042724609,45.69151596754303,T1 >=20cr,72.8,63.8,4.0,5.0,40.71428571428572,65.23809523809524,53.333333333333336,77.36607142857143,100.0,0.5272562556704242,4.805744681197336,0.6879013297122479,13.42041209296146,10.710831473770948,33.268839542192175,,13.28076306970476,0.1682387171683167,6.474043287327478,2.38323199479072,4.241546451240623,2.0,57.16351,3.6166418,55.615,9.6190006,0.0,Pharma / medical devices PLI,sector-level only (Yahoo industry: Drug Manufacturers - Specialty & Generic),https://www.pharma-dept.gov.in/schemes/archive,,4.0,2016-03-10,"ROE 1%, revenue CAGR 33%, D/E 0.17, OCF/profit 4.2, policy: Pharma / medical devices PLI (sector)"
106,JINDRILL,NSE,Jindal Drilling And Industries Limited,Energy,Oil & Gas Equipment & Services,1706.117632,small (<30k cr),598.0999755859375,13.111175487200928,T2 10-20cr,72.6,69.6,3.0,0.0,48.4375,69.72222222222223,64.58333333333333,80.625,100.0,9.639504461282671,10.615672577040565,6.107491938146212,23.281445891166012,-0.0374645701730216,24.842759681325767,29.539905366572786,20.364995902552607,0.1032920639816234,33.04243172349946,1.5788837706107568,2.089597069965175,2.0,8.900817,0.9372175,71.809995,0.223,0.17,,,,,4.0,2006-12-22,"ROE 10%, revenue CAGR 25%, profit CAGR 30%, D/E 0.10, OCF/profit 2.1"
107,KSL,NSE,Kalyani Steels Limited,Basic Materials,Steel,4012.7352832,small (<30k cr),932.6500244140624,8.299021730911255,T3 5-10cr,72.5,61.5,6.0,5.0,69.10435692541857,34.88653659886537,60.22043772634231,56.24420640642703,100.0,13.535860268346154,15.051668097082183,9.218029928268866,16.880170302883236,0.8020510843241695,-1.0955873684463269,15.576242996846013,-7.352234109792233,0.2256744565225137,46.75766346533351,2.1363722742173024,1.1078131042031236,2.0,15.139508,1.9017321,65.22099999999999,12.494001,1.06,Specialty steel PLI,sector-level only (Yahoo industry: Steel),https://www.outlookbusiness.com/corporate/806-applications-approved-under-pli-schemes-across-14-sectors,,4.0,2010-05-19,"ROE 14%, revenue CAGR -1%, profit CAGR 16%, D/E 0.23, OCF/profit 1.1, policy: Specialty steel PLI (sector)"
108,IIFLCAPS,NSE,IIFL Capital Services Limited,Financial Services,Capital Markets,10917.486592,small (<30k cr),346.8500061035156,12.860107285925292,T2 10-20cr,72.5,66.5,6.0,0.0,62.16405375139978,51.04733630216065,78.72340425531915,50.0,100.0,25.13396572323917,24.933897159818404,7.110971466512757,17.58064931062261,-6.1164386910887565,19.918313674651888,30.92015371637935,-0.1695028771678264,0.6271319680387459,5.516713150146617,1.6685256625683451,-0.1770804521760552,1.0,19.965399,3.5112987,58.478,14.541,0.87,,,,,4.0,2019-09-20,"ROE 25%, revenue CAGR 20%, profit CAGR 31%, D/E 0.63, OCF/profit -0.2"
109,ALKYLAMINE,NSE,Alkyl Amines Chemicals Limited,Basic Materials,Specialty Chemicals,9703.329792,small (<30k cr),1918.9000244140625,6.496528533178711,T3 5-10cr,72.5,66.5,6.0,0.0,66.03405631659056,24.00373599003736,86.28562431113211,78.4890307961685,100.0,12.252616062522454,16.615965120073593,9.76715472155518,14.304094373340398,0.4579284926975298,-3.0067822725869275,-7.665708644367242,-2.345407019175416,0.0007750909696586,349.1086645696311,3.116775007447415,1.5076996178152986,3.0,44.128864,6.32759,72.73000499999999,5.353,0.51,,,,,4.0,2007-11-26,"ROE 12%, revenue CAGR -3%, profit CAGR -8%, debt-free, OCF/profit 1.5"
110,MONARCH,NSE,Monarch Networth Capital Limited,Financial Services,Capital Markets,2723.8449152,small (<30k cr),347.1499938964844,2.428290914237976,T4 2-5cr,72.4,69.4,3.0,0.0,71.93449048152294,40.80488207158172,93.61702127659576,50.0,100.0,24.32912453190019,29.40801554345124,12.94532795026301,41.12834669332353,-15.27937863638504,10.925797611264288,61.55495523899919,-11.245565525089663,0.0383022095496414,61.35541007905138,2.322730844199411,0.079370965139155,2.0,15.063598,2.8012955,70.42699999999999,1.214,0.29,,,,,4.0,2022-01-06,"ROE 24%, revenue CAGR 11%, profit CAGR 62%, debt-free, OCF/profit 0.1"
111,GVPIL,NSE,GE Power India Limited,Industrials,Engineering & Construction,4563.400704,small (<30k cr),698.1500244140625,10.056370998522947,T2 10-20cr,72.3,64.3,3.0,5.0,57.8804347826087,40.03623188405797,56.72491792777644,90.07683658170914,100.0,-47.170571631696674,13.77011845498726,5.087615369281675,21.102134615840225,36.53237874448356,-10.86653489064856,,21.08494219570269,0.030195351392179,16.00365296803653,1.2811014899349096,3.626002532714225,3.0,13.330715,7.8336334,70.083,0.15,1.0,Infrastructure capex,sector-level only (Yahoo industry: Engineering & Construction),https://www.outlookbusiness.com/budget/budget-2026-fm-sitharaman-raises-capex-for-fy27-to-122-lakh-crore ; https://prsindia.org/files/budget/budget_parliament/2026/Analysis_of_Expenditure_2026-27.pdf,,4.0,2000-04-19,"ROE -47%, revenue CAGR -11%, debt-free, OCF/profit 3.6, policy: Infrastructure capex (sector)"
112,ADOR,NSE,Ador Welding Limited,Industrials,Specialty Industrial Machinery,2668.3738112,small (<30k cr),1552.0999755859375,4.171243159680175,T4 2-5cr,72.3,66.3,6.0,0.0,56.52173913043478,38.36399108138239,78.53310913603973,79.15729635182409,100.0,14.969028881880128,20.763177984877004,10.402483007577356,10.19710697822286,-0.1039652697520434,13.66264962225594,11.406061544425206,1.298910418120336,0.0053206839333381,53.995391705069125,2.139784521883263,1.3622478007790275,3.0,23.281202,4.8126483,58.372,10.383,1.48,,,,,4.0,1995-05-10,"ROE 15%, revenue CAGR 14%, profit CAGR 11%, debt-free, OCF/profit 1.4"
113,GOKULAGRO,NSE,Gokul Agro Resources Limited,Consumer Defensive,Packaged Foods,6208.9199616,small (<30k cr),212.4199981689453,5.320308185800934,T3 5-10cr,72.2,70.2,-3.0,5.0,63.94230769230769,82.05128205128204,30.32931121166415,83.96493212669682,100.0,22.31114360605275,27.39804775305873,5.915849170951181,2.922389571420457,1.0111332636578767,30.64895924083546,40.77298281659427,22.242178695784908,0.4140466763460997,4.1671841053300325,1.231963038517563,1.528631755226699,3.0,11.820787,4.373883,79.143995,1.602,0.0,White goods / textiles / food PLI,sector-level only (Yahoo industry: Packaged Foods),https://www.india-briefing.com/news/indias-pli-scheme-for-white-goods-ac-and-led-status-updates-24506.html,,4.0,2016-03-11,"ROE 22%, revenue CAGR 31%, profit CAGR 41%, D/E 0.41, OCF/profit 1.5, policy: White goods / textiles / food PLI (sector)"
114,HEIDELBERG,NSE,HeidelbergCement India Limited,Basic Materials,Building Materials,2861.4469632,small (<30k cr),127.48999786376952,1.8559656571670533,T5 1-2cr,72.1,61.1,6.0,5.0,45.01284246575342,47.91061297910613,50.35112580695954,85.63188793902566,100.0,9.6099572981241,14.122968526328606,5.332588871822284,8.284123356847568,-1.121663971761242,1.571591293287855,10.545842703355458,8.230008228605623,0.0103728541750191,11.72053675612602,1.1036001217998266,1.9885181286263371,3.0,24.612085,2.0804772,71.174,14.61,5.49,Infrastructure capex,sector-level only (Yahoo industry: Building Materials),https://www.outlookbusiness.com/budget/budget-2026-fm-sitharaman-raises-capex-for-fy27-to-122-lakh-crore ; https://prsindia.org/files/budget/budget_parliament/2026/Analysis_of_Expenditure_2026-27.pdf,,4.0,1995-03-15,"ROE 10%, revenue CAGR 2%, profit CAGR 11%, debt-free, OCF/profit 2.0, policy: Infrastructure capex (sector)"
115,SANDHAR,NSE,Sandhar Technologies Limited,Consumer Cyclical,Auto Parts,3326.8903936,small (<30k cr),561.2999877929688,5.377076017425537,T3 5-10cr,72.0,57.0,10.0,5.0,43.15068493150685,76.86611852464178,26.94063926940639,43.94324853228963,100.0,12.71091313691834,11.9857560299347,5.105066297347428,5.64138982160202,0.1889138144839881,18.708374413247,39.63393029763432,24.910252598500943,0.860840394177058,4.946298845182913,0.9438743675441252,1.6257035149139274,1.0,15.9641,2.490414,70.379996,15.428,0.71,Auto & components PLI,sector-level only (Yahoo industry: Auto Parts),https://www.outlookbusiness.com/corporate/806-applications-approved-under-pli-schemes-across-14-sectors,,4.0,2018-04-02,"ROE 13%, revenue CAGR 19%, profit CAGR 40%, D/E 0.86, OCF/profit 1.6, policy: Auto & components PLI (sector)"
116,MASFIN,NSE,MAS Financial Services Limited,Financial Services,Credit Services,4866.5796608,small (<30k cr),270.25,5.26166990758667,T3 5-10cr,72.0,62.0,10.0,0.0,51.3437849944009,69.09120897245587,46.80851063829788,50.0,100.0,12.819942999110555,3.733654252811753,2.6247366232671228,11.793546028450749,-0.5496352713221455,25.508089682977463,22.233218891674557,20.48752861221889,3.4689850414059533,425.3613445378151,1.5367848384774894,-4.584823726196603,0.0,12.342384,1.6342498,70.842004,17.212,0.74,,,,,4.0,2017-10-18,"ROE 13%, revenue CAGR 26%, profit CAGR 22%, D/E 3.47, OCF/profit -4.6"
117,UNIPARTS,NSE,Uniparts India Limited,Industrials,Farm & Heavy Construction Machinery,3555.4844672,small (<30k cr),812.2999877929688,8.31233049210205,T3 5-10cr,72.0,66.0,6.0,0.0,67.11956521739131,31.887273818711947,70.33889823044278,81.16879060469765,100.0,14.158051952840497,16.739151955103342,10.395539162443685,17.843395873281565,4.402194799408552,-4.7949927703818895,-8.237360836304397,21.518058484902447,0.1777126254682982,25.51317201096674,3.0813703356619526,1.4969003363808866,3.0,19.738228,4.0863266,65.90699599999999,3.9809998,1.94,,,,,4.0,2022-12-12,"ROE 14%, revenue CAGR -5%, profit CAGR -8%, D/E 0.18, OCF/profit 1.5"
118,SANOFI,NSE,Sanofi India Limited,Healthcare,Drug Manufacturers - General,6936.8233984,small (<30k cr),3023.800048828125,4.041622260070801,T4 2-5cr,72.0,61.0,6.0,5.0,84.28571428571428,7.1069182389937104,69.99999999999999,61.25,100.0,50.347233345285424,52.888744805150814,28.949729489445897,24.898541186793903,2.023087008352242,-12.55768354712007,-19.255592060166997,-8.325791855203624,0.0237586759209823,262.5882352941176,1.6292226292226293,0.8416350234532053,3.0,21.424,8.397177,75.793,22.971001,4.07,Pharma / medical devices PLI,sector-level only (Yahoo industry: Drug Manufacturers - General),https://www.pharma-dept.gov.in/schemes/archive,,4.0,2003-05-19,"ROE 50%, revenue CAGR -13%, profit CAGR -19%, debt-free, OCF/profit 0.8, policy: Pharma / medical devices PLI (sector)"
119,EPL,NSE,EPL Limited,Consumer Cyclical,Packaging & Containers,7530.3149568,small (<30k cr),237.02999877929688,33.856295094923404,T1 >=20cr,71.8,65.8,6.0,0.0,65.58219178082192,49.47491044717367,49.54337899543378,80.89530332681016,100.0,13.015981097409826,15.052610709307574,7.49914849347064,12.189540425353236,2.3474270153124746,9.12859743460772,19.70955259758613,13.049153869888208,0.3368093221821744,5.190061028770706,1.5624124456241244,2.189678493392987,3.0,19.446562,2.6247692,29.893,22.51,2.11,,,,,4.0,2002-02-11,"ROE 13%, revenue CAGR 9%, profit CAGR 20%, D/E 0.34, OCF/profit 2.2"
120,FILATEX,NSE,Filatex India Limited,Consumer Cyclical,Textile Manufacturing,4800.2707456,small (<30k cr),111.62999725341795,51.50305501630173,T1 >=20cr,71.8,60.8,6.0,5.0,52.397260273972606,29.42971579278853,70.77625570776256,74.82387475538161,100.0,10.476779587250157,13.3297402761375,6.192101980401868,6.531853469474798,2.595551880145549,-1.080356807087246,26.79388072868609,-2.1090185152297325,0.0998793555670687,32.45011458346669,1.4291910771192586,1.698885185933257,3.0,25.139534,4.9896145,71.772003,8.334999999999999,0.27,White goods / textiles / food PLI,sector-level only (Yahoo industry: Textile Manufacturing),https://www.india-briefing.com/news/indias-pli-scheme-for-white-goods-ac-and-led-status-updates-24506.html,,4.0,2011-08-29,"ROE 10%, revenue CAGR -1%, profit CAGR 27%, debt-free, OCF/profit 1.7, policy: White goods / textiles / food PLI (sector)"
121,TAJGVK,NSE,Taj GVK Hotels & Resorts Limited,Consumer Cyclical,Lodging,2002.3724032,small (<30k cr),320.45001220703125,1.559153159819031,T5 1-2cr,71.8,68.8,3.0,0.0,76.36986301369863,62.76602601952448,66.66666666666667,37.84246575342466,100.0,23.77366871777612,24.97840792693261,15.117586821192813,28.06409865560797,-0.878603159881127,9.837539008631246,72.27160718727194,13.198613086127596,0.1250970096379423,94.09546674815024,1.261529769618816,0.6875993619491301,2.0,4.865174,1.9594069,72.382003,2.8499998,0.63,,,,,4.0,2000-12-20,"ROE 24%, revenue CAGR 10%, profit CAGR 72%, D/E 0.13, OCF/profit 0.7"
122,MASTEK,NSE,Mastek Limited,Technology,Information Technology Services,5159.460864,small (<30k cr),1624.9000244140625,10.405634659191897,T2 10-20cr,71.6,61.6,10.0,0.0,57.63229308005427,29.692446856625963,62.05336951605609,82.19248584662893,100.0,14.385435189308811,16.311415635338808,9.12501451090638,14.831988046708783,0.5458052601783727,13.03224582207545,11.30114724748501,7.151185386708114,0.1464846165416047,18.10600590744995,2.1568075404718914,1.2575679028346078,3.0,12.428113,1.6685333,49.158,24.827999,1.48,,,,,4.0,1995-05-10,"ROE 14%, revenue CAGR 13%, profit CAGR 11%, D/E 0.15, OCF/profit 1.3"
123,PRIVISCL,NSE,Privi Speciality Chemicals Limited,Basic Materials,Specialty Chemicals,13515.6957184,small (<30k cr),3519.199951171875,35.87924134604492,T1 >=20cr,71.6,65.6,6.0,0.0,84.75551750380518,86.96208661962088,30.91481656432057,69.77804099289318,40.0,16.80112066455469,16.155965662591456,7.028532288402331,19.975565786246545,8.250674167532877,16.55148370009476,145.21071989417376,21.512794162866378,0.7230547289881023,6.365262008333994,1.4605296465331918,1.9455241323804373,2.0,38.63332,9.569087,58.542997,9.356,0.28,,,,,4.0,2015-05-08,"ROE 17%, revenue CAGR 17%, profit CAGR 145%, D/E 0.72, OCF/profit 1.9"
124,YATHARTH,NSE,Yatharth Hospital & Trauma Care Services Limited,Healthcare,Medical Care Facilities,9894.629376,small (<30k cr),1032.699951171875,42.05325108294678,T1 >=20cr,71.5,65.5,6.0,0.0,44.285714285714285,82.60557053009883,76.19047619047619,23.482142857142858,100.0,10.358000301270357,13.22494329605936,8.819389973317758,18.30432482177381,-4.468575511834423,31.98954753512337,38.67190345148797,35.876436422612066,0.148319463180726,35.20964039785769,3.87214082944497,0.7911893434823977,0.0,55.992367,5.5590444,56.938,12.771,0.1,,,,,4.0,2023-08-07,"ROE 10%, revenue CAGR 32%, profit CAGR 39%, D/E 0.15, OCF/profit 0.8"
125,JAYNECOIND,NSE,Jayaswal Neco Industries Limited,Basic Materials,Steel,9118.6454528,small (<30k cr),95.23999786376952,23.303635625888063,T1 >=20cr,71.5,65.5,1.0,5.0,64.07201293759513,64.93012314930122,22.420091324200914,91.6469255330106,100.0,10.106598216240974,15.535127016010357,4.387226487166498,14.605298324409722,1.634784601408496,3.952048082596993,26.852573613034657,18.844350907627216,0.7476206457810755,2.5428033217031283,1.3905138144012703,4.374145407346764,3.0,16.163511,3.209172,68.17500600000001,0.377,0.0,Specialty steel PLI,sector-level only (Yahoo industry: Steel),https://www.outlookbusiness.com/corporate/806-applications-approved-under-pli-schemes-across-14-sectors,,4.0,1995-05-10,"ROE 10%, revenue CAGR 4%, profit CAGR 27%, D/E 0.75, OCF/profit 4.4, policy: Specialty steel PLI (sector)"
126,SAKSOFT,NSE,Saksoft Limited,Technology,Information Technology Services,1795.5528704,small (<30k cr),139.0800018310547,2.838801550019073,T4 2-5cr,71.5,68.5,3.0,0.0,69.22207146087743,38.02703653449922,73.55646012362429,79.60627895007721,100.0,17.90348992322445,23.062103314184142,11.853393472642354,17.249161281226698,0.8649827156596537,14.806189962095909,17.583316622932465,14.063503316500746,0.0560698472444563,22.282786399715672,2.16569479822327,1.1790055019941403,3.0,14.402061,2.2926822,71.194,0.207,0.79,,,,,4.0,2005-05-09,"ROE 18%, revenue CAGR 15%, profit CAGR 18%, debt-free, OCF/profit 1.2"
127,EVEREADY,NSE,Eveready Industries India Limited,Industrials,Electrical Equipment & Parts,2335.4417152,small (<30k cr),320.5,1.8221565240386963,T5 1-2cr,71.5,60.5,6.0,5.0,62.36413043478261,49.30001715118772,40.89498758907839,62.81702898550724,100.0,20.89336670080261,18.20119499976636,9.549286437848632,9.383204838399116,0.804848117113357,2.880487538358989,83.79993380290796,8.009875290608282,0.3239520885990097,10.162670518199592,1.32216953976043,1.144091618818623,2.0,13.103588,3.749037,59.585,7.526,0.78,"Power, T&D and RDSS",sector-level only (Yahoo industry: Electrical Equipment & Parts),https://www.tndindia.com/genus-power-outstanding-order-book-exceeds-rs-25000-crore/amp/,,4.0,2005-04-27,"ROE 21%, revenue CAGR 3%, profit CAGR 84%, D/E 0.32, OCF/profit 1.1, policy: Power, T&D and RDSS (sector)"
128,SUPRAJIT,NSE,Suprajit Engineering Limited,Consumer Cyclical,Auto Parts,6332.8841728,small (<30k cr),465.1499938964844,3.362778825177002,T4 2-5cr,71.4,56.4,10.0,5.0,39.38356164383561,52.45660132262636,41.09589041095891,68.39530332681016,100.0,10.915325669484794,13.429083074478417,5.291459519089785,6.527216553816562,-1.2000601030695597,11.580773230856888,6.293445107016527,16.826349943821196,0.6907886449820555,5.5819820957734025,1.4513079258597,1.3467992555787074,3.0,33.94485,4.4105706,50.562,21.983999,0.75,Auto & components PLI,sector-level only (Yahoo industry: Auto Parts),https://www.outlookbusiness.com/corporate/806-applications-approved-under-pli-schemes-across-14-sectors,,4.0,2005-02-18,"ROE 11%, revenue CAGR 12%, profit CAGR 6%, D/E 0.69, OCF/profit 1.3, policy: Auto & components PLI (sector)"
129,ORIENTELEC,NSE,Orient Electric Limited,Consumer Cyclical,"Furnishings, Fixtures & Appliances",3497.250816,small (<30k cr),160.72999572753906,2.242867166386413,T4 2-5cr,71.4,56.4,10.0,5.0,50.68493150684932,36.867471658006615,60.04566210045662,49.9853228962818,100.0,12.124744441648213,16.361919074410356,5.430105007491288,4.694203880354713,1.5735781678419052,9.59954710084785,8.1094704288885,7.397150731980684,0.1228127877910801,9.352067183462532,1.4262400348930189,1.2354120792702108,2.0,31.76163,4.60055,46.150002,33.79,0.93,White goods / textiles / food PLI,"sector-level only (Yahoo industry: Furnishings, Fixtures & Appliances)",https://www.india-briefing.com/news/indias-pli-scheme-for-white-goods-ac-and-led-status-updates-24506.html,,4.0,2018-05-14,"ROE 12%, revenue CAGR 10%, profit CAGR 8%, D/E 0.12, OCF/profit 1.2, policy: White goods / textiles / food PLI (sector)"
130,IFBIND,NSE,IFB Industries Limited,Consumer Cyclical,"Furnishings, Fixtures & Appliances",4835.1080448,small (<30k cr),1212.300048828125,3.3551855626953127,T4 2-5cr,71.3,66.3,0.0,5.0,47.43150684931507,61.46625531412375,58.219178082191775,82.68101761252446,100.0,11.856802012188307,15.65801311186918,4.377992117739405,3.718582893789912,1.4478147011836584,10.26817712296504,112.59886945399536,10.52946364921523,0.156705466095732,10.297101449275363,1.334946851207706,2.453792794808682,3.0,30.14145,4.860099,77.917,5.158,0.0,White goods / textiles / food PLI,"sector-level only (Yahoo industry: Furnishings, Fixtures & Appliances)",https://www.india-briefing.com/news/indias-pli-scheme-for-white-goods-ac-and-led-status-updates-24506.html,,4.0,1995-03-29,"ROE 12%, revenue CAGR 10%, profit CAGR 113%, D/E 0.16, OCF/profit 2.5, policy: White goods / textiles / food PLI (sector)"
131,DLINKINDIA,NSE,D-Link (India) Limited,Technology,Communication Equipment,1470.43328,small (<30k cr),419.2000122070313,1.8843591375,T5 1-2cr,71.3,63.3,3.0,5.0,57.59271822704658,26.64287987671072,85.05955073119253,68.39938239835307,100.0,21.26346499885088,28.23609787754937,13.36226568115864,8.034442833806901,-0.9608384726143502,9.87103013517774,6.410815056048191,13.139993273896788,0.0292776950407694,106.42905532555514,2.56327785846958,0.7489329562585999,3.0,13.7045,2.9078052,58.175,0.596,6.19,Telecom PLI,sector-level only (Yahoo industry: Communication Equipment),https://www.outlookbusiness.com/corporate/806-applications-approved-under-pli-schemes-across-14-sectors,,4.0,2009-12-18,"ROE 21%, revenue CAGR 10%, profit CAGR 6%, debt-free, OCF/profit 0.7, policy: Telecom PLI (sector)"
132,RATEGAIN,NSE,Rategain Travel Technologies Limited,Technology,Software - Application,10194.0723712,small (<30k cr),854.5499877929688,22.00479076654663,T1 >=20cr,71.1,63.1,8.0,0.0,44.14292175486206,79.08772635140794,32.05939996984773,72.70972722593928,100.0,10.710470034187324,12.887051911678874,8.277495358030219,14.52663315701098,-1.71432455491267,47.77147249834761,41.64511089733538,69.36981619251952,0.4729624025664866,8.998984094733165,1.4124159196972073,0.921240584717947,3.0,42.03125,5.0680904,53.789,22.187,0.0,,,,,4.0,2021-12-17,"ROE 11%, revenue CAGR 48%, profit CAGR 42%, D/E 0.47, OCF/profit 0.9"
133,TANLA,NSE,Tanla Platforms Limited,Technology,Software - Application,6486.331392,small (<30k cr),494.5499877929688,14.174754048912048,T2 10-20cr,71.1,65.1,6.0,0.0,64.263907734057,22.03042028912676,83.57455148499923,78.74420998455996,100.0,23.688623425390976,28.823551526994446,15.690379935109837,13.926111069762351,-2.775385180853004,9.610960103735966,4.384250761211872,9.682519012300128,0.0211849268012489,145.4644654446089,2.2977440571240755,1.1543310500419846,3.0,12.224988,2.6182394,55.571000000000005,5.4629996,2.43,,,,,4.0,2007-01-05,"ROE 24%, revenue CAGR 10%, profit CAGR 4%, debt-free, OCF/profit 1.2"
134,KANSAINER,NSE,Kansai Nerolac Paints Limited,Basic Materials,Specialty Chemicals,15350.4415744,small (<30k cr),192.3999938964844,2.7298008194404604,T4 2-5cr,71.0,65.0,6.0,0.0,61.83409436834094,42.130206171302056,74.5898283734845,60.44391801421362,100.0,15.936301690583011,20.474954847140136,12.224949356677143,9.304656192155958,-1.4734130776864554,2.247211543833294,7.569574661221923,3.0256682898765157,0.0450908430124311,25.68194487457417,3.484096189240564,0.8464216926103377,3.0,25.576818,2.285845,74.946,10.456,1.36,,,,,4.0,2003-09-15,"ROE 16%, revenue CAGR 2%, profit CAGR 8%, debt-free, OCF/profit 0.8"
135,FDC,NSE,FDC Limited,Healthcare,Drug Manufacturers - Specialty & Generic,5323.075584,small (<30k cr),328.54998779296875,3.7827349904998777,T4 2-5cr,71.0,60.0,6.0,5.0,46.78571428571429,26.540880503144653,85.71428571428572,63.59375,100.0,12.524685144729808,16.567943923379417,10.612901504778929,13.262473153611346,-2.1070406413586262,6.753639206878348,13.194152898034828,2.869624308596608,0.0062230595643174,90.19224267244458,3.110686015432538,0.8656718219239238,3.0,18.461323,2.1422348,69.941,7.376,3.04,Pharma / medical devices PLI,sector-level only (Yahoo industry: Drug Manufacturers - Specialty & Generic),https://www.pharma-dept.gov.in/schemes/archive,,4.0,1997-08-07,"ROE 13%, revenue CAGR 7%, profit CAGR 13%, debt-free, OCF/profit 0.9, policy: Pharma / medical devices PLI (sector)"
136,RAMCOIND,NSE,Ramco Industries Limited,Industrials,Building Products & Equipment,2589.6155136,small (<30k cr),299.70001220703125,2.602678102482605,T4 2-5cr,70.9,59.9,6.0,5.0,36.548913043478265,45.6575336592059,72.83909840659781,65.36419290354823,100.0,4.55000643499805,3.684033112144489,4.085411534969643,11.00846072923428,2.9634751265047985,7.133015222445915,35.171887720922015,7.171857102591317,0.0379191462165993,15.80059084194978,2.5528682790325803,0.7907400804406661,3.0,7.8909764,0.57267195,63.88,3.2870000000000004,0.42,Infrastructure capex,sector-level only (Yahoo industry: Building Products & Equipment),https://www.outlookbusiness.com/budget/budget-2026-fm-sitharaman-raises-capex-for-fy27-to-122-lakh-crore ; https://prsindia.org/files/budget/budget_parliament/2026/Analysis_of_Expenditure_2026-27.pdf,,4.0,1996-11-06,"ROE 5%, revenue CAGR 7%, profit CAGR 35%, debt-free, OCF/profit 0.8, policy: Infrastructure capex (sector)"
137,SHANTIGEAR,NSE,Shanthi Gears Limited,Industrials,Specialty Industrial Machinery,4404.8941056,small (<30k cr),586.0499877929688,5.314109116345215,T3 5-10cr,70.8,64.8,6.0,0.0,75.95108695652173,21.077737758339765,79.16666666666667,64.78948025987006,100.0,21.68963472012501,25.62004164258634,17.138134514288303,17.679978160829886,-0.0957358812071476,5.5646204462384,4.565883416588479,-14.385402580925188,0.0,,3.713436164281732,0.774103710677022,3.0,69.0734,10.006624,74.814004,3.059,0.85,,,,,4.0,1996-01-17,"ROE 22%, revenue CAGR 6%, profit CAGR 5%, debt-free, OCF/profit 0.8"
138,SAKAR,NSE,Sakar Healthcare Limited,Healthcare,Drug Manufacturers - Specialty & Generic,2217.37984,small (<30k cr),1020.0999755859376,12.012704584765626,T2 10-20cr,70.7,65.7,0.0,5.0,51.07142857142857,80.71877807726865,36.19047619047619,70.33482142857143,100.0,6.658479042378334,8.851743789576307,4.518397923068631,18.54518225442527,4.750682421687845,23.587438853361363,33.68802055670241,41.75545528415454,0.217393542230822,6.1614712488477466,1.2822903999737076,1.806260738381595,2.0,73.46909,6.9203157,,,0.0,Pharma / medical devices PLI,sector-level only (Yahoo industry: Drug Manufacturers - Specialty & Generic),https://www.pharma-dept.gov.in/schemes/archive,,4.0,2019-04-11,"ROE 7%, revenue CAGR 24%, profit CAGR 34%, D/E 0.22, OCF/profit 1.8, policy: Pharma / medical devices PLI (sector)"
139,PAISALO,NSE,Paisalo Digital Limited,Financial Services,Credit Services,7743.2881152,small (<30k cr),84.2300033569336,115.30826095163157,T1 >=20cr,70.7,73.7,-3.0,0.0,67.59518477043673,84.51261751608115,65.95744680851064,50.0,100.0,13.243201375515437,5.498454457779464,3.971491151803605,40.76850727091284,-2.139320608512236,52.72193040668296,36.328891558325125,22.185848407329026,2.4315290245019945,,76.63331597464469,-3.5600254940858327,0.0,29.31317,4.147742,15.842,9.297,0.12,,,,,4.0,2011-10-17,"ROE 13%, revenue CAGR 53%, profit CAGR 36%, D/E 2.43, OCF/profit -3.6"
140,ORIENTCEM,NSE,Orient Cement Limited,Basic Materials,Building Materials,2321.6965632,small (<30k cr),113.20999908447266,4.042432657783126,T4 2-5cr,70.6,62.6,3.0,5.0,57.51759893455099,48.69932198699322,66.82884585104708,50.98104851169019,100.0,10.271301926816983,13.431411305330398,6.718740097865784,11.369988256529105,1.8582400775125123,-1.6486986325522368,40.09430231252482,3.233321268835132,0.0337689350533344,26.921869146700978,1.9468373990895005,0.9815263772613174,2.0,11.078431,1.0819298,74.376,1.88,0.44,Infrastructure capex,sector-level only (Yahoo industry: Building Materials),https://www.outlookbusiness.com/budget/budget-2026-fm-sitharaman-raises-capex-for-fy27-to-122-lakh-crore ; https://prsindia.org/files/budget/budget_parliament/2026/Analysis_of_Expenditure_2026-27.pdf,,4.0,2013-07-12,"ROE 10%, revenue CAGR -2%, profit CAGR 40%, debt-free, OCF/profit 1.0, policy: Infrastructure capex (sector)"
141,VSTIND,NSE,VST Industries Limited,Consumer Defensive,Tobacco,3411.3882112,small (<30k cr),201.3300018310547,1.9104292529914857,T5 1-2cr,70.6,64.6,6.0,0.0,74.51923076923077,28.205128205128204,74.35897435897436,60.43552036199095,100.0,22.083123316803928,23.225779923998584,16.006930668535574,23.873691843241147,-0.7286257747239588,4.227613901315452,-3.6736650236124713,4.746050998826523,0.0,,3.163011627631732,0.6545436182968418,3.0,12.3441725,2.3641448,62.184,6.822,5.96,,,,excise / GST changes,4.0,2003-09-05,"ROE 22%, revenue CAGR 4%, profit CAGR -4%, debt-free, OCF/profit 0.7"
142,GMBREW,NSE,GM Breweries Limited,Consumer Defensive,Beverages - Wineries & Distilleries,2232.7156736,small (<30k cr),984.9500122070312,4.497876729904175,T4 2-5cr,70.4,67.4,3.0,0.0,78.36538461538461,57.05128205128205,65.34690799396681,36.74585218702866,100.0,15.573173168977416,18.90495506748855,13.690262957207077,23.49301437012883,7.018639802832833,8.018685725289476,16.236148095481816,17.493912308302974,0.0320138274345516,673.2460732984293,1.351874019026436,0.2865174216481943,2.0,13.18648,2.0706599,74.431,0.337,0.91,,,,,4.0,1995-08-23,"ROE 16%, revenue CAGR 8%, profit CAGR 16%, debt-free, OCF/profit 0.3"
143,APLLTD,NSE,Alembic Pharmaceuticals Limited,Healthcare,Drug Manufacturers - Specialty & Generic,16295.0823936,small (<30k cr),833.7999877929688,15.864851454138185,T2 10-20cr,70.3,55.3,10.0,5.0,43.92857142857143,48.84995507637017,46.19047619047618,52.36607142857143,100.0,11.970312489968991,12.05954297767044,8.25350135842379,11.146034514551598,0.2898817293432163,9.458453364934382,25.42404017007829,10.289447085574132,0.2519802425103219,8.411620207198547,1.751305983815439,0.8932182859216333,2.0,23.504395,2.871473,70.672,17.503001,1.44,Pharma / medical devices PLI,sector-level only (Yahoo industry: Drug Manufacturers - Specialty & Generic),https://www.pharma-dept.gov.in/schemes/archive,,4.0,2011-09-20,"ROE 12%, revenue CAGR 9%, profit CAGR 25%, D/E 0.25, OCF/profit 0.9, policy: Pharma / medical devices PLI (sector)"
144,STYRENIX,NSE,Styrenix Performance Materials Limited,Basic Materials,Chemicals,3519.0849536,small (<30k cr),2001.300048828125,5.232020018261719,T3 5-10cr,70.2,60.2,10.0,0.0,54.68512176560122,60.89663760896639,49.6709179656747,42.3344319703368,100.0,18.83975202802402,21.05858619210657,11.342283465151125,6.707329488108016,-3.661814186768343,13.236485321053593,-0.029150802387734,15.27652040960026,0.4011607907429499,12.49588053553038,2.286056202217784,0.7696403438861852,2.0,12.890107,2.5736883,48.888,16.311999999999998,2.25,,,,,4.0,1995-03-29,"ROE 19%, revenue CAGR 13%, profit CAGR -0%, D/E 0.40, OCF/profit 0.8"
145,RALLIS,NSE,Rallis India Limited,Basic Materials,Agricultural Inputs,3860.207616,small (<30k cr),200.02999877929688,9.700087546600342,T3 5-10cr,70.1,64.1,6.0,0.0,44.23991628614917,50.70222775702228,66.36907573610455,80.36873004428881,100.0,7.884764338645585,11.125579852335722,4.875729171252652,8.740821719406602,0.6000147421147091,-0.941173634143644,25.99210498948732,8.803875963119246,0.029907438679961,25.253875968992247,1.8860837036069005,1.6115610225879882,3.0,18.094803,1.8895044,56.18,10.267,1.5,,,,fertiliser subsidy / price controls,4.0,1999-04-01,"ROE 8%, revenue CAGR -1%, profit CAGR 26%, debt-free, OCF/profit 1.6"
146,SKIPPER,NSE,Skipper Limited,Industrials,Engineering & Construction,6466.5726976,small (<30k cr),541.3499755859375,29.56563944413452,T1 >=20cr,70.1,59.1,6.0,5.0,49.72826086956522,78.59960552268244,19.105813115541675,54.89911294352824,100.0,11.96914296232613,18.65943771179968,3.8981405125936166,8.912776863976465,0.2381829241961117,39.9441632355106,81.63567375675396,20.32848461359793,0.6355744154653645,2.5883461616594814,1.2961322220506393,1.4180524971968171,1.0,27.104452,3.9810927,65.804,8.439,0.02,Infrastructure capex,sector-level only (Yahoo industry: Engineering & Construction),https://www.outlookbusiness.com/budget/budget-2026-fm-sitharaman-raises-capex-for-fy27-to-122-lakh-crore ; https://prsindia.org/files/budget/budget_parliament/2026/Analysis_of_Expenditure_2026-27.pdf,,4.0,2015-05-27,"ROE 12%, revenue CAGR 40%, profit CAGR 82%, D/E 0.64, OCF/profit 1.4, policy: Infrastructure capex (sector)"
147,TCI,NSE,Transport Corporation of India Limited,Industrials,Integrated Freight & Logistics,6807.2394752,small (<30k cr),885.5999755859375,3.948961638824463,T4 2-5cr,70.1,64.1,6.0,0.0,55.298913043478265,41.14569933967928,72.69096805188566,69.96189405297352,100.0,18.14177543371382,18.756717587565326,13.727601136148046,4.347884497715529,0.8826176553741605,9.139549710814654,12.865362920999402,9.471892633744885,0.1217468196473172,24.31065516437398,2.6784193094353075,0.9044330620586044,3.0,14.951063,2.6498544,71.303004,12.849,1.13,,,,,4.0,2002-01-21,"ROE 18%, revenue CAGR 9%, profit CAGR 13%, D/E 0.12, OCF/profit 0.9"
148,WHEELS,NSE,Wheels India Limited,Consumer Cyclical,Auto Parts,6176.9998336,small (<30k cr),2283.89990234375,37.2450732079834,T1 >=20cr,69.6,58.6,6.0,5.0,51.88356164383561,53.26572586994174,21.46118721461188,86.60958904109589,100.0,11.462318745992206,15.531671863713957,3.2920231981124397,6.040579480527197,1.721216321460986,5.934587137698144,40.95506851671124,14.652682536943365,0.7375415282392026,2.75493075954679,0.8744505241527046,3.6727820372398687,3.0,34.372196,5.3936205,55.22899999999999,5.5609997,0.63,Auto & components PLI,sector-level only (Yahoo industry: Auto Parts),https://www.outlookbusiness.com/corporate/806-applications-approved-under-pli-schemes-across-14-sectors,,4.0,2000-04-07,"ROE 11%, revenue CAGR 6%, profit CAGR 41%, D/E 0.74, OCF/profit 3.7, policy: Auto & components PLI (sector)"
149,THANGAMAYL,NSE,Thangamayil Jewellery Limited,Consumer Cyclical,Luxury Goods,15046.8050944,small (<30k cr),4803.0,34.6570463,T1 >=20cr,69.5,59.5,10.0,0.0,60.445205479452056,93.56973803338056,48.85844748858448,34.62818003913895,40.0,20.197200609249247,17.37022392561851,7.387918097376277,6.2010770260714665,1.023094492453124,39.179168050087945,63.98777126526642,73.08199846046699,0.6449152542372881,8.888122476446837,1.5362076090492645,0.385343665768194,2.0,38.481716,10.626272,63.651,19.400999,0.38,,,,,4.0,2010-02-19,"ROE 20%, revenue CAGR 39%, profit CAGR 64%, D/E 0.64, OCF/profit 0.4"
150,ALEMBICLTD,NSE,Alembic Limited,Real Estate,Real Estate - Development,2626.364416,small (<30k cr),103.56999969482422,7.401932393289566,T3 5-10cr,69.4,66.4,3.0,0.0,64.42307692307692,39.87044534412956,88.46153846153845,50.96153846153847,100.0,12.85189116177682,5.8644403985766775,12.067764601974162,34.1046183174241,0.783950192559189,24.789574697410323,18.51715524222348,8.897520755862388,0.0043509724158532,66.29086200842697,1.9470414209944948,0.2555238247440627,2.0,8.308692,1.074144,72.767997,0.8630000000000001,2.32,,,,,4.0,1999-09-22,"ROE 13%, revenue CAGR 25%, profit CAGR 19%, debt-free, OCF/profit 0.3"
151,BHAGERIA,NSE,Bhageria Industries Limited,Basic Materials,Specialty Chemicals,1653.2414464,small (<30k cr),377.5499877929688,7.427260902101135,T3 5-10cr,69.3,67.3,2.0,0.0,39.871099695586,90.27604815276048,59.96850889623681,51.97754660624163,100.0,6.200994422903258,7.830962213798831,4.563715687472853,6.768082989302904,4.332208499553214,20.127429992884014,46.202711250947104,46.13447498161083,0.1828989460341699,21.08250964124834,2.1886522645211355,1.619319075400803,1.0,23.974682,2.7682164,81.615996,,0.66,,,,,4.0,2016-03-02,"ROE 6%, revenue CAGR 20%, profit CAGR 46%, D/E 0.18, OCF/profit 1.6"
152,GHCL,NSE,GHCL Limited,Basic Materials,Chemicals,3612.035072,small (<30k cr),398.7999877929688,4.45164395,T4 2-5cr,69.3,63.3,6.0,0.0,73.38042237442923,10.91393385913934,82.38387655487325,71.34617365331137,100.0,19.28177377933436,24.45313663094984,15.653861726204562,18.91421082390161,-2.868117226433352,-12.321783876869974,-25.477485624981554,-3.673655710867652,0.0234521047771346,76.30246189917936,4.381397682693185,1.1225595209758212,3.0,7.1920056,0.9972263,37.547,20.918,3.01,,,,,4.0,2003-07-31,"ROE 19%, revenue CAGR -12%, profit CAGR -25%, debt-free, OCF/profit 1.1"
153,PGHH,NSE,Procter & Gamble Hygiene and Health Care Limited,Consumer Defensive,Household & Personal Products,22431.9913984,small (<30k cr),6921.0,9.732275075,T3 5-10cr,69.2,63.2,6.0,0.0,98.0769230769231,35.256410256410255,65.93765711412772,71.21983408748113,40.0,90.8239586434206,123.2219292231151,38.51265749048068,27.00865799854727,5.89762939829274,4.126612013209319,14.155753993730924,2.147643961570478,0.0011546577833224,124.45291005291006,1.2231964329630145,1.004851425106125,3.0,28.369392,29.77406,70.93800300000001,14.142,1.75,,,,,4.0,2004-07-07,"ROE 91%, revenue CAGR 4%, profit CAGR 14%, debt-free, OCF/profit 1.0"
154,IMFA,NSE,Indian Metals & Ferro Alloys Limited,Basic Materials,Other Industrial Metals & Mining,6299.6811776,small (<30k cr),1186.800048828125,9.849078691821289,T3 5-10cr,69.2,66.2,3.0,0.0,79.4710806697108,54.054241040542415,45.58809636277752,58.12390565454733,100.0,16.021590396197773,19.572226632756216,11.181309001314771,20.656838428197663,1.334841599502823,1.9155439637257297,23.496929572025536,10.232657232022024,0.3523580323235891,21.39874815905744,1.441775147928994,1.18877172784915,2.0,12.014817,2.3181705,74.541,0.754,1.05,,,,,4.0,2010-07-23,"ROE 16%, revenue CAGR 2%, profit CAGR 23%, D/E 0.35, OCF/profit 1.2"
155,CUPID,NSE,Cupid Limited,Consumer Defensive,Household & Personal Products,47177.4232576,mid (30k-1L cr),343.95001220703125,753.4677660364044,T1 >=20cr,69.1,68.1,1.0,0.0,82.21153846153845,94.23076923076924,74.23328305681247,20.84276018099548,40.0,16.395227069668188,20.42300797594676,14.3396387481125,32.243481788781835,3.77064118326091,31.1738619903021,50.76600371557809,94.32450598049832,0.125061611895854,59.15159802440916,4.665906760341365,0.2266281501488025,1.0,330.9906,104.512955,64.447,0.35499998,0.0,,,,,4.0,2016-09-16,"ROE 16%, revenue CAGR 31%, profit CAGR 51%, D/E 0.13, OCF/profit 0.2"
156,SKFINDIA,NSE,SKF India Limited,Industrials,Tools & Accessories,7002.8877824,small (<30k cr),1428.9000244140625,5.5573149580078125,T3 5-10cr,69.1,59.1,10.0,0.0,61.141304347826086,7.157405025298002,84.05196572984227,68.23775612193903,100.0,20.78532358267724,29.74707941626413,14.59431747854609,10.751473679871388,-3.596760282510486,-4.92335784045348,-20.278667965397,-24.669288893489284,0.0021889738902805,1239.5142857142855,2.0612507058159237,0.860044086293499,3.0,33.487,5.2675815,53.151,27.545,2.8,,,,,4.0,1999-01-27,"ROE 21%, revenue CAGR -5%, profit CAGR -20%, debt-free, OCF/profit 0.9"
157,CARYSIL,NSE,CARYSIL LIMITED,Consumer Cyclical,"Furnishings, Fixtures & Appliances",2829.4703104,small (<30k cr),1007.5,8.23218063428955,T3 5-10cr,69.0,58.0,6.0,5.0,63.86986301369863,59.9645233034168,48.17351598173516,16.28180039138943,100.0,14.865920970874702,15.202278634308795,7.701392860744714,15.433588503161412,0.1988453363376638,15.937358899376752,23.27075666842249,13.282448414072936,0.4643831563722428,7.77621283255086,1.4413846494138465,0.7058502411063597,0.0,26.499733,4.654405,47.764,9.98,0.3,White goods / textiles / food PLI,"sector-level only (Yahoo industry: Furnishings, Fixtures & Appliances)",https://www.india-briefing.com/news/indias-pli-scheme-for-white-goods-ac-and-led-status-updates-24506.html,,4.0,2021-01-14,"ROE 15%, revenue CAGR 16%, profit CAGR 23%, D/E 0.46, OCF/profit 0.7, policy: White goods / textiles / food PLI (sector)"
158,RISHABH,NSE,Rishabh Instruments Limited,Technology,Scientific & Technical Instruments,2551.6783616,small (<30k cr),674.2000122070312,8.315688438519286,T3 5-10cr,69.0,58.0,6.0,5.0,44.30687471732248,29.85325895773657,76.02140811096035,61.61863098301596,100.0,7.234672414641276,9.133531818818224,5.243679403211417,12.071633521321855,5.563201383461927,10.444548813723545,20.312277260012724,7.157397433396384,0.1081098494000161,20.25104450499546,3.0235849591973394,1.7373479208596518,1.0,32.212997,3.4116132,72.850996,9.475,0.3,Electronics / semiconductors,sector-level only (Yahoo industry: Scientific & Technical Instruments),https://indianinfrastructure.com/2026/08/18/government-approved-31-proposals-under-electronics-components-manufacturing-scheme/ ; https://static.pib.gov.in/WriteReadData/specificdocs/documents/2026/feb/doc202627782201.pdf,,4.0,2023-09-11,"ROE 7%, revenue CAGR 10%, profit CAGR 20%, D/E 0.11, OCF/profit 1.7, policy: Electronics / semiconductors (sector)"
159,SIYSIL,NSE,Siyaram Silk Mills Limited,Consumer Cyclical,Textile Manufacturing,2502.8409344,small (<30k cr),554.4500122070312,1.292330256930542,T5 1-2cr,68.9,60.9,3.0,5.0,59.41780821917808,35.25542237442922,68.72146118721462,56.60958904109589,100.0,15.808253379627832,19.26408372132301,10.83568939007417,10.311386125008047,-0.9017197140297544,4.859036580642129,-2.7423506691907296,15.808029245322054,0.2413120880308509,9.929870451211537,2.417733660128324,0.7780343007915568,3.0,10.547802,1.7141516,69.32800399999999,2.708,2.17,White goods / textiles / food PLI,sector-level only (Yahoo industry: Textile Manufacturing),https://www.india-briefing.com/news/indias-pli-scheme-for-white-goods-ac-and-led-status-updates-24506.html,,4.0,2007-01-29,"ROE 16%, revenue CAGR 5%, profit CAGR -3%, D/E 0.24, OCF/profit 0.8, policy: White goods / textiles / food PLI (sector)"
160,SURYAROSNI,NSE,Surya Roshni Limited,Basic Materials,Steel,4707.0294016,small (<30k cr),218.33999633789065,7.662191500965118,T3 5-10cr,68.9,60.9,3.0,5.0,52.204623287671225,28.6910197869102,71.60604629192254,75.85745184880008,100.0,13.36872954282455,18.659219794812437,10.015571213824426,4.801687403670263,-1.1037112989920494,-2.0234119340119983,-5.204802528049601,1.5577015777415548,0.0303051014789922,16.33040351578106,3.2063768187974504,1.3952494358185052,3.0,15.30644,1.7899972,67.789,1.4140001,2.29,Specialty steel PLI,sector-level only (Yahoo industry: Steel),https://www.outlookbusiness.com/corporate/806-applications-approved-under-pli-schemes-across-14-sectors,,4.0,1995-05-10,"ROE 13%, revenue CAGR -2%, profit CAGR -5%, debt-free, OCF/profit 1.4, policy: Specialty steel PLI (sector)"
161,SATIN,NSE,Satin Creditcare Network Limited,Financial Services,Credit Services,2418.3064576,small (<30k cr),223.7899932861328,5.408802805558777,T3 5-10cr,68.8,64.8,4.0,0.0,56.07502799552071,72.34042553191489,51.06382978723404,50.0,100.0,12.35945715062118,3.640433986461975,2.690830627172009,31.867974598921307,-2.822892589301468,23.54607164381985,310.1908414681884,8.073619644038832,3.8386104370084855,137.67837145297523,1.4541434398237465,-3.7789905612893713,0.0,6.022186,0.84455913,59.650004,6.9970004,0.0,,,,,4.0,2015-08-26,"ROE 12%, revenue CAGR 24%, profit CAGR 310%, D/E 3.84, OCF/profit -3.8"
162,TTKPRESTIG,NSE,TTK Prestige Limited,Consumer Cyclical,"Furnishings, Fixtures & Appliances",7055.8236672,small (<30k cr),517.8499755859375,2.125971653625488,T4 2-5cr,68.8,53.8,10.0,5.0,30.30821917808219,18.2218351440718,82.87671232876711,67.3238747553816,100.0,8.346693246220482,11.33280392726232,6.2190477549401,6.667457627118645,-2.3794966828272104,2.308124126995037,-14.19128407700314,9.552616822082838,0.0876462833793796,15.760241773002017,3.5045950141865485,1.3078104125540866,3.0,36.50957,3.5633504,70.922995,19.773,1.45,White goods / textiles / food PLI,"sector-level only (Yahoo industry: Furnishings, Fixtures & Appliances)",https://www.india-briefing.com/news/indias-pli-scheme-for-white-goods-ac-and-led-status-updates-24506.html,,4.0,1999-12-22,"ROE 8%, revenue CAGR 2%, profit CAGR -14%, debt-free, OCF/profit 1.3, policy: White goods / textiles / food PLI (sector)"
163,REPCOHOME,NSE,Repco Home Finance Limited,Financial Services,Mortgage Finance,2107.6922368,small (<30k cr),339.79998779296875,2.3279381881652834,T4 2-5cr,68.7,62.7,6.0,0.0,57.5447928331467,57.413821540491504,57.44680851063831,50.0,100.0,12.606573819259513,3.766111725410026,3.0098580769634573,30.29219481155716,-2.7277878925443453,44.85054705247655,14.551796843107102,5.071739194746039,3.020743776495831,122.30208333333331,0.5170953459790029,-1.6137577032254269,0.0,4.226041,0.52155334,37.133998,34.398996999999994,3.53,,,,,4.0,2013-04-01,"ROE 13%, revenue CAGR 45%, profit CAGR 15%, D/E 3.02, OCF/profit -1.6"
164,GODREJAGRO,NSE,Godrej Agrovet Limited,Consumer Defensive,Packaged Foods,12135.387136,small (<30k cr),639.5999755859375,9.657656525604247,T3 5-10cr,68.7,57.7,6.0,5.0,61.53846153846153,40.38461538461539,20.110608345902467,87.88650075414782,100.0,18.53535706724793,17.886817609513802,7.253049640275775,6.322084662971123,0.8756696815247293,3.136764736717268,16.12539369770407,9.054258428947804,0.7746151726309988,5.46584938704028,0.9466032511275834,2.320218354104439,3.0,27.517452,5.9693727,72.7,10.045999,1.72,White goods / textiles / food PLI,sector-level only (Yahoo industry: Packaged Foods),https://www.india-briefing.com/news/indias-pli-scheme-for-white-goods-ac-and-led-status-updates-24506.html,,4.0,2017-10-16,"ROE 19%, revenue CAGR 3%, profit CAGR 16%, D/E 0.77, OCF/profit 2.3, policy: White goods / textiles / food PLI (sector)"
165,MANINDS,NSE,Man Industries (India) Limited,Basic Materials,Steel,6571.2132096,small (<30k cr),905.75,94.00741211659852,T1 >=20cr,68.3,62.3,1.0,5.0,58.47602739726028,63.21433513214336,31.113210518028666,71.28180039138942,100.0,8.39498072813505,12.431512467342364,3.934098617669709,12.44137988837088,6.396651455097709,16.533702629985882,36.49515973502755,1.0832503862833631,0.3009648062419792,3.464258710545009,1.3602657964279217,2.0760548599466886,2.0,32.148624,3.0499628,57.295,0.745,0.0,Specialty steel PLI,sector-level only (Yahoo industry: Steel),https://www.outlookbusiness.com/corporate/806-applications-approved-under-pli-schemes-across-14-sectors,,4.0,2005-06-24,"ROE 8%, revenue CAGR 17%, profit CAGR 36%, D/E 0.30, OCF/profit 2.1, policy: Specialty steel PLI (sector)"
166,FINEORG,NSE,Fine Organic Industries Limited,Basic Materials,Specialty Chemicals,17051.5464192,small (<30k cr),5625.5,10.026111825,T2 10-20cr,68.3,66.3,2.0,0.0,70.28158295281584,23.173515981735157,89.02849944890568,67.2108353074467,100.0,18.326239979631943,24.13140020475769,16.61493832795296,18.405050186899423,-4.139338605823504,-8.164288555679299,-12.28963482087888,3.82089090924298,0.0255972664223402,402.4318669131238,8.487305782403132,1.023118209517094,3.0,38.85357,6.399472,76.028997,14.171,0.2,,,,,4.0,2018-07-02,"ROE 18%, revenue CAGR -8%, profit CAGR -12%, debt-free, OCF/profit 1.0"
167,THOMASCOOK,NSE,Thomas Cook  (India)  Limited,Consumer Cyclical,Travel Services,4719.7986816,small (<30k cr),100.54000091552734,3.985957535683441,T4 2-5cr,68.3,62.3,6.0,0.0,35.445205479452056,65.23854511100613,46.57534246575343,85.18101761252446,100.0,10.81352603731274,14.447398230072958,3.4605967731325347,3.981441322579117,-0.7143304584198265,18.453394024526748,223.57230623004875,3.027416601162547,0.2118216734607318,9.100171863491283,0.8564660130360957,2.989879952472651,3.0,21.394455,1.835443,65.729,11.3129996,0.5,,,,,4.0,2000-06-07,"ROE 11%, revenue CAGR 18%, profit CAGR 224%, D/E 0.21, OCF/profit 3.0"
168,KIRLOSBROS,NSE,Kirloskar Brothers Limited,Industrials,Specialty Industrial Machinery,13444.7251456,small (<30k cr),1712.800048828125,5.214331907824708,T3 5-10cr,68.1,62.1,6.0,0.0,58.83152173913044,33.681716833890746,65.45059652494196,72.54810094952524,100.0,18.4188009649904,22.800867720144083,10.092486922548948,10.022866677724624,-1.9882966972560787,6.8626172278036135,16.72456033563443,1.322176590085089,0.1014949458186187,25.95532526583564,1.830708057226305,0.9580421960641248,3.0,36.694843,5.456403,69.241995,12.956999,0.41,,,,,4.0,2010-04-20,"ROE 18%, revenue CAGR 7%, profit CAGR 17%, D/E 0.10, OCF/profit 1.0"
169,AGI,NSE,AGI Greenpac Limited,Consumer Cyclical,Packaging & Containers,5034.102784,small (<30k cr),787.5,9.443890381097413,T3 5-10cr,68.1,65.1,3.0,0.0,73.45890410958904,29.21191052590143,64.84018264840182,76.25244618395303,100.0,14.60917242892538,18.7048402407489,8.86924369282704,18.037191063422757,1.43198243912515,5.478163264767466,10.359109972288284,5.420984914408988,0.1001277258680856,10.862093720617011,1.506790087731542,1.7164557158998468,3.0,13.899607,2.0915823,70.745003,1.161,0.89,,,,,4.0,2000-05-31,"ROE 15%, revenue CAGR 5%, profit CAGR 10%, D/E 0.10, OCF/profit 1.7"
170,VSSL,NSE,Vardhman Special Steels Limited,Basic Materials,Steel,3737.868288,small (<30k cr),393.75,4.561940275,T4 2-5cr,68.0,61.0,2.0,5.0,58.10264459665144,36.55389511553895,67.26499763816723,59.25172520341951,100.0,11.319006910503743,15.312959598896022,8.160007355876653,9.262475453562285,1.0681793732381788,0.4949872644008479,6.700918358401364,-0.4303167527872187,0.0728128539148927,15.670190029063267,2.8956978697725195,1.2231694594770817,2.0,26.06878,3.0638528,77.904,4.045,0.9,Specialty steel PLI,sector-level only (Yahoo industry: Steel),https://www.outlookbusiness.com/corporate/806-applications-approved-under-pli-schemes-across-14-sectors,,4.0,2012-05-17,"ROE 11%, revenue CAGR 0%, profit CAGR 7%, debt-free, OCF/profit 1.2, policy: Specialty steel PLI (sector)"
171,SMLMAH,NSE,SML Mahindra Limited,Consumer Cyclical,Auto Manufacturers,8813.9563008,small (<30k cr),6095.0,32.52556405,T1 >=20cr,68.0,60.0,3.0,5.0,77.3972602739726,77.64987797197291,46.80365296803654,38.91389432485323,40.0,33.44373873359594,25.059727042568653,9.899285770664411,8.082885945692967,2.023491319810096,15.929431781180517,100.44802896906214,18.314441294593784,0.5566892614093566,11.421159531823074,1.2520049081184026,0.7294928266634609,2.0,56.72441,16.971468,72.824997,2.21,0.39,Auto & components PLI,sector-level only (Yahoo industry: Auto Manufacturers),https://www.outlookbusiness.com/corporate/806-applications-approved-under-pli-schemes-across-14-sectors,,4.0,2003-08-29,"ROE 33%, revenue CAGR 16%, profit CAGR 100%, D/E 0.56, OCF/profit 0.7, policy: Auto & components PLI (sector)"
172,PARAGMILK,NSE,Parag Milk Foods Limited,Consumer Defensive,Packaged Foods,3908.335616,small (<30k cr),311.79998779296875,65.04123141502075,T1 >=20cr,67.9,59.9,3.0,5.0,41.34615384615385,64.1025641025641,32.792860734037205,80.04336349924586,100.0,10.756606888081018,12.26454352846448,5.518866318286154,5.869451363946926,0.6070288170201916,9.643312922910718,36.36851718679448,13.071329587846115,0.4826150521230612,2.872343039685465,1.7133755502355394,1.3465435647301338,3.0,30.49951,3.0918622,54.715997,2.3599999,0.35,White goods / textiles / food PLI,sector-level only (Yahoo industry: Packaged Foods),https://www.india-briefing.com/news/indias-pli-scheme-for-white-goods-ac-and-led-status-updates-24506.html,,4.0,2016-05-19,"ROE 11%, revenue CAGR 10%, profit CAGR 36%, D/E 0.48, OCF/profit 1.3, policy: White goods / textiles / food PLI (sector)"
173,V2RETAIL,NSE,V2 Retail Limited,Consumer Cyclical,Apparel Retail,5928.6417408,small (<30k cr),163.9499969482422,14.762362400761411,T2 10-20cr,67.9,63.9,4.0,0.0,67.12328767123287,81.96032120925838,28.76712328767124,39.271037181996086,100.0,16.294911222831,13.283538019533657,4.634311440502451,9.637811793734045,3.533102802245824,54.10748286416553,,62.80306665299757,1.102236524405455,3.2190667043053947,1.444376982374565,0.7303340927652371,2.0,32.132412,6.5703545,54.098,10.92,0.0,,,,,4.0,2007-07-04,"ROE 16%, revenue CAGR 54%, D/E 1.10, OCF/profit 0.7"
174,SOTL,NSE,Savita Oil Technologies Limited,Basic Materials,Specialty Chemicals,5377.1931648,small (<30k cr),803.7999877929688,16.740279109747313,T2 10-20cr,67.9,61.9,6.0,0.0,42.1066400304414,50.5119690051197,76.65249566997325,55.932639818724894,100.0,9.737323070093584,13.92111852161366,6.5356468230327,5.562950638082237,-0.716096771259453,6.372214591355085,-6.949343207285996,14.25214841616227,0.0009810905621082,35.90956618623852,2.534691329637724,0.7371034389283192,3.0,12.53476,2.9607399,69.399,13.769001,0.64,,,,,4.0,1995-06-28,"ROE 10%, revenue CAGR 6%, profit CAGR -7%, debt-free, OCF/profit 0.7"
175,BHARATRAS,NSE,Bharat Rasayan Limited,Basic Materials,Agricultural Inputs,1637.6741888,small (<30k cr),985.2000122070312,1.32140351305542,T5 1-2cr,67.9,68.9,-1.0,0.0,68.18160197869102,40.362529403625295,87.15950244056053,61.94767741270986,100.0,11.190417994125792,14.315555501445916,9.385572051516773,14.154330413752794,5.261650257874303,-0.3402009420383045,5.356849041301848,5.175148715152567,0.0009620002450696,43.09919010711487,7.779197235591032,0.903040443121676,3.0,6.4386067,1.2847124,,2.221,0.05,,,,fertiliser subsidy / price controls,4.0,1995-10-11,"ROE 11%, revenue CAGR -0%, profit CAGR 5%, debt-free, OCF/profit 0.9"
176,KDDL,NSE,KDDL Limited,Consumer Cyclical,Luxury Goods,4865.5949824,small (<30k cr),3997.199951171875,9.171199861425782,T3 5-10cr,67.7,61.7,6.0,0.0,46.57534246575342,73.83807668083767,61.64383561643836,28.228962818003914,100.0,10.82854281674544,17.526440466382923,4.659938099172628,9.430313880137597,-4.478777418268738,24.302318899710528,18.024756409818533,30.6630025413545,0.4738134475908842,5.726319883278258,3.8496937349199767,0.8321196221756819,1.0,50.145775,4.5038786,58.307,5.7940003,0.58,,,,,4.0,2016-03-23,"ROE 11%, revenue CAGR 24%, profit CAGR 18%, D/E 0.47, OCF/profit 0.8"
177,NITINSPIN,NSE,Nitin Spinners Limited,Consumer Cyclical,Textile Manufacturing,3397.3745664,small (<30k cr),615.5999755859375,3.90896608772583,T4 2-5cr,67.7,52.7,10.0,5.0,52.397260273972606,29.515479845693594,39.49771689497717,62.12818003913896,100.0,12.308085658304512,11.60040952438357,5.7844366787431625,8.861173477613246,0.8061890030587975,10.179619852222288,2.512803502111649,-2.8283233872781643,0.7645849940723346,4.761344087715429,1.5281026953545225,1.819262120740839,2.0,16.037685,2.3107748,56.836,15.148,0.49,White goods / textiles / food PLI,sector-level only (Yahoo industry: Textile Manufacturing),https://www.india-briefing.com/news/indias-pli-scheme-for-white-goods-ac-and-led-status-updates-24506.html,,4.0,2006-02-02,"ROE 12%, revenue CAGR 10%, profit CAGR 3%, D/E 0.76, OCF/profit 1.8, policy: White goods / textiles / food PLI (sector)"
178,APCOTEXIND,NSE,Apcotex Industries Limited,Basic Materials,Specialty Chemicals,3063.2593408,small (<30k cr),592.7000122070312,4.711629731604004,T4 2-5cr,67.7,64.7,3.0,0.0,62.57372526636226,44.76961394769614,54.47803495512519,79.61685034504069,100.0,12.14354162255936,15.065718426453143,7.178689962850611,9.383644977712988,1.98053447781077,10.09382383944255,-2.0578904267174347,3.579535208940521,0.1552239055932355,14.725678399120577,1.661819509015626,1.5684895388016311,3.0,19.584023,4.9328756,59.257000000000005,0.57300003,1.35,,,,,4.0,1995-09-06,"ROE 12%, revenue CAGR 10%, profit CAGR -2%, D/E 0.16, OCF/profit 1.6"
179,MACPOWER,NSE,Macpower CNC Machines Limited,Industrials,Specialty Industrial Machinery,2019.139584,small (<30k cr),2062.89990234375,9.873476621374513,T3 5-10cr,67.7,65.7,2.0,0.0,75.54347826086956,69.43765543263872,83.29129634077988,45.000937031484256,40.0,19.123712745425976,25.64475458117516,12.5988348999008,14.019187029258434,1.025138410065905,18.173376301918086,37.97566374879162,27.37653838315439,0.0038853865186388,184.6155717761557,2.3386409630126472,0.4538060647186259,2.0,51.911007,11.523267,,,0.07,,,,,4.0,2020-08-19,"ROE 19%, revenue CAGR 18%, profit CAGR 38%, debt-free, OCF/profit 0.5"
180,SHILPAMED,NSE,Shilpa Medicare Limited,Healthcare,Drug Manufacturers - Specialty & Generic,20575.207424,small (<30k cr),1071.199951171875,69.26209934875489,T1 >=20cr,67.5,56.5,6.0,5.0,48.21428571428572,57.61904761904762,39.523809523809526,47.70089285714285,100.0,4.824636199620936,7.421517849762937,3.32058352108801,17.587240489209943,5.96341700142813,13.804942114324836,,19.707500836712622,0.2546532315018852,7.337124463519313,1.308598448223003,1.7287944954133632,0.0,74.34629,7.9422,55.515,10.896,0.06,Pharma / medical devices PLI,sector-level only (Yahoo industry: Drug Manufacturers - Specialty & Generic),https://www.pharma-dept.gov.in/schemes/archive,,4.0,2009-12-03,"ROE 5%, revenue CAGR 14%, D/E 0.25, OCF/profit 1.7, policy: Pharma / medical devices PLI (sector)"
181,GREENPLY,NSE,Greenply Industries Limited,Basic Materials,Lumber & Wood Production,3825.7496064,small (<30k cr),310.75,6.459910359249878,T3 5-10cr,67.4,57.4,10.0,0.0,47.37680745814308,58.33679258336792,24.95669973232562,73.16149963950974,100.0,10.399568277580434,11.775517971558184,4.487462159416733,7.569826805139181,1.3640590132615025,18.17883612670741,-0.6975381545783366,10.30214665657323,0.5850494294232411,4.42089422612106,1.2862708447958204,2.295546703801029,2.0,38.723133,4.2407966,48.151,39.023998,0.16,,,,,4.0,1996-03-06,"ROE 10%, revenue CAGR 18%, profit CAGR -1%, D/E 0.59, OCF/profit 2.3"
182,SPAL,NSE,S. P. Apparels Limited,Consumer Cyclical,Apparel Manufacturing,2372.4822528,small (<30k cr),960.2999877929688,3.095322766461182,T4 2-5cr,67.3,57.3,10.0,0.0,54.10958904109589,49.07507183908047,45.4337899543379,49.27103718199609,100.0,11.17047165632088,12.474275647914428,6.909186386018461,12.619572157831572,0.2153831360778983,13.334392025584307,6.952079418142398,13.188620330050394,0.4428934412541247,6.894481605351171,1.3220500794970271,1.1632466605057548,2.0,22.621044,2.5051763,61.21,15.246001,0.31,,,,,4.0,2016-08-12,"ROE 11%, revenue CAGR 13%, profit CAGR 7%, D/E 0.44, OCF/profit 1.2"
183,IZMO,NSE,IZMO Limited,Technology,Software - Application,1364.78208,small (<30k cr),889.9500122070312,7.228577148529053,T3 5-10cr,67.0,63.0,4.0,0.0,43.41926729986432,60.94778632092065,80.54424845469622,38.34276891405044,100.0,11.246787619189332,11.728021528030906,9.317650093765454,12.670961074774445,-0.8936068490031772,22.803533701176804,33.4412684674418,26.834055993029704,0.0404343578953545,30.27755627798565,2.614992527292351,0.4477033287752311,1.0,25.32805,3.3332236,54.702,3.238,0.0,,,,,4.0,2007-02-05,"ROE 11%, revenue CAGR 23%, profit CAGR 33%, debt-free, OCF/profit 0.4"
184,UDS,NSE,Updater Services Limited,Industrials,Specialty Business Services,1454.7191808,small (<30k cr),218.1100006103516,2.298562836798858,T4 2-5cr,67.0,61.0,6.0,0.0,32.33695652173913,49.41364376983106,71.57698774921931,75.13430784607696,100.0,9.5426755700449,11.649005643929272,5.711689496961625,4.278506565896934,0.0024231854824865,11.882410254861808,33.780293957849494,7.435647497882902,0.0426757360564309,15.864480198019802,2.320224954883116,1.090647804190465,3.0,16.620369,1.3699502,70.396006,11.798,1.86,,,,,4.0,2023-10-04,"ROE 10%, revenue CAGR 12%, profit CAGR 34%, debt-free, OCF/profit 1.1"
185,VARROC,NSE,Varroc Engineering Limited,Consumer Cyclical,Auto Parts,12360.7015424,small (<30k cr),823.75,21.06358222791137,T1 >=20cr,67.0,56.0,6.0,5.0,51.36986301369864,39.8142024877972,29.680365296803654,81.96673189823875,100.0,17.22992681016534,15.682983457164564,5.820442598934448,5.784248594533283,0.0401832679213116,8.684137976998429,,9.022571142052938,0.5193615137816682,3.6998972088242272,0.8820245380325039,2.3538400930707817,3.0,61.89365,6.9372864,75.0,12.2770004,0.18,Auto & components PLI,sector-level only (Yahoo industry: Auto Parts),https://www.outlookbusiness.com/corporate/806-applications-approved-under-pli-schemes-across-14-sectors,,4.0,2018-07-06,"ROE 17%, revenue CAGR 9%, D/E 0.52, OCF/profit 2.4, policy: Auto & components PLI (sector)"
186,STARCEMENT,NSE,Star Cement Limited,Basic Materials,Building Materials,7027.0803968,small (<30k cr),174.8800048828125,2.658708922467041,T4 2-5cr,66.9,64.9,-3.0,5.0,59.35835235920853,71.00802546008026,45.33931664304834,54.609125553610056,100.0,9.695800204891556,12.690577585700428,6.924569784785345,16.133836103509207,1.7450681348568846,11.67559533763982,16.690207705710947,20.05883802563877,0.1890585894447072,13.78780416905902,1.306564012901246,1.808755468567428,1.0,19.021881,2.204527,90.352,4.283,1.14,Infrastructure capex,sector-level only (Yahoo industry: Building Materials),https://www.outlookbusiness.com/budget/budget-2026-fm-sitharaman-raises-capex-for-fy27-to-122-lakh-crore ; https://prsindia.org/files/budget/budget_parliament/2026/Analysis_of_Expenditure_2026-27.pdf,,4.0,2017-06-16,"ROE 10%, revenue CAGR 12%, profit CAGR 17%, D/E 0.19, OCF/profit 1.8, policy: Infrastructure capex (sector)"
187,VMART,NSE,V-Mart Retail Limited,Consumer Cyclical,Department Stores,6343.3527296,small (<30k cr),806.2000122070312,6.003719123742676,T3 5-10cr,66.9,56.9,10.0,0.0,36.47260273972603,59.73704928357739,21.004566210045663,91.25244618395304,100.0,1.911192677961839,7.948547354865767,0.9795489398294556,6.181262782942336,5.920909796075058,15.473357033200609,,16.53553490978854,1.006823677846704,3.07035848047084,1.0365623223303568,16.926859334337763,3.0,46.078037,6.659677,51.902,35.439998,0.12,,,,,4.0,2013-02-20,"ROE 2%, revenue CAGR 15%, D/E 1.01, OCF/profit 16.9"
188,GIPCL,NSE,Gujarat Industries Power Company Limited,Utilities,Utilities - Regulated Electric,2632.6175744,small (<30k cr),171.86000061035156,5.068959160002136,T3 5-10cr,66.9,55.9,6.0,5.0,56.25,43.05555555555555,33.333333333333336,62.5,100.0,7.49477467741447,5.883164515565096,3.622437366614209,18.2781647051714,2.108518244706911,3.210702892799566,28.71706074204241,18.809033272062223,0.9359248116905752,3.214237748922137,0.634879000110962,2.2412599464271645,1.0,5.1600246,0.68545634,65.431,4.9910000000000005,2.39,"Power, T&D and RDSS",sector-level only (Yahoo industry: Utilities - Regulated Electric),https://www.tndindia.com/genus-power-outstanding-order-book-exceeds-rs-25000-crore/amp/,,4.0,1995-02-08,"ROE 7%, revenue CAGR 3%, profit CAGR 29%, D/E 0.94, OCF/profit 2.2, policy: Power, T&D and RDSS (sector)"
189,SHREEPUSHK,NSE,Shree Pushkar Chemicals & Fertilisers Limited,Basic Materials,Specialty Chemicals,1642.7547648,small (<30k cr),517.5,2.567297769058228,T4 2-5cr,66.9,60.9,6.0,0.0,48.54927701674277,73.6647294866473,58.404975594394585,24.41034092079514,100.0,10.064185525812778,10.36172928376535,6.402734514884489,7.813857683674151,2.412634916109917,12.63603001490976,23.478492117171943,21.150384443483876,0.215404442967105,65.35392876049308,1.675814457614587,0.9379136201562218,0.0,23.09091,2.6917331,70.678,,0.41,,,,,4.0,2015-09-10,"ROE 10%, revenue CAGR 13%, profit CAGR 23%, D/E 0.22, OCF/profit 0.9"
190,KCP,NSE,KCP Limited,Basic Materials,Building Materials,1998.4068608,small (<30k cr),154.3300018310547,1.4821685326202392,T5 1-2cr,66.8,58.8,3.0,5.0,57.92189878234399,56.88390756883908,51.26121870571564,32.428674425790504,100.0,11.34237192797764,14.76330270907246,5.638477967581786,10.13825603894888,0.7269925193454547,4.500987255147049,67.76887533671339,1.726286380989417,0.3727350777466654,9.820379436964505,2.800704402515723,0.8871306828847092,1.0,11.725415,1.1215136,54.32599999999999,1.485,0.65,Infrastructure capex,sector-level only (Yahoo industry: Building Materials),https://www.outlookbusiness.com/budget/budget-2026-fm-sitharaman-raises-capex-for-fy27-to-122-lakh-crore ; https://prsindia.org/files/budget/budget_parliament/2026/Analysis_of_Expenditure_2026-27.pdf,,4.0,1997-04-09,"ROE 11%, revenue CAGR 5%, profit CAGR 68%, D/E 0.37, OCF/profit 0.9, policy: Infrastructure capex (sector)"
191,UGROCAP,NSE,Ugro Capital Limited,Financial Services,Credit Services,1234.5964544,small (<30k cr),82.97000122070312,1.2996372172966004,T5 1-2cr,66.6,62.6,4.0,0.0,44.62486002239641,88.3885865083292,34.04255319148936,50.0,100.0,7.115407255487498,4.594669664845647,1.5707603186259886,42.607492283319246,-8.853596438364441,42.36030435261296,63.801199442678815,46.07048730377337,3.7103277469855582,1.7978899439096525,1.4654332072748035,-8.66365319915661,1.0,5.6814346,0.4248416,47.252998000000005,13.984999,0.0,,,,,4.0,2021-08-11,"ROE 7%, revenue CAGR 42%, profit CAGR 64%, D/E 3.71, OCF/profit -8.7"
192,MPSLTD,NSE,MPS Limited,Communication Services,Publishing,4512.26624,small (<30k cr),2697.10009765625,2.668246916101074,T4 2-5cr,66.6,65.6,1.0,0.0,68.75,54.16666666666666,50.0,65.625,100.0,28.66726543033092,37.33340356704395,18.64695357565487,27.23593953801572,-0.5626704269583342,15.363544047991162,16.627602929597973,5.7058682315100695,0.1016739792020359,114.97648754784512,1.4452062576612503,0.942922690823398,3.0,23.95764,7.564121,73.459,1.938,0.0,,,,,4.0,2002-01-21,"ROE 29%, revenue CAGR 15%, profit CAGR 17%, D/E 0.10, OCF/profit 0.9"
193,HEGAM,NSE,HEG Advanced Materials Limited,Industrials,Electrical Equipment & Parts,7909.5676928,small (<30k cr),246.9900054931641,31.166940172666173,T1 >=20cr,66.5,55.5,6.0,5.0,38.85869565217392,31.00184375267987,64.7049403475058,67.41473013493254,100.0,5.600054559765446,6.720795340623193,4.346768288493941,12.210535234248578,1.1685437355645174,1.569268398176238,-13.769801118429804,19.39026322781692,0.1673044596396995,17.53442586754658,2.2086260317566944,1.4387714038760702,2.0,13.361002,,72.59300400000001,6.365,1.35,"Power, T&D and RDSS",sector-level only (Yahoo industry: Electrical Equipment & Parts),https://www.tndindia.com/genus-power-outstanding-order-book-exceeds-rs-25000-crore/amp/,,4.0,1995-05-10,"ROE 6%, revenue CAGR 2%, profit CAGR -14%, D/E 0.17, OCF/profit 1.4, policy: Power, T&D and RDSS (sector)"
194,HUBTOWN,NSE,Hubtown Limited,Real Estate,Real Estate - Development,2330.4507392,small (<30k cr),164.52000427246094,5.1054422099823,T3 5-10cr,66.5,62.5,4.0,0.0,52.88461538461539,72.90148448043185,56.41025641025641,31.517094017094017,100.0,0.4265058144366146,5.306950765106557,0.5622813813847094,20.818051938426308,25.76643860711517,26.228318011066555,75.01490160230037,47.9561405277859,0.4554085696640463,2.2961249432263924,1.9584979052332396,-1.8861538761098704,2.0,25.386997,0.88424957,49.728,3.184,0.0,,,,,4.0,2007-02-07,"ROE 0%, revenue CAGR 26%, profit CAGR 75%, D/E 0.46, OCF/profit -1.9"
195,RSYSTEMS,NSE,R Systems International Limited,Technology,Information Technology Services,2978.3959552,small (<30k cr),252.3500061035156,4.212008449942017,T4 2-5cr,66.3,60.3,6.0,0.0,65.10063319764814,25.984555337789164,49.133122267450624,84.77869274318064,100.0,22.485360320143965,26.413876922058996,10.102113395402434,12.45017122815475,0.6728556993209818,8.910360973336084,10.055310594373346,12.428985713604934,0.5176491840181501,19.00275151686186,1.9039903881936395,1.4568771804041234,3.0,15.758621,2.7116687,73.592,9.003,6.34,,,,,4.0,2006-04-26,"ROE 22%, revenue CAGR 9%, profit CAGR 10%, D/E 0.52, OCF/profit 1.5"
196,GULPOLY,NSE,Gulshan Polyols Limited,Basic Materials,Chemicals,1021.7358336,small (<30k cr),166.6300048828125,1.4308250669647218,T5 1-2cr,66.2,60.2,6.0,0.0,46.24952435312025,77.98187352981873,27.47283892300425,57.61664435060253,100.0,7.320093285916575,9.404010340661667,3.874649119345409,7.629995702811504,6.627945530856728,24.83943745528321,33.35370623449734,13.144664444696929,0.4423863147075089,4.55839422311976,1.2299964753141446,2.1076868092042638,1.0,6.9358377,1.425906,68.619,,0.9,,,,,4.0,2015-01-28,"ROE 7%, revenue CAGR 25%, profit CAGR 33%, D/E 0.44, OCF/profit 2.1"
197,PITTIENG,NSE,Pitti Engineering Limited,Industrials,Metal Fabrication,4080.0591872,small (<30k cr),1118.4000244140625,8.997525022485352,T3 5-10cr,66.1,56.1,10.0,0.0,51.22282608695652,58.08142526369952,24.606653855392747,58.92210144927537,100.0,14.837652743004796,13.709994733238515,6.0204648309172,12.755760983531902,-0.779780691962273,20.12517912220317,26.04123215098804,12.206370900817245,0.8213442199535008,3.551159873462814,1.4026682631375735,1.738862273270305,1.0,33.033474,4.134018,58.295,18.290001,0.22,,,,,4.0,2007-02-02,"ROE 15%, revenue CAGR 20%, profit CAGR 26%, D/E 0.82, OCF/profit 1.7"
198,SHAREINDIA,NSE,Share India Securities Limited,Financial Services,Capital Markets,4423.5579392,small (<30k cr),207.2700042724609,31.297577003474427,T1 >=20cr,66.1,63.1,3.0,0.0,64.66965285554312,29.67177964703942,85.1063829787234,50.0,100.0,16.889145321468423,20.98609676151069,10.182179980420692,28.75300184567725,-10.978170830602526,9.567160583448286,-0.5463169080726193,6.950923077079296,0.2637175523674561,5.371157735537485,2.0391133043135485,-0.452388618250802,0.0,12.463009,1.699868,63.719004,0.767,0.95,,,,,4.0,2020-09-21,"ROE 17%, revenue CAGR 10%, profit CAGR -1%, D/E 0.26, OCF/profit -0.5"
199,PTC,NSE,PTC India Limited,Utilities,Utilities - Independent Power Producers,4414.963712,small (<30k cr),151.72000122070312,18.83266185137863,T2 10-20cr,66.0,60.0,6.0,0.0,46.875,29.166666666666668,66.66666666666667,84.375,100.0,11.636177828867272,14.317353242436646,4.972785206676905,4.183195095564371,-2.930624933904814,2.8815337490116333,10.76963701873539,6.857563472151251,0.295751215980551,5.089057737332685,2.23876495026512,3.596703584901854,3.0,8.681606,0.73792064,21.694,25.185,7.25,,,,,4.0,2004-04-07,"ROE 12%, revenue CAGR 3%, profit CAGR 11%, D/E 0.30, OCF/profit 3.6"
200,ARVINDFASN,NSE,Arvind Fashions Limited,Consumer Cyclical,Apparel Retail,5304.3802112,small (<30k cr),397.9500122070313,8.634994273568726,T3 5-10cr,66.0,60.0,6.0,0.0,48.97260273972603,59.82778302629507,21.461187214611872,90.18101761252446,100.0,5.7700875532412415,15.694726632971534,1.403094831957695,8.260268352353021,1.3282082801440618,9.00795372696377,49.4628527354789,14.013959602478332,1.4156669916493578,2.98657463592233,1.2604889869040812,8.160403245048915,3.0,43.877213,5.608897,37.323,29.461,0.39,,,,,4.0,2019-03-08,"ROE 6%, revenue CAGR 9%, profit CAGR 49%, D/E 1.42, OCF/profit 8.2"
201,SBCL,NSE,Shivalik Bimetal Controls Limited,Industrials,Metal Fabrication,6198.2117888,small (<30k cr),1099.300048828125,19.205294196789552,T2 10-20cr,65.9,59.9,6.0,0.0,76.6304347826087,36.902924277506216,76.89366642645528,67.66304347826087,40.0,21.19479492830778,25.618747129621383,16.42502010398661,20.5458879898371,-0.2447527478689437,6.666864885918833,6.6134528915706925,12.297269703931056,0.1477852161599776,44.8694134319588,3.4663790393041336,0.8437202542040725,3.0,58.41477,12.825097,40.585998,8.696,0.36,,,,,4.0,2021-06-24,"ROE 21%, revenue CAGR 7%, profit CAGR 7%, D/E 0.15, OCF/profit 0.8"
202,KALAMANDIR,NSE,Sai Silks (Kalamandir) Limited,Consumer Cyclical,Apparel Retail,1119.7123584,small (<30k cr),77.01000213623047,3.6366865750637056,T4 2-5cr,65.6,59.6,6.0,0.0,49.48630136986301,42.17829869311919,70.54794520547945,50.69960861056751,100.0,9.40483101977719,12.569187135722428,6.323632587944965,12.611343254700152,0.1424851861915428,6.958214889037251,13.0287970535816,13.10934945725406,0.2865756424190976,7.104669887278583,5.183293474547318,1.246530961550217,2.0,8.197411,0.88665634,68.77600000000001,6.033,1.95,,,,,4.0,2023-09-27,"ROE 9%, revenue CAGR 7%, profit CAGR 13%, D/E 0.29, OCF/profit 1.2"
203,EXCELINDUS,NSE,Excel Industries Limited,Basic Materials,Specialty Chemicals,1156.5036544,small (<30k cr),924.0999755859376,1.041894924331665,T5 1-2cr,65.6,59.6,6.0,0.0,39.99238964992389,44.15732669157327,77.12328767123289,53.98856730868266,100.0,3.668322915544097,4.890926496308439,2.9946113183401164,7.359984837414451,7.8988475358175805,0.1327115763034347,-1.8133267672691968,11.9079832050762,0.004627993905129,58.56117944794303,2.492701085968436,1.051132992637739,2.0,16.205742,0.67901987,56.586000000000006,6.949,1.49,,,,,4.0,2004-06-16,"ROE 4%, revenue CAGR 0%, profit CAGR -2%, debt-free, OCF/profit 1.1"
204,REDTAPE,NSE,Redtape Limited,Consumer Cyclical,Footwear & Accessories,6263.310336,small (<30k cr),113.62999725341795,3.5969130966003418,T4 2-5cr,65.6,59.6,6.0,0.0,63.18493150684933,67.09199338686821,43.60730593607306,21.800391389432487,100.0,24.093942187429004,21.734232284329124,9.724066021463118,11.284141698394306,-3.18779000317123,18.32230523261145,19.166129131469688,19.727486684008436,0.7048963646866464,5.665659182498561,1.5654119369439032,0.447655890523015,1.0,25.460676,6.13228,72.174,14.107001,1.74,,,,,4.0,2023-08-11,"ROE 24%, revenue CAGR 18%, profit CAGR 19%, D/E 0.70, OCF/profit 0.4"
205,ANDHRSUGAR,NSE,The Andhra Sugars Limited,Basic Materials,Chemicals,1259.3948672,small (<30k cr),93.37000274658205,2.563314696402741,T4 2-5cr,65.6,66.6,-1.0,0.0,33.31430745814308,46.62723121627232,90.1590300740041,90.51910598413843,100.0,3.783051586235248,4.870598570204096,2.89170252256895,5.228969746423545,2.7915353589480434,1.4392480785496042,-23.50910012671393,22.105539756712652,0.0003351987726328,151.37554321583775,4.792778313668749,2.9738998401820536,3.0,12.098958,0.75343186,,0.847,1.07,,,,,4.0,1995-11-01,"ROE 4%, revenue CAGR 1%, profit CAGR -24%, debt-free, OCF/profit 3.0"
206,GHCLTEXTIL,NSE,GHCL Textiles Limited,Consumer Cyclical,Textile Manufacturing,1228.7552512,small (<30k cr),130.0399932861328,6.7540167870750425,T3 5-10cr,65.6,58.6,2.0,5.0,33.04794520547945,51.14155251141553,82.42009132420092,40.37181996086106,100.0,3.4617070742684697,4.352317499779701,2.861072163295329,6.38994249357641,2.858087863220259,,,13.609549707653134,0.0893317093624583,23.239234449760765,2.786382194126169,1.4836514961358085,1.0,12.765641,0.81781054,32.849000000000004,7.467,0.46,White goods / textiles / food PLI,sector-level only (Yahoo industry: Textile Manufacturing),https://www.india-briefing.com/news/indias-pli-scheme-for-white-goods-ac-and-led-status-updates-24506.html,,4.0,2023-06-12,"ROE 3%, debt-free, OCF/profit 1.5, policy: White goods / textiles / food PLI (sector)"
207,EIMCOELECO,NSE,Eimco Elecon (India) Limited,Industrials,Farm & Heavy Construction Machinery,1292.1182208,small (<30k cr),2247.300048828125,4.152268978820801,T4 2-5cr,65.5,62.5,3.0,0.0,50.81521739130436,37.59433153245863,92.36428056689888,46.43771864067966,100.0,10.022682385747927,12.944782442045998,8.793735481924598,14.974714782925997,0.4178632340039367,10.241612253255283,25.62916067242611,-6.499744727948553,0.0092961155028447,312.22620519159454,4.330116544947522,0.5231407534227851,2.0,34.424465,2.7638488,53.706,1.818,0.18,,,,,4.0,1996-04-17,"ROE 10%, revenue CAGR 10%, profit CAGR 26%, debt-free, OCF/profit 0.5"
208,GAEL,NSE,Gujarat Ambuja Exports Limited,Consumer Defensive,Packaged Foods,7401.5678464,small (<30k cr),162.97999572753906,9.119112885110471,T3 5-10cr,65.4,57.4,3.0,5.0,37.980769230769226,48.07692307692307,66.45299145299145,50.471342383107086,100.0,10.009893847469945,12.703555038360228,8.238566321566624,6.169756111269184,-0.4284837594151929,5.315920331221502,-2.678387865008192,24.23476735356498,0.1338395564174701,16.834377447141737,3.1878827173834736,0.8691451632628103,2.0,17.79162,2.246523,71.26599999999999,1.279,0.18,White goods / textiles / food PLI,sector-level only (Yahoo industry: Packaged Foods),https://www.india-briefing.com/news/indias-pli-scheme-for-white-goods-ac-and-led-status-updates-24506.html,,4.0,2000-10-11,"ROE 10%, revenue CAGR 5%, profit CAGR -3%, D/E 0.13, OCF/profit 0.9, policy: White goods / textiles / food PLI (sector)"
209,GNFC,NSE,Gujarat Narmada Valley Fertilizers and Chemicals Limited,Basic Materials,Chemicals,8990.5659904,small (<30k cr),618.2000122070312,35.70268705275879,T1 >=20cr,65.3,55.3,10.0,0.0,47.279299847793,16.888058668880586,91.9902377578334,39.32691317334432,100.0,7.274678542710672,9.67806077172692,5.736332724488321,8.297990400173836,4.651366715929976,-8.8444267002034,-18.09241227021381,-1.6162323119210065,0.0005913199929787,233.49781659388643,5.90988134697603,0.6779952192072289,2.0,8.8328285,0.986702,43.472,16.691,3.4,,,,,4.0,1995-05-17,"ROE 7%, revenue CAGR -9%, profit CAGR -18%, debt-free, OCF/profit 0.7"
210,TFCILTD,NSE,Tourism Finance Corporation of India Limited,Financial Services,Credit Services,6812.7100928,small (<30k cr),152.24000549316406,164.94746970603026,T1 >=20cr,65.3,63.3,2.0,0.0,66.44736842105263,38.90813128814119,72.3404255319149,50.0,100.0,8.76134000208376,7.534580383058791,4.794545777842823,65.6717949401825,3.4680106677418365,6.097315107822476,11.969954575364184,10.417210324689608,0.8193884964705158,7.1231580147240905,2.2617718473945,0.007611239746671,1.0,40.875,5.1930404,36.551997,5.494000000000001,0.43,,,,,4.0,2000-07-26,"ROE 9%, revenue CAGR 6%, profit CAGR 12%, D/E 0.82, OCF/profit 0.0"
211,AARTIPHARM,NSE,Aarti Pharmalabs Limited,Healthcare,Drug Manufacturers - Specialty & Generic,8424.6085632,small (<30k cr),953.3499755859376,56.00044607120361,T1 >=20cr,65.2,44.2,6.0,15.0,48.57142857142858,10.575022461814916,34.285714285714285,50.53571428571429,100.0,11.41904251862756,13.76772121035463,7.601158456331166,16.673442342282073,-0.556566142408581,-2.6203446225481875,-3.347083064590084,-14.296941503558411,0.3621197563066558,5.966040406969307,1.4903332561479936,1.2174822466146056,1.0,39.534042,3.9656386,44.0,12.473,0.42,Pharma / medical devices PLI,"Approved products under pharmaceuticals PLI (DoP annexure, Oct 2024)",https://www.pharma-dept.gov.in/sites/default/files/PPO%20DOP17oct2024.pdf,,4.0,2023-01-30,"ROE 11%, revenue CAGR -3%, profit CAGR -3%, D/E 0.36, OCF/profit 1.2, policy: Pharma / medical devices PLI (company evidence)"
212,DBCORP,NSE,D.B.Corp Limited,Communication Services,Publishing,3028.9033216,small (<30k cr),171.0500030517578,1.193794139515686,T5 1-2cr,65.0,59.0,6.0,0.0,46.875,41.66666666666666,45.833333333333336,84.375,100.0,16.501485750900525,20.726908764658265,12.24990894594929,17.01238218411633,-3.597972002190214,3.3202247126939977,25.22101832719279,0.2838321633247931,0.1079600429182075,19.054023544589583,3.9600661390078686,1.2035188147150433,3.0,8.607903,1.2466983,74.502,13.411,4.09,,,,,4.0,2010-01-06,"ROE 17%, revenue CAGR 3%, profit CAGR 25%, D/E 0.11, OCF/profit 1.2"
213,INDIANHUME,NSE,Indian Hume Pipe Company Limited,Industrials,Engineering & Construction,1854.9250048,small (<30k cr),355.45001220703125,1.398547351852417,T5 1-2cr,65.0,57.0,3.0,5.0,58.423913043478265,27.919989709287368,48.97209544399072,70.53660669665167,100.0,19.801362186674517,21.197360849708616,9.718953596538356,9.839555333844526,-1.6983324290591977,-5.46055641373322,36.32016122590027,-12.500761202173816,0.2809127544413423,5.412240839001042,2.027556553666692,0.9148057623751464,3.0,12.9926195,1.2496451,74.844,0.756,0.56,Infrastructure capex,sector-level only (Yahoo industry: Engineering & Construction),https://www.outlookbusiness.com/budget/budget-2026-fm-sitharaman-raises-capex-for-fy27-to-122-lakh-crore ; https://prsindia.org/files/budget/budget_parliament/2026/Analysis_of_Expenditure_2026-27.pdf,,4.0,1995-08-30,"ROE 20%, revenue CAGR -5%, profit CAGR 36%, D/E 0.28, OCF/profit 0.9, policy: Infrastructure capex (sector)"
214,LUMAXIND,NSE,Lumax Industries Limited,Consumer Cyclical,Auto Parts,5029.0798592,small (<30k cr),5401.5,5.56454215,T3 5-10cr,65.0,58.0,2.0,5.0,58.9041095890411,70.69649464651235,19.40639269406393,45.0146771037182,100.0,17.7995854707943,15.193511213850128,4.726440387557321,6.641708663885606,1.3149503816911938,21.42704760311105,18.716708495890643,23.622088132106644,1.060626669884092,4.005058935381756,0.7609973107677104,1.6940534851660114,1.0,26.84229,5.481261,76.088,7.303,1.02,Auto & components PLI,sector-level only (Yahoo industry: Auto Parts),https://www.outlookbusiness.com/corporate/806-applications-approved-under-pli-schemes-across-14-sectors,,4.0,1995-09-06,"ROE 18%, revenue CAGR 21%, profit CAGR 19%, D/E 1.06, OCF/profit 1.7, policy: Auto & components PLI (sector)"
215,ARIHANTCAP,NSE,Arihant Capital Markets Limited,Financial Services,Capital Markets,1056.0058368,small (<30k cr),97.37999725341795,4.4148024323459625,T4 2-5cr,64.8,58.8,6.0,0.0,53.83538633818589,30.001649348507343,76.59574468085107,50.0,100.0,14.755301036469012,18.17537750736485,6.453026918217226,-12.765986557714024,-5.423034559593295,16.11658328545311,2.615402026961356,-10.77470720748216,0.5423046579400731,2.9354298276061552,1.560273958204328,-0.7466860265740246,1.0,25.286089,2.1772735,72.813004,,0.51,,,,,4.0,2021-06-15,"ROE 15%, revenue CAGR 16%, profit CAGR 3%, D/E 0.54, OCF/profit -0.7"
216,ONEPOINT,NSE,One Point One Solutions Limited,Industrials,Specialty Business Services,2063.7906944,small (<30k cr),78.7699966430664,17.5320105182827,T2 10-20cr,64.7,63.7,1.0,0.0,40.21739130434783,76.88877454763742,52.268996717111065,59.49681409295352,100.0,10.684093010471424,12.459507776542422,6.545744971785548,14.275986276121577,-3.868946279893248,30.732927700606893,63.19939577206242,22.24409279885908,0.4932885658083736,7.774860634228495,2.642234458435892,1.894075709806391,1.0,45.90058,4.651259,58.779,2.753,0.0,,,,,4.0,2019-05-09,"ROE 11%, revenue CAGR 31%, profit CAGR 63%, D/E 0.49, OCF/profit 1.9"
217,MEDPLUS,NSE,Medplus Health Services Limited,Healthcare,Pharmaceutical Retailers,7698.2165504,small (<30k cr),647.2999877929688,5.472765302478027,T3 5-10cr,64.6,60.6,4.0,0.0,35.35714285714286,66.7026055705301,34.76190476190476,87.8125,100.0,7.9683832191163635,9.400783592119884,4.07937729894837,5.013261245139409,2.653271852397774,14.708598061070322,64.03665023372851,12.285362180375923,0.7210755108311957,3.285029005834364,3.00112724524185,2.709296717832833,3.0,36.820793,3.8956816,30.546,39.146,0.0,,,,,4.0,2021-12-23,"ROE 8%, revenue CAGR 15%, profit CAGR 64%, D/E 0.72, OCF/profit 2.7"
218,SHRIRAMPPS,NSE,Shriram Properties Limited,Real Estate,Real Estate - Development,1154.3063552,small (<30k cr),68.05000305175781,1.946574444580078,T5 1-2cr,64.4,60.4,4.0,0.0,46.15384615384615,54.834008097166,50.0,67.62820512820514,100.0,6.17014732201856,8.656866048216054,2.224452944955899,6.476500171357068,-5.496976454623026,24.871275587426943,15.186098832979855,53.38133541967189,0.4219820264124062,1.9842330978809284,1.629962561234998,1.41721566925717,2.0,12.642991,0.7908521,49.334,5.7740003,0.0,,,,,4.0,2021-12-20,"ROE 6%, revenue CAGR 25%, profit CAGR 15%, D/E 0.42, OCF/profit 1.4"
219,PREMEXPLN,NSE,Premier Explosives Limited,Basic Materials,Specialty Chemicals,3702.5005568,small (<30k cr),687.0499877929688,12.402293119329832,T2 10-20cr,64.2,58.2,6.0,0.0,52.36396499238965,65.86066140860662,61.13682884585105,69.40210114326914,40.0,13.467241816003098,17.200697975935856,7.110082262068696,10.23619931619851,-8.3249264858985,24.302493898247167,87.88613600261861,-7.013939570690242,0.111851486443198,49.05879081592119,1.6481392396179588,1.9069802936461568,2.0,110.32052,12.843524,43.602002,10.146,0.07,,,,,4.0,2016-06-17,"ROE 13%, revenue CAGR 24%, profit CAGR 88%, D/E 0.11, OCF/profit 1.9"
220,RANEHOLDIN,NSE,Rane Holdings Limited,Consumer Cyclical,Auto Parts,2184.7902208,small (<30k cr),1547.4000244140625,1.1053646912841797,T5 1-2cr,64.2,56.2,3.0,5.0,35.61643835616438,72.12626456463549,21.689497716894977,66.05675146771037,100.0,13.62662690211488,12.947071593765616,4.347548650459085,4.055026629104892,-2.21525234054383,19.100723072344586,16.267118030923132,35.10956763326967,0.8848703881854346,3.4687412782584426,0.8793752845573323,2.392365807023271,2.0,25.874197,1.8935119,57.231,2.402,3.04,Auto & components PLI,sector-level only (Yahoo industry: Auto Parts),https://www.outlookbusiness.com/corporate/806-applications-approved-under-pli-schemes-across-14-sectors,,4.0,1997-09-24,"ROE 14%, revenue CAGR 19%, profit CAGR 16%, D/E 0.88, OCF/profit 2.4, policy: Auto & components PLI (sector)"
221,MANINFRA,NSE,Man Infraconstruction Limited,Industrials,Engineering & Construction,4805.5926784,small (<30k cr),122.5199966430664,20.97435820863648,T1 >=20cr,64.2,56.2,3.0,5.0,55.02717391304347,7.446831318068777,87.77524221314758,53.33427036481759,100.0,15.136257290568311,20.471645736505973,11.382220910936256,19.374875810103337,-6.864992334868049,-30.436110298960173,-8.116814532410766,-43.33912215344108,0.0282287448410236,57.516959574721305,5.547621769559568,0.8369141970790626,2.0,22.590317,2.1606169,65.952003,1.6230000000000002,0.95,Infrastructure capex,sector-level only (Yahoo industry: Engineering & Construction),https://www.outlookbusiness.com/budget/budget-2026-fm-sitharaman-raises-capex-for-fy27-to-122-lakh-crore ; https://prsindia.org/files/budget/budget_parliament/2026/Analysis_of_Expenditure_2026-27.pdf,,4.0,2010-03-11,"ROE 15%, revenue CAGR -30%, profit CAGR -8%, debt-free, OCF/profit 0.8, policy: Infrastructure capex (sector)"
222,SANGHVIMOV,NSE,Sanghvi Movers Limited,Industrials,Rental & Leasing Services,3489.0129408,small (<30k cr),410.6499938964844,10.942207205221557,T2 10-20cr,64.2,61.2,3.0,0.0,52.44565217391304,71.04879512906268,44.50016014092402,42.79110444777611,100.0,15.444025541631795,16.89637442701479,9.974979968398008,25.35443577911973,-16.196763286673892,32.92375947574768,18.042620843113987,36.86558811409202,0.5140254094714413,8.947602645010434,1.7733584927912256,1.407486195723795,0.0,17.879326,2.6610146,57.925,1.5039999,0.48,,,,,4.0,2007-01-24,"ROE 15%, revenue CAGR 33%, profit CAGR 18%, D/E 0.51, OCF/profit 1.4"
223,IRISDOREME,NSE,Iris Clothings Limited,Consumer Cyclical,Apparel Manufacturing,1103.5418624,small (<30k cr),58.45000076293945,3.115629440257454,T4 2-5cr,64.1,64.1,0.0,0.0,53.93835616438356,74.92621732797984,71.23287671232877,17.5146771037182,100.0,15.00898774298789,16.141877719579938,8.487088783646264,12.8161454900576,-3.878578240105592,19.24440457007881,25.15926536166755,30.65291065919451,0.242051844217628,9.459634220997858,3.1698868626336725,-0.0593909912947154,1.0,63.021736,7.738921,,,0.0,,,,,4.0,2021-02-22,"ROE 15%, revenue CAGR 19%, profit CAGR 25%, D/E 0.24, OCF/profit -0.1"
224,TEXRAIL,NSE,Texmaco Rail & Engineering Limited,Industrials,Railroads,4542.6429952,small (<30k cr),114.73999786376952,25.77382027186127,T1 >=20cr,64.1,53.1,6.0,5.0,34.78260869565217,57.3353485978904,37.11566178236848,50.74806346826587,100.0,7.199051345523184,10.879975028314776,3.906007513496961,7.997184371776718,0.4789856249159001,25.12626060676737,95.72685121124596,-14.059074120240089,0.3768567499320805,3.795883284096752,1.639895255802677,0.7387384979737494,2.0,21.429943,1.9103104,48.525003,9.075,0.65,Railways capex,sector-level only (Yahoo industry: Railroads),https://indianinfrastructure.com/2026/02/02/union-budget-2026-27-highlights-for-infrastructure-sectors/,,4.0,2011-03-03,"ROE 7%, revenue CAGR 25%, profit CAGR 96%, D/E 0.38, OCF/profit 0.7, policy: Railways capex (sector)"
225,PRECWIRE,NSE,Precision Wires India Limited,Industrials,Electrical Equipment & Parts,9457.569792,small (<30k cr),516.5999755859375,22.796472178741457,T1 >=20cr,64.1,56.1,3.0,5.0,57.06521739130435,73.76940228110797,34.64248538714069,69.42622438780609,40.0,16.70481257703255,23.62030161743734,6.981038638059382,4.453110089450002,0.5031840453015173,22.73742214112866,37.68029458667685,35.492135472775345,0.3799483907388177,5.010480302440353,1.3467642982622163,1.5732678865696992,2.0,54.343483,12.245259,64.983004,0.69700005,0.24,"Power, T&D and RDSS",sector-level only (Yahoo industry: Electrical Equipment & Parts),https://www.tndindia.com/genus-power-outstanding-order-book-exceeds-rs-25000-crore/amp/,,4.0,1995-09-06,"ROE 17%, revenue CAGR 23%, profit CAGR 38%, D/E 0.38, OCF/profit 1.6, policy: Power, T&D and RDSS (sector)"
226,GATEWAY,NSE,Gateway Distriparks Limited,Industrials,Integrated Freight & Logistics,2550.1822976,small (<30k cr),51.650001525878906,2.885496118175888,T4 2-5cr,64.1,58.1,6.0,0.0,44.56521739130435,54.51183431952663,32.85791496516935,78.29522738630685,100.0,13.746495442921583,13.083870464780532,9.213666444244769,15.027979264198333,-4.141209153494373,15.903429513086142,2.1430570341528954,31.66291768684925,0.2780271761257981,5.771428716048633,1.0736658953472475,1.3314842285739532,3.0,10.4163265,1.1055276,33.947,33.256,3.87,,,,,4.0,2022-03-22,"ROE 14%, revenue CAGR 16%, profit CAGR 2%, D/E 0.28, OCF/profit 1.3"
227,INDIAGLYCO,NSE,India Glycols Limited,Basic Materials,Chemicals,2500.0982528,small (<30k cr),382.7000122070313,14.184018413197329,T2 10-20cr,64.0,58.0,6.0,0.0,53.840848554033485,74.50878649508788,18.329396945362937,48.47049129673498,100.0,9.551161252390234,10.49192440951483,3.769035968389081,12.211413667441208,2.5231256745329524,17.292935123999985,32.77116102909508,12.559720623278302,0.5764519891290801,3.496549788804452,0.7436565976290055,2.2532619738720565,0.0,6.2942963,0.85246813,63.842,3.442,1.96,,,,,4.0,2005-07-01,"ROE 10%, revenue CAGR 17%, profit CAGR 33%, D/E 0.58, OCF/profit 2.3"
228,BBL,NSE,Bharat Bijlee Limited,Industrials,Electrical Equipment & Parts,2320.4173824,small (<30k cr),2042.0,3.528479859033203,T4 2-5cr,63.9,52.9,6.0,5.0,22.01086956521739,54.929894520195525,53.23784930739051,53.62162668665667,100.0,6.617251743017882,8.785660055550887,4.73470980377671,6.25420935096239,-2.413062117256005,17.104364228981783,13.002396001237203,19.50775226637296,0.1511635358081164,12.50646551724138,1.4642149806816092,0.8408017030998495,2.0,20.746841,1.1437782,35.926998,16.031000000000002,1.69,"Power, T&D and RDSS",sector-level only (Yahoo industry: Electrical Equipment & Parts),https://www.tndindia.com/genus-power-outstanding-order-book-exceeds-rs-25000-crore/amp/,,4.0,2006-11-21,"ROE 7%, revenue CAGR 17%, profit CAGR 13%, D/E 0.15, OCF/profit 0.8, policy: Power, T&D and RDSS (sector)"
229,MANGLMCEM,NSE,Mangalam Cement Limited,Basic Materials,Building Materials,2687.310848,small (<30k cr),971.0999755859376,5.503098217669677,T3 5-10cr,63.9,52.9,6.0,5.0,42.15420471841705,55.65933305659333,14.213509683514408,70.5299206921413,100.0,8.61406674737931,8.445495585703096,3.4284223466217614,8.368034903246468,0.8118625145569345,-0.6534982729734296,96.01117559007425,4.60493607278103,0.9091362012024242,3.3817103699395656,0.7224299989606678,1.9854554400376505,2.0,23.419601,2.7497509,47.118,11.107001,0.15,Infrastructure capex,sector-level only (Yahoo industry: Building Materials),https://www.outlookbusiness.com/budget/budget-2026-fm-sitharaman-raises-capex-for-fy27-to-122-lakh-crore ; https://prsindia.org/files/budget/budget_parliament/2026/Analysis_of_Expenditure_2026-27.pdf,,4.0,1996-01-03,"ROE 9%, revenue CAGR -1%, profit CAGR 96%, D/E 0.91, OCF/profit 2.0, policy: Infrastructure capex (sector)"
230,STAR,NSE,Strides Pharma Science Limited,Healthcare,Drug Manufacturers - Specialty & Generic,9969.4002176,small (<30k cr),1100.5999755859375,26.967549520294188,T1 >=20cr,63.8,52.8,6.0,5.0,65.35714285714286,35.238095238095234,21.428571428571427,55.78125,100.0,51.79822963558377,11.720249581494764,22.076130025936436,13.332314887360882,4.724244642217622,8.656194789703807,,5.380262049938955,0.5657107735477778,5.456480592876946,1.2493102210918832,0.5118753548632569,3.0,16.252441,3.2081056,30.784,28.553,0.46,Pharma / medical devices PLI,sector-level only (Yahoo industry: Drug Manufacturers - Specialty & Generic),https://www.pharma-dept.gov.in/schemes/archive,,4.0,2000-02-02,"ROE 52%, revenue CAGR 9%, D/E 0.57, OCF/profit 0.5, policy: Pharma / medical devices PLI (sector)"
231,VRLLOG,NSE,VRL Logistics Limited,Industrials,Trucking,4990.9522432,small (<30k cr),285.1000061035156,3.437261833828736,T4 2-5cr,63.8,53.8,10.0,0.0,64.67391304347827,24.59265929165595,16.321362799263355,88.35269865067465,100.0,15.663516374857652,14.28969042088182,6.726154543521677,12.403824244561877,6.182422323284321,6.828877694436941,-9.845338820693891,1.9348003156260285,1.0102324848569728,4.382061921481009,0.4926072671047545,3.2109344631775274,3.0,18.683693,4.3686643,60.242003,23.096001,1.75,,,,,4.0,2015-04-30,"ROE 16%, revenue CAGR 7%, profit CAGR -10%, D/E 1.01, OCF/profit 3.2"
232,ROUTE,NSE,ROUTE MOBILE LIMITED,Communication Services,Telecom Services,2702.8322304,small (<30k cr),426.5,6.56725820022583,T3 5-10cr,63.7,57.7,6.0,0.0,43.75,33.333333333333336,75.0,56.25,100.0,13.063225222930788,15.991669848315768,8.619574516756629,10.484981432372775,-0.5527513683947554,7.290823887868925,-9.925414998700276,-3.6587391435477614,0.0151574781826913,37.8133472367049,3.852389091404111,1.1641031137788735,2.0,10.9887295,0.9759826,74.851,4.237,1.86,,,,,4.0,2020-09-21,"ROE 13%, revenue CAGR 7%, profit CAGR -10%, debt-free, OCF/profit 1.2"
233,CAPACITE,NSE,Capacit'e Infraprojects Limited,Industrials,Engineering & Construction,1531.7561344,small (<30k cr),181.72000122070312,4.631334061318969,T4 2-5cr,63.6,54.6,4.0,5.0,49.45652173913044,52.48156247320128,45.8803747297622,33.06003248375812,100.0,9.916095003047428,13.866466642854682,4.829895076360229,12.703958395188982,0.2775036136387179,13.41912600246895,26.201147177714624,11.572200101866592,0.2531408094446118,5.067160635902853,1.6768214625977302,0.4588436479139971,1.0,8.312672,0.8024519,52.071,9.0179995,0.0,Infrastructure capex,sector-level only (Yahoo industry: Engineering & Construction),https://www.outlookbusiness.com/budget/budget-2026-fm-sitharaman-raises-capex-for-fy27-to-122-lakh-crore ; https://prsindia.org/files/budget/budget_parliament/2026/Analysis_of_Expenditure_2026-27.pdf,,4.0,2017-09-25,"ROE 10%, revenue CAGR 13%, profit CAGR 26%, D/E 0.25, OCF/profit 0.5, policy: Infrastructure capex (sector)"
234,DOLPHIN,NSE,Dolphin Offshore Enterprises (India) Limited,Energy,Oil & Gas Equipment & Services,2594.4969216,small (<30k cr),652.9000244140625,3.277466797009277,T4 2-5cr,63.5,68.5,-5.0,0.0,71.875,72.3611111111111,52.083333333333336,46.77083333333333,100.0,12.990966648866738,8.337934522859559,7.935538492067369,48.7269413264342,34.560506592228805,,23.81549114649688,57.28405602870608,0.5749619653683254,5.20803804092068,5.543275822892916,0.4920938849093873,1.0,36.030556,7.341937,90.156996,,0.0,,,,,4.0,2023-08-21,"ROE 13%, profit CAGR 24%, D/E 0.57, OCF/profit 0.5"
235,RATNAVEER,NSE,Ratnaveer Precision Engineering Limited,Basic Materials,Steel,2776.7033856,small (<30k cr),336.45001220703125,190.2955120288452,T1 >=20cr,63.5,57.5,1.0,5.0,48.08552130898021,85.86550435865503,36.84774051330499,11.252446183953031,100.0,11.515263086370071,10.820800157100088,5.795578747643945,8.12851151528992,0.7111939709882495,30.59272164517728,36.93475291214363,19.80572269229821,0.5005311987759268,5.367613244424006,1.7649114288936592,0.4158261236547795,0.0,16.992811,3.3612037,48.048002,0.082,0.0,Specialty steel PLI,sector-level only (Yahoo industry: Steel),https://www.outlookbusiness.com/corporate/806-applications-approved-under-pli-schemes-across-14-sectors,,4.0,2023-09-11,"ROE 12%, revenue CAGR 31%, profit CAGR 37%, D/E 0.50, OCF/profit 0.4, policy: Specialty steel PLI (sector)"
236,RML,NSE,Rane (Madras) Limited,Consumer Cyclical,Auto Parts,3623.2286208,small (<30k cr),1336.4000244140625,7.583632884814453,T3 5-10cr,63.4,55.4,3.0,5.0,32.7054794520548,69.81230810108644,21.46118721461187,69.9853228962818,100.0,9.418669588141048,8.646585268130567,2.834537386487379,5.29703851915482,0.2113242334405347,18.17351313479754,52.981526433136,13.468087508989225,1.0019318908548285,3.546470999301188,0.916024793336634,3.6313972684976736,2.0,30.580826,4.82736,70.795,0.078,1.2,Auto & components PLI,sector-level only (Yahoo industry: Auto Parts),https://www.outlookbusiness.com/corporate/806-applications-approved-under-pli-schemes-across-14-sectors,,4.0,2005-08-30,"ROE 9%, revenue CAGR 18%, profit CAGR 53%, D/E 1.00, OCF/profit 3.6, policy: Auto & components PLI (sector)"
237,SOMANYCERA,NSE,Somany Ceramics Limited,Industrials,Building Products & Equipment,2499.7306368,small (<30k cr),621.1500244140625,5.737211063253784,T3 5-10cr,63.3,48.3,10.0,5.0,34.375,27.402238229997423,22.78605172551846,88.64005497251374,100.0,10.292246869536342,14.120916045170407,3.991600365775008,5.415385432785862,-1.48849960286912,3.9708400050259662,4.332107736091206,4.811869465658569,0.4279854355447354,3.3998489018878426,1.0989013999722166,3.2808053976473475,3.0,23.560108,2.9674675,59.341,19.695999,0.96,Infrastructure capex,sector-level only (Yahoo industry: Building Products & Equipment),https://www.outlookbusiness.com/budget/budget-2026-fm-sitharaman-raises-capex-for-fy27-to-122-lakh-crore ; https://prsindia.org/files/budget/budget_parliament/2026/Analysis_of_Expenditure_2026-27.pdf,,4.0,1995-11-22,"ROE 10%, revenue CAGR 4%, profit CAGR 4%, D/E 0.43, OCF/profit 3.3, policy: Infrastructure capex (sector)"
238,CSBBANK,NSE,CSB Bank Limited,Financial Services,Banks - Regional,5174.1503488,small (<30k cr),306.5,11.248752285531616,T2 10-20cr,63.1,55.1,8.0,0.0,51.06382978723404,57.0839518390236,27.659574468085108,50.0,100.0,13.68044701978637,,1.3034112413370098,,,20.63757995927773,4.974610452768924,18.28509601496531,1.4617951878829492,,,-2.1107101619846858,1.0,7.969198,1.0821291,52.357,18.292,0.0,,,,,4.0,2019-12-04,"ROE 14%, revenue CAGR 21%, profit CAGR 5%, D/E 1.46, OCF/profit -2.1"
239,HUHTAMAKI,NSE,Huhtamaki India Limited,Consumer Cyclical,Packaging & Containers,1724.9210368,small (<30k cr),231.19000244140625,2.226953125996399,T4 2-5cr,63.1,60.1,3.0,0.0,44.34931506849316,29.70607483073532,73.51598173515981,79.46673189823875,100.0,9.061449837807606,19.97296678272258,5.525579145958014,5.821166661085624,-0.2159426194586018,-6.433479351353199,33.51997319765423,-2.5092531003497176,0.11137739364375,10.557367149758454,2.381748118927606,1.9870816742150217,3.0,12.639734,1.2788998,69.601,0.73,0.86,,,,,4.0,2004-10-01,"ROE 9%, revenue CAGR -6%, profit CAGR 34%, D/E 0.11, OCF/profit 2.0"
240,HARSHA,NSE,Harsha Engineers International Limited,Industrials,Tools & Accessories,4106.9993984,small (<30k cr),460.3999938964844,4.497195001834107,T4 2-5cr,63.0,57.0,6.0,0.0,47.01086956521739,39.897950433067486,63.23464648891024,50.87612443778111,100.0,9.224902611855288,11.56957065904258,6.634353674843889,11.96204802137582,2.240559443310857,5.830308794539163,7.977440916242862,15.566833452466057,0.265508065264074,15.456010745466756,2.597028910981602,1.15362139686464,1.0,26.550913,2.930039,75.0,13.839000000000002,0.33,,,,,4.0,2022-09-26,"ROE 9%, revenue CAGR 6%, profit CAGR 8%, D/E 0.27, OCF/profit 1.2"
241,DSSL,NSE,Dynacons Systems & Solutions Limited,Technology,Information Technology Services,1387.195392,small (<30k cr),1032.449951171875,2.4985059341186524,T4 2-5cr,63.0,60.0,3.0,0.0,72.2636815920398,50.34675109301975,21.54379617066185,66.67524446731858,100.0,30.7954725245672,31.73327667040226,8.948084720226916,9.40413965366724,1.92492955371056,20.97503926581872,36.31355206915392,12.394363218498206,0.75074195371783,5.952970792066294,1.3469032932356657,0.67037506138523,3.0,16.325888,4.3832254,61.891,0.34599998,0.05,,,,,4.0,2011-12-01,"ROE 31%, revenue CAGR 21%, profit CAGR 36%, D/E 0.75, OCF/profit 0.7"
242,ASALCBR,NSE,Associated Alcohols & Breweries Ltd.,Consumer Defensive,Beverages - Wineries & Distilleries,1182.0624896,small (<30k cr),590.0999755859375,2.604909647723389,T4 2-5cr,62.9,59.9,3.0,0.0,63.94230769230769,48.07692307692307,67.7727501256913,22.473604826546005,100.0,13.451926966647369,15.9738564385314,9.953956152928184,11.79751872782284,3.4731105922809835,13.021720954302827,28.635960039500464,-5.163176147350523,0.0992190763955892,23.24326713307756,2.575415956130274,0.6988930769576147,0.0,13.796579,1.6155989,65.19500000000001,0.155,0.34,,,,,4.0,2020-02-12,"ROE 13%, revenue CAGR 13%, profit CAGR 29%, debt-free, OCF/profit 0.7"
243,BALMLAWRIE,NSE,Balmer Lawrie & Company Limited,Industrials,Conglomerates,2694.678528,small (<30k cr),158.8800048828125,1.8226181481376649,T5 1-2cr,62.9,59.9,3.0,0.0,47.69021739130434,37.13982505788525,65.03122748018257,71.11131934032983,100.0,13.348720115199567,14.212648447388146,8.450762029729919,12.026398750410513,-1.02900375579682,4.65206678997121,17.192489412431588,7.978919147652275,0.1061597758095521,14.127640636126277,2.1330881816209466,0.9198520504442744,3.0,9.643819,1.3004762,63.049,2.507,5.35,,,,,4.0,1995-07-06,"ROE 13%, revenue CAGR 5%, profit CAGR 17%, D/E 0.11, OCF/profit 0.9"
244,SAMHI,NSE,Samhi Hotels Limited,Consumer Cyclical,Lodging,3262.016512,small (<30k cr),147.25,12.249476632865145,T2 10-20cr,62.9,58.9,4.0,0.0,54.7945205479452,56.342308297905845,17.123287671232877,84.82387475538161,100.0,2.648419827044885,7.398281441392124,2.271162706991269,25.89197272631103,9.06983176643353,19.1015212621378,,11.35706483325838,0.8497617061837245,2.664146611054454,0.8074185470977727,2.935261902608853,3.0,5.688251,2.1323915,24.045,32.461,0.0,,,,,4.0,2023-09-22,"ROE 3%, revenue CAGR 19%, D/E 0.85, OCF/profit 2.9"
245,EPIGRAL,NSE,Epigral Limited,Basic Materials,Chemicals,4432.340992,small (<30k cr),1030.0,3.5426355617370606,T4 2-5cr,62.8,56.8,6.0,0.0,65.07562785388129,35.88971910889719,36.18170366871359,61.88330415078793,100.0,16.447786952280037,17.854289336078278,9.275497191731896,16.022168079888438,-2.8649548403314355,4.777663580291969,-2.053500655654217,-0.7524657970092274,0.2575098022445001,8.304608788853162,1.163663748205287,1.438381534222443,2.0,16.38858,1.9952652,68.857,6.1739996,0.49,,,,,4.0,2021-08-18,"ROE 16%, revenue CAGR 5%, profit CAGR -2%, D/E 0.26, OCF/profit 1.4"
246,HIRECT,NSE,Hirect Limited,Industrials,Electrical Equipment & Parts,3816.3501056,small (<30k cr),1113.9000244140625,4.814502610266113,T4 2-5cr,62.8,51.8,6.0,5.0,51.08695652173913,75.90579710144927,17.767635519256945,70.00093703148426,40.0,18.27988635886958,15.555653000403932,6.490408225971363,7.440928970352416,-0.6571914538605403,40.737703871401855,,52.411864057042855,1.172947471376791,4.373654568210263,1.1238765901831265,1.6414748608547067,2.0,90.34174,18.294914,61.316,3.168,0.12,"Power, T&D and RDSS",sector-level only (Yahoo industry: Electrical Equipment & Parts),https://www.tndindia.com/genus-power-outstanding-order-book-exceeds-rs-25000-crore/amp/,,4.0,2006-12-26,"ROE 18%, revenue CAGR 41%, D/E 1.17, OCF/profit 1.6, policy: Power, T&D and RDSS (sector)"
247,RAJRATAN,NSE,Rajratan Global Wire Limited,Basic Materials,Steel,2311.3498624,small (<30k cr),460.6000061035156,3.918484513552857,T4 2-5cr,62.7,51.7,6.0,5.0,48.83704337899544,58.381762833817625,24.503227838135725,33.43289731177258,100.0,11.959247701011376,13.673488849701446,6.9561648747132425,9.685238408532152,-2.679960012644768,8.879108141257785,-11.198621261990704,23.641734811833715,0.4979706045138675,4.497840596780526,1.2117957944450692,1.1848752054999252,0.0,29.015297,3.5535033,69.69,7.811,0.43,Specialty steel PLI,sector-level only (Yahoo industry: Steel),https://www.outlookbusiness.com/corporate/806-applications-approved-under-pli-schemes-across-14-sectors,,4.0,2020-05-22,"ROE 12%, revenue CAGR 9%, profit CAGR -11%, D/E 0.50, OCF/profit 1.2, policy: Specialty steel PLI (sector)"
248,INOXGREEN,NSE,Inox Green Energy Services Limited,Utilities,Utilities - Renewable,5555.5371008,small (<30k cr),135.8699951171875,22.32751242015381,T1 >=20cr,62.7,53.7,4.0,5.0,34.375,45.833333333333336,95.83333333333331,56.25,40.0,3.0251970980397545,5.207139046739904,2.327298608739024,10.53337978027822,-2.281455752467588,10.870782015214033,,26.23373895791503,0.0516885932659547,22.13009011904284,2.873840423243963,0.7953486543731457,2.0,45.972218,3.0356526,59.157,5.12,0.0,Renewable energy / solar PLI,sector-level only (Yahoo industry: Utilities - Renewable),https://jmkresearch.com/39-6-gw-cumulative-solar-pv-module-manufacturing-capacity-allotted-under-pli-tranche-2/ ; https://www.businesstoday.in/amp/latest/economy/story/pli-scheme-attracts-rs-2-4-lakh-crore-in-investments-till-march-2026-536415-2026-06-11,,4.0,2022-11-23,"ROE 3%, revenue CAGR 11%, debt-free, OCF/profit 0.8, policy: Renewable energy / solar PLI (sector)"
249,GRMOVER,NSE,GRM Overseas Limited,Consumer Defensive,Packaged Foods,1666.41664,small (<30k cr),81.19000244140625,8.59206023820076,T3 5-10cr,62.6,53.6,4.0,5.0,43.26923076923077,56.41025641025641,39.99497234791352,37.7262443438914,100.0,14.81897574935318,13.092980142752332,6.903541826249287,5.073629976870773,-0.2476319457697995,8.14775588903187,5.235623560221536,27.300462104350288,0.6110805818793994,5.70070547395532,2.005280888579869,0.2888385328291523,2.0,17.571115,1.2273784,74.806,4.7140002,0.0,White goods / textiles / food PLI,sector-level only (Yahoo industry: Packaged Foods),https://www.india-briefing.com/news/indias-pli-scheme-for-white-goods-ac-and-led-status-updates-24506.html,,4.0,2022-09-07,"ROE 15%, revenue CAGR 8%, profit CAGR 5%, D/E 0.61, OCF/profit 0.3, policy: White goods / textiles / food PLI (sector)"
250,NILKAMAL,NSE,Nilkamal Limited,Consumer Cyclical,"Furnishings, Fixtures & Appliances",2758.0465152,small (<30k cr),1831.699951171875,3.8295783439208986,T4 2-5cr,62.5,51.5,6.0,5.0,26.883561643835613,33.45140037002047,58.21917808219178,65.34246575342466,100.0,7.7181543808985245,9.833634190412054,4.759451121096422,5.075909219067773,-0.5496639388317419,6.499514324971445,-4.797018356515281,13.725915083587225,0.2651369402957871,4.505919315918182,2.326893519989404,2.332798172066499,2.0,22.053154,1.7426819,69.99500400000001,13.321,1.1,White goods / textiles / food PLI,"sector-level only (Yahoo industry: Furnishings, Fixtures & Appliances)",https://www.india-briefing.com/news/indias-pli-scheme-for-white-goods-ac-and-led-status-updates-24506.html,,4.0,1995-11-01,"ROE 8%, revenue CAGR 6%, profit CAGR -5%, D/E 0.27, OCF/profit 2.3, policy: White goods / textiles / food PLI (sector)"
251,HITECH,NSE,Hi-Tech Pipes Limited,Basic Materials,Steel,1470.4601088,small (<30k cr),73.9000015258789,3.5453482736522672,T4 2-5cr,62.2,53.2,4.0,5.0,28.427035768645357,84.28808634288086,44.11903637222485,7.8689875373364915,100.0,6.378370064986805,9.49512354975905,3.881905790435573,3.277518705891089,-0.4245166993851592,21.61767859957491,26.435079367147598,40.08969043990871,0.2008452897358467,3.3218590964009813,2.1676952784553465,-0.1141527887426673,0.0,19.447721,1.0756707,46.468,14.041,0.0,Specialty steel PLI,sector-level only (Yahoo industry: Steel),https://www.outlookbusiness.com/corporate/806-applications-approved-under-pli-schemes-across-14-sectors,,4.0,2018-05-07,"ROE 6%, revenue CAGR 22%, profit CAGR 26%, D/E 0.20, OCF/profit -0.1, policy: Specialty steel PLI (sector)"
252,MOIL,NSE,MOIL Limited,Basic Materials,Other Industrial Metals & Mining,4808.7625728,small (<30k cr),236.3999938964844,9.863793694566343,T3 5-10cr,62.0,56.0,6.0,0.0,51.53871765601218,33.82454683824547,73.63013698630137,32.804614275414565,100.0,12.099466503432392,12.004136212216023,10.127424425074128,17.004396857022567,-3.4944696422243773,3.1895194429097278,2.1979378494366264,-7.121299562529327,0.0,,3.0283541911038725,0.8964907170880384,1.0,16.021696,1.7754672,64.685,6.348,5.9,,,,,4.0,2010-12-15,"ROE 12%, revenue CAGR 3%, profit CAGR 2%, debt-free, OCF/profit 0.9"
253,BASF,NSE,BASF India Limited,Basic Materials,Specialty Chemicals,15004.5343744,small (<30k cr),3453.800048828125,5.072245795166015,T3 5-10cr,61.9,55.9,6.0,0.0,49.29604261796042,37.90992112909921,64.77720044087545,40.830672571840566,100.0,13.756987217129746,18.18951413375863,6.142873537011593,3.810758749286689,-1.6637901469243523,3.088033893100928,1.4040726719646957,1.098514165300557,0.0334987593052109,30.35460251046025,1.6899692422842574,0.7315837339223074,2.0,24.1662,3.7914567,73.817,9.386,0.72,,,,,4.0,1995-05-17,"ROE 14%, revenue CAGR 3%, profit CAGR 1%, debt-free, OCF/profit 0.7"
254,BOROLTD,NSE,Borosil Limited,Consumer Cyclical,"Furnishings, Fixtures & Appliances",3359.2164352,small (<30k cr),281.1499938964844,5.810845465254212,T3 5-10cr,61.8,52.8,4.0,5.0,36.3013698630137,47.48550917178397,72.6027397260274,15.567514677103718,100.0,9.655363697107148,11.57681237435342,6.163308432172412,7.682815445471911,-1.8385460419776205,16.45104339387611,12.90800613297809,7.578551739070405,0.1669560758393721,16.42012557478727,2.209078414771781,0.6869470715980586,0.0,48.017094,3.7682443,67.85900000000001,3.695,0.0,White goods / textiles / food PLI,"sector-level only (Yahoo industry: Furnishings, Fixtures & Appliances)",https://www.india-briefing.com/news/indias-pli-scheme-for-white-goods-ac-and-led-status-updates-24506.html,,4.0,2020-07-22,"ROE 10%, revenue CAGR 16%, profit CAGR 13%, D/E 0.17, OCF/profit 0.7, policy: White goods / textiles / food PLI (sector)"
255,MANALIPETC,NSE,Manali Petrochemicals Limited,Basic Materials,Specialty Chemicals,1493.8133504,small (<30k cr),90.4800033569336,11.514174331126403,T2 10-20cr,61.8,58.8,3.0,0.0,33.338089802130895,56.61754531617546,69.31349393796252,49.85322896281801,100.0,4.876079417821439,6.402134466609977,3.900200154999808,4.740733486755129,2.1712856756337837,-4.569143881085658,36.88957215809104,14.16895865477068,0.1069093065721911,14.037261698440208,4.507174549230624,0.9635793130498124,2.0,8.464912,1.1645994,52.319,0.294,0.55,,,,,4.0,2006-12-06,"ROE 5%, revenue CAGR -5%, profit CAGR 37%, D/E 0.11, OCF/profit 1.0"
256,IOLCP,NSE,IOL Chemicals and Pharmaceuticals Limited,Healthcare,Drug Manufacturers - Specialty & Generic,6155.5658752,small (<30k cr),220.22000122070312,70.99498520668335,T1 >=20cr,61.7,53.7,3.0,5.0,35.0,30.08086253369272,59.04761904761904,71.11607142857143,100.0,7.327820886930104,9.98301439556714,5.184357879763836,8.218180872775488,0.2930666658060312,1.5815012776019932,-0.3606494110123148,11.585976143391076,0.0752939868227183,19.454454454454453,1.778709901764757,1.829661789140805,2.0,35.78669,3.4224958,62.277,1.604,0.45,Pharma / medical devices PLI,sector-level only (Yahoo industry: Drug Manufacturers - Specialty & Generic),https://www.pharma-dept.gov.in/schemes/archive,,4.0,2010-11-08,"ROE 7%, revenue CAGR 2%, profit CAGR -0%, debt-free, OCF/profit 1.8, policy: Pharma / medical devices PLI (sector)"
257,ORIENTHOT,NSE,Oriental Hotels Limited,Consumer Cyclical,Lodging,2540.9306624,small (<30k cr),143.05999755859375,7.146384929912567,T3 5-10cr,61.7,58.7,3.0,0.0,52.3972602739726,39.32316269091481,43.83561643835617,79.8238747553816,100.0,7.565308070218448,10.492723649192758,5.542961217522356,19.86434155618625,0.757562281002901,7.772748722249423,7.788092072472286,12.314179277595084,0.1713585769307636,7.7759261981770065,0.5417843060853152,2.026438078281149,3.0,38.142094,3.334271,69.32499399999999,2.0639999,0.45,,,,,4.0,1998-08-27,"ROE 8%, revenue CAGR 8%, profit CAGR 8%, D/E 0.17, OCF/profit 2.0"
258,GOCOLORS,NSE,Go Fashion (India) Limited,Consumer Cyclical,Apparel Retail,1590.5025024,small (<30k cr),306.1499938964844,2.046387676612854,T4 2-5cr,61.6,53.6,8.0,0.0,47.089041095890416,21.603290820343258,44.520547945205486,83.39530332681016,100.0,11.895616413515214,12.824186380248284,6.372736265904027,13.468000704122272,-4.805600649139333,8.024031391083364,-10.592203281829848,-1.2358242215878223,0.7714090476732688,2.6085139898566414,3.417192832009427,2.4725280419280447,3.0,30.270271,2.3522456,58.021,28.649,0.0,,,,,4.0,2021-11-30,"ROE 12%, revenue CAGR 8%, profit CAGR -11%, D/E 0.77, OCF/profit 2.5"
259,SMSPHARMA,NSE,SMS Pharmaceuticals Limited,Healthcare,Drug Manufacturers - General,4311.271424,small (<30k cr),468.8500061035156,24.900578149057008,T1 >=20cr,61.5,53.5,3.0,5.0,50.0,60.0,33.80952380952381,28.169642857142858,100.0,11.025836392826667,11.488354946555187,6.1006367283351866,15.103011463128931,3.0359981367599325,19.33310959002381,,13.340339854787908,0.4645506642328261,6.27409202720301,1.8075179551714944,0.8647069233091363,0.0,40.956406,5.4864316,74.881,2.927,0.09,Pharma / medical devices PLI,sector-level only (Yahoo industry: Drug Manufacturers - General),https://www.pharma-dept.gov.in/schemes/archive,,4.0,2007-02-28,"ROE 11%, revenue CAGR 19%, D/E 0.46, OCF/profit 0.9, policy: Pharma / medical devices PLI (sector)"
260,JAICORPLTD,NSE,Jai Corp Limited,Basic Materials,Specialty Chemicals,1554.0967424,small (<30k cr),90.9000015258789,2.5553875043045045,T4 2-5cr,61.4,58.4,3.0,0.0,36.287100456621005,29.90867579908676,97.4822862541332,49.165722525491816,100.0,6.539062503606746,7.90806153216613,6.258280440698065,8.307734183613952,0.1586665796879511,-4.703896912737138,,-0.6490245315819987,0.00033,1017.6315789473684,25.893095093882497,0.3451677144266245,3.0,9.166667,1.0347407,74.373,1.619,0.55,,,,,4.0,1997-11-26,"ROE 7%, revenue CAGR -5%, debt-free, OCF/profit 0.3"
261,AARTIDRUGS,NSE,Aarti Drugs Limited,Healthcare,Drug Manufacturers - Specialty & Generic,3771.2764928,small (<30k cr),417.5499877929688,6.130808016531372,T3 5-10cr,61.3,50.3,6.0,5.0,42.85714285714286,20.86253369272237,36.66666666666666,80.0,100.0,12.747917136686944,12.855344473292512,6.834081156953807,10.042438811760864,-1.0264253162763382,-2.3241093140869307,5.433460236466559,6.431154755426038,0.3722945441844039,7.255506516464677,1.5915036162956506,1.6034704592623192,3.0,19.741997,2.4336233,59.56399999999999,11.075,0.47,Pharma / medical devices PLI,sector-level only (Yahoo industry: Drug Manufacturers - Specialty & Generic),https://www.pharma-dept.gov.in/schemes/archive,,4.0,2003-09-19,"ROE 13%, revenue CAGR -2%, profit CAGR 5%, D/E 0.37, OCF/profit 1.6, policy: Pharma / medical devices PLI (sector)"
262,RESPONIND,NSE,Responsive Industries Limited,Basic Materials,Specialty Chemicals,4199.0844416,small (<30k cr),159.72999572753906,6.41882454045105,T3 5-10cr,61.3,64.3,-3.0,0.0,48.4898211567732,62.41178912411789,67.69800031491104,53.30106087135648,100.0,12.828274393125868,12.784747096625749,9.96070830001094,12.239414132890596,-4.277866745541447,12.702747855431928,82.56681234266294,-1.6879952955277,0.125085114704312,9.543901791051384,6.164397682118016,0.668781219576797,3.0,41.44737,2.6935968,87.574995,5.473,0.06,,,,,4.0,2010-10-29,"ROE 13%, revenue CAGR 13%, profit CAGR 83%, D/E 0.13, OCF/profit 0.7"
263,IPL,NSE,India Pesticides Limited,Basic Materials,Agricultural Inputs,1488.7186432,small (<30k cr),130.38999938964844,2.193550472666931,T4 2-5cr,61.2,62.2,-1.0,0.0,60.02901445966514,57.8421198284212,69.5701464336325,25.66175713255742,100.0,9.434049561984503,12.480757165195886,7.386725728713134,14.6065924900961,3.9942573637236896,6.162659444072061,-5.785282366519495,27.621950481996205,0.1091715595512738,28.873949579831933,3.1919154042297886,0.683413443198291,1.0,13.825668,1.4743721,75.154,0.062,0.58,,,,fertiliser subsidy / price controls,4.0,2021-07-05,"ROE 9%, revenue CAGR 6%, profit CAGR -6%, D/E 0.11, OCF/profit 0.7"
264,VISHNU,NSE,Vishnu Chemicals Limited,Basic Materials,Specialty Chemicals,4548.8300032,small (<30k cr),683.4000244140625,5.234765642669678,T3 5-10cr,61.1,55.1,6.0,0.0,63.308599695586,49.30123149301232,38.00976224216659,28.6692759295499,100.0,13.7945760321557,15.774972179069948,7.397699997409745,13.225987906499672,-0.7313951538460834,4.926048403176009,1.3740810563225514,11.210479442660423,0.4928673304486497,8.370148195098395,1.6023599361067498,0.7698448003831209,1.0,30.870262,4.551854,70.059997,7.824000000000001,0.04,,,,,4.0,2015-03-05,"ROE 14%, revenue CAGR 5%, profit CAGR 1%, D/E 0.49, OCF/profit 0.8"
265,CLSEL,NSE,Chaman Lal Setia Exports Limited,Consumer Defensive,Packaged Foods,1451.7395456,small (<30k cr),295.1499938964844,1.4574722145019532,T5 1-2cr,60.9,53.9,2.0,5.0,54.32692307692308,17.948717948717952,77.37556561085974,35.76546003016591,100.0,14.639992349542094,17.668444183356712,11.099573135966075,10.938139401294851,-0.6878430012127943,1.1881939455460566,-0.825282174776143,-3.98024257759233,0.0987036286753108,19.672952232934264,6.937027186784739,0.2569436339333532,2.0,11.589917,1.7308947,75.931,4.5489997,1.03,White goods / textiles / food PLI,sector-level only (Yahoo industry: Packaged Foods),https://www.india-briefing.com/news/indias-pli-scheme-for-white-goods-ac-and-led-status-updates-24506.html,,4.0,2021-05-12,"ROE 15%, revenue CAGR 1%, profit CAGR -1%, debt-free, OCF/profit 0.3, policy: White goods / textiles / food PLI (sector)"
266,WONDERLA,NSE,Wonderla Holidays Limited,Consumer Cyclical,Leisure,3279.9086592,small (<30k cr),519.5999755859375,2.303317432470703,T4 2-5cr,60.9,54.9,6.0,0.0,38.35616438356165,27.29257695638482,96.34703196347031,28.42465753424657,100.0,8.439713237362723,10.639709865085123,7.608029563799246,16.11894907775604,-23.721946384632925,6.439796747806104,-18.122143776157973,13.015459696881717,0.0034787753797978,172.6047837795026,6.305377138931624,1.2464420304203712,0.0,32.34209,1.8990667,64.142996,11.293,0.38,,,,,4.0,2014-05-09,"ROE 8%, revenue CAGR 6%, profit CAGR -18%, debt-free, OCF/profit 1.2"
267,TEAMLEASE,NSE,Teamlease Services Limited,Industrials,Staffing & Employment Services,1660.8684032,small (<30k cr),1101.0,1.800539846343994,T5 1-2cr,60.8,56.8,4.0,0.0,35.461956521739125,40.22811079667267,53.76931699895909,80.88143428285858,100.0,13.136735911061828,13.65215436472496,5.283228438902773,1.308986290710651,-0.1061723803846954,14.246455252900848,7.854441298465931,5.659281963444585,0.1114444550944119,11.515745276417077,1.4534773257537184,1.453161397670549,3.0,12.3181505,1.7478087,36.159,49.296,0.0,,,,,4.0,2016-02-12,"ROE 13%, revenue CAGR 14%, profit CAGR 8%, D/E 0.11, OCF/profit 1.5"
268,GSFC,NSE,Gujarat State Fertilizers & Chemicals Limited,Basic Materials,Agricultural Inputs,5920.9777152,small (<30k cr),149.72999572753906,11.563857120310974,T2 10-20cr,60.7,54.7,6.0,0.0,25.290144596651444,59.32959734329597,86.49031648559283,8.244927386960551,100.0,4.928634181253883,6.330096998496083,4.178849249111585,5.601377461352626,-1.3882275675056697,25.40679918890108,-18.998556825929526,14.778970878249533,0.0021734061823867,75.76475694444444,4.8322826716146885,-0.0265091060701791,0.0,8.549482,0.4854724,42.861,11.7539994,3.26,,,,fertiliser subsidy / price controls,4.0,1995-09-06,"ROE 5%, revenue CAGR 25%, profit CAGR -19%, debt-free, OCF/profit -0.0"
269,TCIEXP,NSE,TCI Express Limited,Industrials,Integrated Freight & Logistics,1900.87168,small (<30k cr),499.75,1.2016397213394163,T5 1-2cr,60.7,54.7,6.0,0.0,38.72282608695652,17.531729697281538,80.17255184562416,63.96645427286357,100.0,13.291538240702518,17.413441360932858,10.923551761858697,8.53961096160529,-5.130612834473892,-0.0967890846027219,-16.38223429102745,2.411712613902517,0.077381533952125,59.39153439153439,3.115301963690256,1.1905590311464989,2.0,22.598265,2.3200111,74.886,9.2659995,1.4,,,,,4.0,2016-12-15,"ROE 13%, revenue CAGR -0%, profit CAGR -16%, debt-free, OCF/profit 1.2"
270,RAMRAT,NSE,Ram Ratna Wires Limited,Industrials,Electrical Equipment & Parts,5867.9226368,small (<30k cr),637.4000244140625,11.242527629168702,T2 10-20cr,60.6,56.6,-1.0,5.0,50.81521739130435,74.56264471314638,12.599087196733128,51.45083708145927,100.0,15.38292329782385,18.27396377178844,5.552118586284091,4.466885311833919,1.095572694459444,25.0096273260737,33.600463686121,40.67601439607993,1.165213881438782,2.869245855965393,1.148710581133776,1.1688839146786734,1.0,46.28866,10.126133,75.288004,0.1389999999999999,0.39,"Power, T&D and RDSS",sector-level only (Yahoo industry: Electrical Equipment & Parts),https://www.tndindia.com/genus-power-outstanding-order-book-exceeds-rs-25000-crore/amp/,,4.0,2022-07-29,"ROE 15%, revenue CAGR 25%, profit CAGR 34%, D/E 1.17, OCF/profit 1.2, policy: Power, T&D and RDSS (sector)"
271,ROTO,NSE,Roto Pumps Limited,Industrials,Specialty Industrial Machinery,1169.5490048,small (<30k cr),62.34999847412109,1.930693092298317,T5 1-2cr,60.6,57.6,3.0,0.0,50.0,24.065260269273647,63.56693890623749,75.70902048975512,100.0,15.22381204118826,18.58059037605887,10.226293359796774,13.935060249606268,-5.366002071444813,8.045018679472271,-9.163901630759897,-3.073187188431703,0.1323416233891373,12.718356548624614,2.205017765055154,1.1425774814214462,3.0,21.799297,4.856067,70.533997,0.0010000001,0.3,,,,,4.0,2022-04-21,"ROE 15%, revenue CAGR 8%, profit CAGR -9%, D/E 0.13, OCF/profit 1.1"
272,CENTENKA,NSE,Century Enka Limited,Consumer Cyclical,Textile Manufacturing,1232.2639872,small (<30k cr),569.9000244140625,1.6506496196289062,T5 1-2cr,60.6,53.6,2.0,5.0,34.76027397260274,11.895862856243111,92.23744292237444,56.41389432485323,100.0,4.854561726783796,6.567609751615246,3.905177875603514,5.512447080743877,3.5716959189454247,-6.233573174231644,3.740810339571121,-14.787292304136578,0.014821004779891,48.30514705882353,4.225328796100432,1.577454060744549,2.0,8.373423,0.8237886,38.849998,10.799,1.93,White goods / textiles / food PLI,sector-level only (Yahoo industry: Textile Manufacturing),https://www.india-briefing.com/news/indias-pli-scheme-for-white-goods-ac-and-led-status-updates-24506.html,,4.0,1995-05-10,"ROE 5%, revenue CAGR -6%, profit CAGR 4%, debt-free, OCF/profit 1.6, policy: White goods / textiles / food PLI (sector)"
273,DOLLAR,NSE,Dollar Industries Limited,Consumer Cyclical,Apparel Manufacturing,1575.5737088,small (<30k cr),278.95001220703125,1.8487128372589112,T5 1-2cr,60.5,57.5,3.0,0.0,46.74657534246575,51.742392930247206,61.41552511415525,37.12818003913894,100.0,11.169195752347456,12.94248290922643,6.606993533624461,8.723186306859088,-0.3357432795016706,10.612645460712056,26.92501768464346,9.995469221633924,0.3071996695971856,6.817065337898927,2.3060487671186904,0.6475788887314581,2.0,14.030303,1.6608375,73.655,2.138,1.08,,,,,4.0,2017-04-21,"ROE 11%, revenue CAGR 11%, profit CAGR 27%, D/E 0.31, OCF/profit 0.6"
274,SFL,NSE,Sheela Foam Limited,Consumer Cyclical,"Furnishings, Fixtures & Appliances",6706.1751808,small (<30k cr),620.0499877929688,9.89944575,T3 5-10cr,60.4,45.4,10.0,5.0,22.773972602739725,34.80113860022044,29.908675799086755,66.77103718199609,100.0,4.70584687906668,6.309712339950731,2.7335816161881605,6.424717999019126,-0.5130665841295219,9.953331225704831,-7.0777026824654365,11.33650052997497,0.2792100763847033,2.9369407754580314,0.7628174252762837,2.4632823365785814,2.0,31.33163,2.0621152,65.391,18.223,0.16,White goods / textiles / food PLI,"sector-level only (Yahoo industry: Furnishings, Fixtures & Appliances)",https://www.india-briefing.com/news/indias-pli-scheme-for-white-goods-ac-and-led-status-updates-24506.html,,4.0,2016-12-09,"ROE 5%, revenue CAGR 10%, profit CAGR -7%, D/E 0.28, OCF/profit 2.5, policy: White goods / textiles / food PLI (sector)"
275,POKARNA,NSE,Pokarna Limited,Industrials,Building Products & Equipment,2177.2558336,small (<30k cr),704.4500122070312,4.551821019805908,T4 2-5cr,60.4,49.4,6.0,5.0,58.83152173913044,13.203198696509736,29.91732724797822,69.71358070964519,100.0,16.08757035153043,18.359239058723677,8.513079909013273,21.397280600763903,-3.191442141937671,-7.631246383205037,6.994964223479161,-38.54404078063689,0.534587956994467,4.730485682219878,1.324289057663661,1.5826897940458635,2.0,22.941849,2.5406468,64.752,11.7469996,0.08,Infrastructure capex,sector-level only (Yahoo industry: Building Products & Equipment),https://www.outlookbusiness.com/budget/budget-2026-fm-sitharaman-raises-capex-for-fy27-to-122-lakh-crore ; https://prsindia.org/files/budget/budget_parliament/2026/Analysis_of_Expenditure_2026-27.pdf,,4.0,2016-07-07,"ROE 16%, revenue CAGR -8%, profit CAGR 7%, D/E 0.53, OCF/profit 1.6, policy: Infrastructure capex (sector)"
276,DATAMATICS,NSE,Datamatics Global Services Limited,Technology,Information Technology Services,4505.679872,small (<30k cr),763.7999877929688,5.315022076034546,T3 5-10cr,60.3,61.3,-1.0,0.0,59.51492537313433,29.923614251972463,58.53309211518167,81.33041688111169,100.0,14.576449990383836,17.549695465774043,10.586909587281871,14.688876028483005,0.807890926314462,10.842488834679752,0.9247968232663162,15.306726394949411,0.1430958657452086,15.377556661138753,1.988174060829232,1.2245656322185396,3.0,20.839254,2.9182186,80.337,0.657,0.65,,,,,4.0,2004-05-07,"ROE 15%, revenue CAGR 11%, profit CAGR 1%, D/E 0.14, OCF/profit 1.2"
277,WSTCSTPAPR,NSE,West Coast Paper Mills Limited,Basic Materials,Paper & Paper Products,4785.5734784,small (<30k cr),732.2999877929688,15.102997701470947,T2 10-20cr,60.2,50.2,10.0,0.0,36.38460806697108,21.85900096859001,61.51157298063297,55.868266556802965,100.0,11.477691808683929,16.536712696978782,7.308521011832764,3.9510148961145166,-16.754319503899524,-4.49917470060015,-45.72592648940855,5.692446714467159,0.0956413268621932,7.01388990960535,3.415341761859759,1.095484211063692,2.0,21.423714,1.3264534,60.305,15.307,0.4,,,,,4.0,2001-01-17,"ROE 11%, revenue CAGR -4%, profit CAGR -46%, debt-free, OCF/profit 1.1"
278,PRINCEPIPE,NSE,Prince Pipes And Fittings Limited,Industrials,Building Products & Equipment,2814.3181824,small (<30k cr),256.6499938964844,2.699031817979431,T4 2-5cr,60.2,45.2,10.0,5.0,14.945652173913045,18.10736643512563,63.3767715589719,61.50830834582709,100.0,6.33429928317691,8.22415722655557,4.491406439416899,3.998842046840674,-4.744586328057484,-1.4527324847778078,-15.53019113749504,2.940785625902653,0.0883813415546272,11.86159428022623,1.963781016857559,2.270015026120015,1.0,27.573132,1.7125592,58.949,20.47,0.39,Infrastructure capex,sector-level only (Yahoo industry: Building Products & Equipment),https://www.outlookbusiness.com/budget/budget-2026-fm-sitharaman-raises-capex-for-fy27-to-122-lakh-crore ; https://prsindia.org/files/budget/budget_parliament/2026/Analysis_of_Expenditure_2026-27.pdf,,4.0,2019-12-30,"ROE 6%, revenue CAGR -1%, profit CAGR -16%, debt-free, OCF/profit 2.3, policy: Infrastructure capex (sector)"
279,CENTURYPLY,NSE,Century Plyboards (India) Limited,Basic Materials,Lumber & Wood Production,15054.4416768,small (<30k cr),683.5,4.182999788513183,T4 2-5cr,60.2,50.2,10.0,0.0,44.12813926940639,59.0424795904248,21.772949141867414,33.556493974662686,100.0,10.886145955357229,11.527181894708631,6.1198254905285445,9.483303436267756,-1.8503748549372503,13.958214298973084,-11.283827120243773,19.24065558531747,0.6762253956933189,4.857653269949624,1.047807459593769,0.9116559507017836,1.0,51.7647,5.7751145,71.883005,20.774001,0.15,,,,,4.0,2006-03-23,"ROE 11%, revenue CAGR 14%, profit CAGR -11%, D/E 0.68, OCF/profit 0.9"
280,AEROFLEX,NSE,Aeroflex Industries Limited,Industrials,Metal Fabrication,7338.4026112,small (<30k cr),563.8499755859375,55.28305698364258,T1 >=20cr,60.0,57.0,3.0,0.0,52.71739130434783,57.45755081039362,83.62358875810713,44.84164167916042,40.0,13.995132405325844,19.0444893390246,11.089095889353285,14.204230539701651,-2.6796224060811547,17.23119431998308,22.573206814663106,15.463645864050246,0.0198840306881583,80.58298420883017,2.914925557830767,0.911490125433502,1.0,107.47093,16.406805,69.804,1.273,0.07,,,,,4.0,2023-08-31,"ROE 14%, revenue CAGR 17%, profit CAGR 23%, debt-free, OCF/profit 0.9"
281,TIIL,NSE,Technocraft Industries (India) Limited,Industrials,Tools & Accessories,6092.4076032,small (<30k cr),2715.39990234375,8.456872900073241,T3 5-10cr,59.8,57.8,2.0,0.0,50.67934782608695,36.77429036960809,49.01713507886941,73.98488255872064,100.0,14.778993954502326,16.085043878579643,9.048349339740351,14.254657752647171,-2.582328973822124,12.19034106110264,2.222990190243457,7.0787999929272205,0.4108640709874164,8.167134665405532,2.048082357509186,1.026931877644274,3.0,17.940313,3.0123224,77.648,5.47,0.74,,,,,4.0,2007-02-12,"ROE 15%, revenue CAGR 12%, profit CAGR 2%, D/E 0.41, OCF/profit 1.0"
282,RELAXO,NSE,Relaxo Footwears Limited,Consumer Cyclical,Footwear & Accessories,7118.3990784,small (<30k cr),287.75,3.7345505119232176,T4 2-5cr,59.5,53.5,6.0,0.0,38.6986301369863,17.255919343410486,76.25570776255707,61.41389432485323,100.0,8.753833644782008,11.556764146649858,6.5439172196752535,8.390051334282454,-0.564192514210772,-0.8996057270632907,5.088330023607157,-3.095654053275221,0.1054451676063743,12.251630941286114,2.328228937050114,1.7986438089697674,2.0,38.382553,3.2243335,71.269,11.694,1.2,,,,,4.0,2011-06-17,"ROE 9%, revenue CAGR -1%, profit CAGR 5%, D/E 0.11, OCF/profit 1.8"
283,ROSSARI,NSE,Rossari Biotech Limited,Basic Materials,Specialty Chemicals,2333.7539584,small (<30k cr),422.8999938964844,2.3380370648376463,T4 2-5cr,59.4,53.4,6.0,0.0,46.97488584474885,66.19966791199668,40.286569044245006,13.508085281697394,100.0,11.72291276848408,14.8034056078064,7.341425387687463,7.948722455015403,-2.0621914891919886,13.112723321839349,11.633276629785303,15.368940798674547,0.3269489083503268,8.09508460918614,1.565306158635591,0.5903862784664168,0.0,15.500367,1.7499553,68.14,14.694001,0.12,,,,,4.0,2020-07-23,"ROE 12%, revenue CAGR 13%, profit CAGR 12%, D/E 0.33, OCF/profit 0.6"
284,GEOJITFSL,NSE,Geojit Financial Services Limited,Financial Services,Capital Markets,2153.4271488,small (<30k cr),77.9800033569336,1.8167705726512908,T5 1-2cr,59.4,53.4,6.0,0.0,43.00111982082866,21.02919346857991,74.46808510638297,50.0,100.0,12.856756462967509,15.11589640187612,6.388404802321491,-3.618291444379557,-20.658572698462564,14.142246624603793,-6.116078002518732,-9.880725249650402,0.1021418449789193,11.590040900996106,1.379507560612405,0.7105655013835281,2.0,29.673079,1.7927685,53.521997,11.351,1.92,,,,,4.0,2005-07-01,"ROE 13%, revenue CAGR 14%, profit CAGR -6%, D/E 0.10, OCF/profit 0.7"
285,MONTECARLO,NSE,Monte Carlo Fashions Limited,Consumer Cyclical,Apparel Manufacturing,1085.4272,small (<30k cr),525.7000122070312,1.724113321252441,T5 1-2cr,59.3,56.3,3.0,0.0,61.47260273972603,32.7107443709652,42.009132420091326,62.68101761252446,100.0,9.88135125875952,11.795692455329164,4.840070276104158,12.905452577246807,4.204388988199511,4.535623494216745,-5.436603290325448,15.995159323761165,0.6398860776261757,3.907743974713552,1.6801053349195951,1.0037129201722164,3.0,10.352976,1.1963384,74.471,2.329,3.81,,,,,4.0,2014-12-19,"ROE 10%, revenue CAGR 5%, profit CAGR -5%, D/E 0.64, OCF/profit 1.0"
286,CENTUM,NSE,Centum Electronics Limited,Technology,Electronic Components,6197.536768,small (<30k cr),4345.89990234375,34.64948134072266,T1 >=20cr,59.3,44.3,10.0,5.0,52.18227046585256,42.08502939846223,32.10462837328509,55.223880597014926,40.0,-4.038042172625697,16.11138986064725,-1.072097000547372,13.389938946752562,8.621210995489214,2.433057599067734,,28.707987518148517,0.3583228926896069,11.388240615106287,1.1565389389966878,,2.0,395.69275,18.03192,49.905998,19.113001,0.12,Electronics / semiconductors,sector-level only (Yahoo industry: Electronic Components),https://indianinfrastructure.com/2026/08/18/government-approved-31-proposals-under-electronics-components-manufacturing-scheme/ ; https://static.pib.gov.in/WriteReadData/specificdocs/documents/2026/feb/doc202627782201.pdf,,4.0,2007-10-05,"ROE -4%, revenue CAGR 2%, D/E 0.36, policy: Electronics / semiconductors (sector)"
287,SUNFLAG,NSE,Sunflag Iron And Steel Company Limited,Basic Materials,Steel,8325.2379648,small (<30k cr),474.3999938964844,23.370722391165163,T1 >=20cr,59.2,55.2,-1.0,5.0,35.509417808219176,35.83437110834371,50.78570303889151,81.12060974353693,100.0,2.3029576286260367,3.6153732291438,1.7614845571686448,9.386679456402224,1.394069772862368,3.97302255135743,-43.388438573191614,10.910186689000678,0.0614661899888644,7.483189655172413,1.4731843243197322,1.6275938102925542,3.0,39.148304,0.93909264,78.413004,0.38800002,0.21,Specialty steel PLI,sector-level only (Yahoo industry: Steel),https://www.outlookbusiness.com/corporate/806-applications-approved-under-pli-schemes-across-14-sectors,,4.0,2005-09-29,"ROE 2%, revenue CAGR 4%, profit CAGR -43%, debt-free, OCF/profit 1.6, policy: Specialty steel PLI (sector)"
288,AVTNPL,NSE,AVT Natural Products Limited,Basic Materials,Specialty Chemicals,1341.6220672,small (<30k cr),88.75,2.041364310129547,T4 2-5cr,59.1,57.1,2.0,0.0,48.96071156773212,59.69281859692819,58.12155566052591,22.27829848594088,100.0,10.819937632415092,13.210176397339309,7.676786000622084,11.128201812398355,-1.638415001763672,6.912658942426231,-5.747240661386666,27.945381330228543,0.2031116049599026,12.716278278618812,2.713092911770928,0.4689940494693103,1.0,16.01818,2.3986495,77.271,,1.01,,,,,4.0,2007-01-10,"ROE 11%, revenue CAGR 7%, profit CAGR -6%, D/E 0.20, OCF/profit 0.5"
289,STOVEKRAFT,NSE,Stove Kraft Limited,Consumer Cyclical,"Furnishings, Fixtures & Appliances",2665.8015232,small (<30k cr),817.3499755859375,6.080070784893799,T3 5-10cr,59.1,48.1,6.0,5.0,30.47945205479452,35.1866093922217,29.680365296803654,71.41389432485323,100.0,8.092511654127454,10.151815257735258,3.2954832389071176,5.731418990713539,-0.3529489973193698,7.821197017593473,5.490275301790137,11.19786743564639,0.3835102986264532,2.9226533921635176,0.9723795600462352,4.363863178372343,2.0,54.479027,5.2800694,60.338,6.3020000000000005,0.43,White goods / textiles / food PLI,"sector-level only (Yahoo industry: Furnishings, Fixtures & Appliances)",https://www.india-briefing.com/news/indias-pli-scheme-for-white-goods-ac-and-led-status-updates-24506.html,,4.0,2021-02-05,"ROE 8%, revenue CAGR 8%, profit CAGR 5%, D/E 0.38, OCF/profit 4.4, policy: White goods / textiles / food PLI (sector)"
290,CONFIPET,NSE,Confidence Petroleum India Limited,Energy,Oil & Gas Refining & Marketing,2973.2251648,small (<30k cr),91.75,19.55406155264282,T2 10-20cr,59.0,56.0,3.0,0.0,18.75,65.0,37.5,83.95833333333334,100.0,7.2063730750137,9.95815861441594,3.79206898889918,3.739980487058328,-3.636764939996904,28.74373492248348,4.692933742672856,49.55225588647612,0.5367012576842818,2.5365671641791043,2.161337412451664,2.381403971621092,2.0,22.096294,2.1040628,69.525003,0.3389999999999999,0.11,,,,windfall tax / fuel price controls,4.0,2019-06-13,"ROE 7%, revenue CAGR 29%, profit CAGR 5%, D/E 0.54, OCF/profit 2.4"
291,VENKEYS,NSE,Venky's (India) Limited,Consumer Defensive,Farm Products,2298.3489536,small (<30k cr),1655.5999755859375,6.881871294378662,T3 5-10cr,58.9,55.9,3.0,0.0,31.25,42.94871794871795,57.378079436902965,72.2002262443439,100.0,7.466064359848048,10.216942959333824,5.146969669633414,4.157947265059078,1.463264627637311,-2.781699436869478,25.47865750736098,12.710349895221928,0.1043236910199299,11.889084507042254,2.2209364234262448,1.0136007261045328,3.0,13.567568,1.4399518,60.516000000000005,1.1039999,0.59,,,,export curbs / stock limits,4.0,2003-07-28,"ROE 7%, revenue CAGR -3%, profit CAGR 25%, D/E 0.10, OCF/profit 1.0"
292,KRSNAA,NSE,Krsnaa Diagnostics Limited,Healthcare,Diagnostics & Research,1752.1750016,small (<30k cr),548.0999755859375,3.361715517626953,T4 2-5cr,58.8,52.8,6.0,0.0,50.0,47.93351302785265,39.52380952380952,35.982142857142854,100.0,8.718684345122242,10.291412030725123,5.489096215377877,15.720249387272345,4.462940625473022,16.628481734821897,17.7607949011098,7.754754866417546,0.5450056508239595,5.024790836960884,2.682911762675281,1.0801014092150112,0.0,18.217539,1.7873038,45.686,13.520001,0.36,,,,,4.0,2021-08-16,"ROE 9%, revenue CAGR 17%, profit CAGR 18%, D/E 0.55, OCF/profit 1.1"
293,MANAKCOAT,NSE,Manaksia Coated Metals & Industries Limited,Industrials,Metal Fabrication,1364.9158144,small (<30k cr),129.25,3.0311653180610656,T4 2-5cr,58.8,55.8,3.0,0.0,46.46739130434783,59.332390018008745,36.53314917127072,46.72507496251875,100.0,8.607602215683768,14.392959882889135,3.288156239268743,8.15945329934737,2.4875026485593947,10.862150823741912,63.20948698985558,13.06728869458702,0.3717434364368311,3.056292328295389,1.7896938583316029,0.561093044572437,2.0,30.992735,2.9858406,73.893,1.4040001,0.04,,,,,4.0,2015-03-30,"ROE 9%, revenue CAGR 11%, profit CAGR 63%, D/E 0.37, OCF/profit 0.6"
294,ICIL,NSE,Indo Count Industries Limited,Consumer Cyclical,Textile Manufacturing,8995.6278272,small (<30k cr),471.1000061035156,18.12338958933564,T2 10-20cr,58.7,47.7,6.0,5.0,30.99315068493151,27.101440717997168,37.21461187214612,71.60958904109589,100.0,10.843584636509693,12.362164374155196,6.052856888684708,6.217077273136124,-8.670855567724981,11.650544452654168,-22.93535774398308,1.452642567970064,0.5699206644150909,2.2931102473976464,1.7123905529458634,1.5572399644836024,3.0,59.6063,3.8193104,61.562,13.833,0.32,White goods / textiles / food PLI,sector-level only (Yahoo industry: Textile Manufacturing),https://www.india-briefing.com/news/indias-pli-scheme-for-white-goods-ac-and-led-status-updates-24506.html,,4.0,2005-09-12,"ROE 11%, revenue CAGR 12%, profit CAGR -23%, D/E 0.57, OCF/profit 1.6, policy: White goods / textiles / food PLI (sector)"
295,PRECAM,NSE,Precision Camshafts Limited,Consumer Cyclical,Auto Parts,1070.6802688,small (<30k cr),113.8499984741211,1.2988773883029938,T5 1-2cr,58.6,54.6,-1.0,5.0,28.424657534246577,12.088918083766336,84.47488584474885,83.75244618395303,100.0,6.117343381984443,9.04035705727262,4.579339703794407,3.05254657771604,1.0904434897390194,-10.59148862605964,3.4510990866059688,-10.156336107171692,0.0649965917489689,16.01677589468254,3.82086505657731,2.707407852247887,3.0,26.153133,1.2813022,78.546995,0.092,0.88,Auto & components PLI,sector-level only (Yahoo industry: Auto Parts),https://www.outlookbusiness.com/corporate/806-applications-approved-under-pli-schemes-across-14-sectors,,4.0,2016-02-08,"ROE 6%, revenue CAGR -11%, profit CAGR 3%, debt-free, OCF/profit 2.7, policy: Auto & components PLI (sector)"
296,IKIO,NSE,IKIO Technologies Limited,Technology,Electronic Components,1464.3147776,small (<30k cr),191.0500030517578,3.050908641181946,T4 2-5cr,58.5,49.5,4.0,5.0,25.77453640886477,41.00038527899224,70.96336499321575,23.93206381883685,100.0,7.584578735969274,10.05683323991257,6.238515942014185,8.080222680259972,-10.613335760942626,18.38778703377406,-8.905323483498684,22.51877525062824,0.1157548420098119,15.049575821845176,3.1465597882712624,0.3578896897330405,0.0,30.709885,2.431912,73.841006,,0.0,Electronics / semiconductors,sector-level only (Yahoo industry: Electronic Components),https://indianinfrastructure.com/2026/08/18/government-approved-31-proposals-under-electronics-components-manufacturing-scheme/ ; https://static.pib.gov.in/WriteReadData/specificdocs/documents/2026/feb/doc202627782201.pdf,,4.0,2023-06-16,"ROE 8%, revenue CAGR 18%, profit CAGR -9%, D/E 0.12, OCF/profit 0.4, policy: Electronics / semiconductors (sector)"
297,JAYBARMARU,NSE,Jay Bharat Maruti Limited,Consumer Cyclical,Auto Parts,1400.7548928,small (<30k cr),132.77999877929688,4.2231015851406095,T4 2-5cr,58.5,54.5,-1.0,5.0,55.99315068493151,40.51106617068179,26.02739726027397,67.84246575342466,100.0,10.631464860985734,10.778707574858624,3.889118971617802,8.451176288231746,4.559787573110336,1.3437031832574275,54.457756657217104,6.146257364108876,0.763099684535336,4.429938065658199,0.8506497499828933,2.8499199704686635,2.0,10.133123,2.0122538,78.208,0.017000001,0.53,Auto & components PLI,sector-level only (Yahoo industry: Auto Parts),https://www.outlookbusiness.com/corporate/806-applications-approved-under-pli-schemes-across-14-sectors,,4.0,1996-01-03,"ROE 11%, revenue CAGR 1%, profit CAGR 54%, D/E 0.76, OCF/profit 2.8, policy: Auto & components PLI (sector)"
298,SIS,NSE,SIS LIMITED,Industrials,Security & Protection Services,5736.9337856,small (<30k cr),413.2999877929688,12.139063967469788,T2 10-20cr,58.2,48.2,10.0,0.0,21.195652173913043,39.50454506474573,21.24369445111698,91.80097451274362,100.0,4.592639423797242,7.511665820641743,1.7267380583525411,3.174669534878418,-0.2638804821364933,12.042645547501296,-26.451772025637887,20.638787593496577,0.7029902525075925,1.6779543082453905,1.4466707156845733,5.613464256271346,3.0,40.30792,2.2886972,72.98599999999999,20.482999,3.39,,,,,4.0,2017-08-10,"ROE 5%, revenue CAGR 12%, profit CAGR -26%, D/E 0.70, OCF/profit 5.6"
299,SSWL,NSE,Steel Strips Wheels Limited,Consumer Cyclical,Auto Parts,6517.8525696,small (<30k cr),424.2000122070313,53.38021425990753,T1 >=20cr,58.1,54.1,-1.0,5.0,61.130136986301366,43.32248366398992,30.593607305936075,46.05675146771037,100.0,23.110796623621745,21.08672746386189,10.40047510656752,7.397396637015401,-0.9195028887004196,8.720590997200507,-0.6189086997730353,17.219044929371762,0.458977758146326,3.114945159196445,1.0057336121553684,0.9820608062539912,2.0,30.74555,3.6105378,75.209,1.887,0.35,Auto & components PLI,sector-level only (Yahoo industry: Auto Parts),https://www.outlookbusiness.com/corporate/806-applications-approved-under-pli-schemes-across-14-sectors,,4.0,2005-06-06,"ROE 23%, revenue CAGR 9%, profit CAGR -1%, D/E 0.46, OCF/profit 1.0, policy: Auto & components PLI (sector)"
300,BALAMINES,NSE,Balaji Amines Limited,Basic Materials,Specialty Chemicals,6857.0238976,small (<30k cr),2155.89990234375,35.82721831907959,T1 >=20cr,58.0,55.0,3.0,0.0,49.277016742770165,15.445551404455514,71.64855928200284,63.01112369966011,100.0,9.63142317882434,13.430131877686032,7.5454077474329955,14.931740967804464,-2.4723367190971857,-15.634024705016913,-19.91470515386669,1.0272196057765637,0.0674331699044567,70.07222436792537,2.3402964931075214,1.460812682788292,2.0,35.490524,3.4693558,67.557,2.496,0.51,,,,,4.0,2007-04-05,"ROE 10%, revenue CAGR -16%, profit CAGR -20%, debt-free, OCF/profit 1.5"
301,SILVERTUC,NSE,Silver Touch Technologies Limited,Technology,Information Technology Services,1776.3545088,small (<30k cr),135.11000061035156,4.155080236554718,T4 2-5cr,57.9,55.9,2.0,0.0,71.55698778833107,62.82644018962427,46.01236243027288,47.46525990735975,40.0,17.297715406278602,20.24164816107281,10.163023919690133,15.481873193496368,6.564601058361244,27.815348945016204,54.36657300314429,18.59122734196985,0.2885775004494958,10.19229146692234,1.9471193306613908,0.2343101663256176,2.0,43.36842,10.494456,80.922997,,0.07,,,,,4.0,2022-05-12,"ROE 17%, revenue CAGR 28%, profit CAGR 54%, D/E 0.29, OCF/profit 0.2"
302,DBREALTY,NSE,Valor Estate Limited,Real Estate,Real Estate - Development,4798.130176,small (<30k cr),88.79000091552734,8.579975213477326,T3 5-10cr,57.6,56.6,1.0,0.0,44.23076923076923,67.48717948717949,52.56410256410256,81.1965811965812,40.0,8.121770920119745,7.020252961920642,4.443411695490629,20.259415569399604,-24.550066398462885,29.758876409601243,,96.45401440262928,0.1825040134766004,1.5362515989697614,1.453451930064236,1.407356025599313,3.0,384.60867,0.95011,62.13,2.076,0.0,,,,,4.0,2010-02-24,"ROE 8%, revenue CAGR 30%, D/E 0.18, OCF/profit 1.4"
303,EKC,NSE,Everest Kanto Cylinder Limited,Industrials,Specialty Industrial Machinery,1174.0289024,small (<30k cr),105.5199966430664,1.2608109316795348,T5 1-2cr,57.6,54.6,3.0,0.0,38.994565217391305,33.21434696852757,68.45223796941309,52.31290604697652,100.0,9.20791229915537,10.364331210738412,6.94723871499312,11.187816698192664,0.1655774599198665,4.744172170901284,24.474603622252825,-1.4330430048992926,0.1906479702266574,12.273305084745765,3.736224193079384,1.239208162553414,1.0,9.367054,0.83877796,67.55600000000001,0.2259999999999999,0.66,,,,,4.0,2005-12-15,"ROE 9%, revenue CAGR 5%, profit CAGR 24%, D/E 0.19, OCF/profit 1.2"
304,KOLTEPATIL,NSE,Kolte - Patil Developers Limited,Real Estate,Real Estate - Development,3857.1409408,small (<30k cr),435.8999938964844,1.95912304112854,T5 1-2cr,57.5,53.5,4.0,0.0,48.07692307692307,36.05398110661269,34.61538461538462,70.40598290598291,100.0,5.121895399926527,8.662150655415774,1.0633964967496308,9.637936857305895,-2.5595943387268143,15.400816233485523,10.299363242543391,25.22092921515444,1.3720666891533757,5.508032657361075,1.0268968584956997,2.609117293126637,2.0,30.803825,3.1959293,37.093,46.728,0.0,,,,,4.0,2007-12-13,"ROE 5%, revenue CAGR 15%, profit CAGR 10%, D/E 1.37, OCF/profit 2.6"
305,RUBYMILLS,NSE,The Ruby Mills Limited,Consumer Cyclical,Textile Manufacturing,1689.3888512,small (<30k cr),509.7999877929688,1.139380353701782,T5 1-2cr,57.5,50.5,2.0,5.0,33.04794520547945,56.13599236340733,48.85844748858448,22.871819960861057,100.0,6.841745388129257,6.572926174492864,4.249700939462906,18.82127055623551,-5.447647339613805,8.961584886325035,7.334240249808066,40.03755239408511,0.5573962322684124,4.594123509352352,2.096439269717729,0.5927155339321931,1.0,39.10217,2.5078309,81.426,,0.49,White goods / textiles / food PLI,sector-level only (Yahoo industry: Textile Manufacturing),https://www.india-briefing.com/news/indias-pli-scheme-for-white-goods-ac-and-led-status-updates-24506.html,,4.0,1995-03-29,"ROE 7%, revenue CAGR 9%, profit CAGR 7%, D/E 0.56, OCF/profit 0.6, policy: White goods / textiles / food PLI (sector)"
306,TI,NSE,Tilaknagar Industries Limited,Consumer Defensive,Beverages - Wineries & Distilleries,13498.0411392,small (<30k cr),551.5499877929688,43.459371510076906,T1 >=20cr,57.5,51.5,6.0,0.0,70.67307692307692,59.61538461538461,28.858722976370032,27.922322775263957,60.0,15.94327932438248,15.711287402491124,10.87457527027958,15.439660345161844,3.4985332052941445,25.19503480395946,-48.1706150684862,68.60962007489381,0.7717739521304507,1.2650216499280054,2.4964561316291034,-0.3827634841035734,2.0,,4.536857,38.924998,23.591,0.18,,,,,4.0,2010-07-16,"ROE 16%, revenue CAGR 25%, profit CAGR -48%, D/E 0.77, OCF/profit -0.4"
307,ARMANFIN,NSE,Arman Financial Services Limited,Financial Services,Credit Services,1815.0238208,small (<30k cr),1741.199951171875,3.7290323973999024,T4 2-5cr,57.4,57.4,0.0,0.0,66.22340425531915,22.249711364011212,63.82978723404256,50.0,100.0,11.126001398821304,5.3075215244563685,3.6493981334632544,35.09715552322308,3.7775916210042233,14.68939887285834,-15.497936557009629,-4.95865905880708,1.9025621316825885,333.72430107526884,1.993125530902808,-1.0132498946860475,1.0,15.638346,1.9361422,30.719,11.3529995,0.0,,,,,4.0,2016-06-14,"ROE 11%, revenue CAGR 15%, profit CAGR -15%, D/E 1.90, OCF/profit -1.0"
308,APEX,NSE,Apex Frozen Foods Limited,Consumer Defensive,Farm Products,1059.6875264,small (<30k cr),343.3999938964844,2.9812957270111085,T4 2-5cr,57.3,55.3,2.0,0.0,24.03846153846154,31.41025641025641,77.27501256913023,73.02036199095022,100.0,3.692911322578572,6.005389607062472,3.1643377467807245,4.599919857748071,0.3943208774213671,-4.527353771768294,2.68989890243756,14.853476445499258,0.0107522401368353,13.073429599599145,5.959820934598369,2.812750442663132,2.0,20.403128,2.0084221,76.791,,0.73,,,,export curbs / stock limits,4.0,2017-09-04,"ROE 4%, revenue CAGR -5%, profit CAGR 3%, debt-free, OCF/profit 2.8"
309,DBL,NSE,Dilip Buildcon Limited,Industrials,Engineering & Construction,6595.2600064,small (<30k cr),409.25,5.76628983747406,T3 5-10cr,57.3,50.3,2.0,5.0,65.35326086956522,36.95652173913043,19.996597005364723,38.19340329835083,100.0,12.05513162045846,13.494437362914628,3.768432192209487,19.66517394890343,10.009495220335165,-7.351205580220144,1016.8373234611532,-21.21664657197141,1.177931994450695,2.3540715264299577,1.5629768689152086,1.1302836607356794,0.0,5.1581755,0.7784727,76.24299500000001,6.2810004,0.24,Infrastructure capex,sector-level only (Yahoo industry: Engineering & Construction),https://www.outlookbusiness.com/budget/budget-2026-fm-sitharaman-raises-capex-for-fy27-to-122-lakh-crore ; https://prsindia.org/files/budget/budget_parliament/2026/Analysis_of_Expenditure_2026-27.pdf,,4.0,2016-08-11,"ROE 12%, revenue CAGR -7%, profit CAGR 1017%, D/E 1.18, OCF/profit 1.1, policy: Infrastructure capex (sector)"
310,MMP,NSE,MMP Industries Limited,Basic Materials,Aluminum,1281.4348288,small (<30k cr),498.7999877929688,3.5059501623046883,T4 2-5cr,57.3,55.3,2.0,0.0,41.89973363774734,70.61021170610212,23.81042355534561,49.34596765887321,100.0,10.638898668377944,11.694323240787242,6.438743791154577,6.575626199792145,-0.0736724313556269,15.240094593891884,13.300067284253991,19.081797356838397,0.5325260982505738,4.004717547175472,1.2561369036717545,1.5053243305803032,1.0,24.63135,3.699833,,,0.4,,,,,4.0,2020-01-09,"ROE 11%, revenue CAGR 15%, profit CAGR 13%, D/E 0.53, OCF/profit 1.5"
311,SURYODAY,NSE,Suryoday Small Finance Bank Limited,Financial Services,Banks - Regional,1640.1572864,small (<30k cr),155.5399932861328,2.260358134120178,T4 2-5cr,57.2,51.2,6.0,0.0,37.234042553191486,58.65083292099621,23.404255319148938,50.0,100.0,8.414277794623061,,1.0817742937337582,,,19.997145066050148,25.06429320642658,10.198876944243707,1.3732320193248635,,,6.019995953594312,3.0,8.548477,0.7891251,35.4,18.972999,0.99,,,,,4.0,2021-03-26,"ROE 8%, revenue CAGR 20%, profit CAGR 25%, D/E 1.37, OCF/profit 6.0"
312,REFEX,NSE,Refex Industries Limited,Energy,Thermal Coal,3630.381056,small (<30k cr),266.3500061035156,6.491697271603393,T3 5-10cr,57.0,58.0,-1.0,0.0,71.875,46.11111111111111,60.41666666666666,9.583333333333334,100.0,15.591145053063643,19.083691423374123,9.24730339349536,15.227325564276226,5.162861325321538,12.039357191582024,20.55588415883307,1.0477325757555889,0.149615414660415,12.307435392028031,2.039789325118467,-0.3037575811270506,0.0,12.8547125,2.4130507,25.616,0.483,0.75,,,,,4.0,2009-12-03,"ROE 16%, revenue CAGR 12%, profit CAGR 21%, D/E 0.15, OCF/profit -0.3"
313,PRAKASH,NSE,Prakash Industries Limited,Basic Materials,Steel,2098.8391424,small (<30k cr),118.30999755859376,5.327676853506088,T3 5-10cr,56.8,52.8,-1.0,5.0,49.76217656012177,37.0866196208662,51.93985199181231,37.69183232052734,100.0,10.50302388604607,10.518335721270097,7.8379418006093395,10.01908780967384,0.7395515689627565,0.3367714130450672,20.483007446439537,-13.34437704734266,0.1436306735370098,9.1342843089031,1.7046575024650543,1.005411088390756,1.0,6.7048054,0.58489454,35.262,2.1949999,1.52,Specialty steel PLI,sector-level only (Yahoo industry: Steel),https://www.outlookbusiness.com/corporate/806-applications-approved-under-pli-schemes-across-14-sectors,,4.0,1995-05-10,"ROE 11%, revenue CAGR 0%, profit CAGR 20%, D/E 0.14, OCF/profit 1.0, policy: Specialty steel PLI (sector)"
314,MOLDTKPAC,NSE,Mold-Tek Packaging Limited,Consumer Cyclical,Packaging & Containers,2218.3622656,small (<30k cr),667.2000122070312,2.9214261516052247,T4 2-5cr,56.8,50.8,6.0,0.0,49.14383561643836,32.636051409226894,51.36986301369863,34.13894324853229,100.0,10.41888095571995,12.574163528453068,7.157149238747895,12.96493377906771,-0.6955033097194097,6.724243877543401,-3.235259281072922,13.088733054362422,0.3111175170808952,6.614807452559735,1.4902613610098103,1.572901839438714,0.0,29.6316,3.2159545,39.200002,24.665001,0.9,,,,,4.0,2015-02-23,"ROE 10%, revenue CAGR 7%, profit CAGR -3%, D/E 0.31, OCF/profit 1.6"
315,SPORTKING,NSE,Sportking India Limited,Consumer Cyclical,Textile Manufacturing,2523.7753856,small (<30k cr),201.7100067138672,3.733576791854096,T4 2-5cr,56.8,52.8,-1.0,5.0,50.85616438356165,17.569747874350494,62.10045662100456,54.9853228962818,100.0,9.928460270844008,10.74661538136282,5.607662430716905,8.403174044038224,2.318355746635511,4.160414238463495,-3.197049211139158,-0.77082906820235,0.4227199846868054,6.592371117543024,3.246153930637584,1.5526767439912352,2.0,15.713154,2.2831154,79.52900000000001,0.024000001,0.5,White goods / textiles / food PLI,sector-level only (Yahoo industry: Textile Manufacturing),https://www.india-briefing.com/news/indias-pli-scheme-for-white-goods-ac-and-led-status-updates-24506.html,,4.0,2022-08-24,"ROE 10%, revenue CAGR 4%, profit CAGR -3%, D/E 0.42, OCF/profit 1.6, policy: White goods / textiles / food PLI (sector)"
316,BIL,NSE,Bhartiya International Limited,Consumer Cyclical,Footwear & Accessories,1424.1856512,small (<30k cr),1092.8499755859375,1.0724781912658692,T5 1-2cr,56.8,56.8,0.0,0.0,39.21232876712329,55.78265233821445,24.429223744292237,88.03816046966732,100.0,2.104972981692054,6.515136358854671,0.7818936431770269,10.617088849382537,2.0575507989528443,18.95380388828436,-40.12516778217059,34.49868542457515,1.1151374924512638,1.635527381812608,1.5351761595668645,4.4113416896260125,3.0,55.312496,2.8849368,78.35499999999999,,0.0,,,,,4.0,2000-04-12,"ROE 2%, revenue CAGR 19%, profit CAGR -40%, D/E 1.12, OCF/profit 4.4"
317,UNICHEMLAB,NSE,Unichem Laboratories Limited,Healthcare,Drug Manufacturers - Specialty & Generic,3801.5586304,small (<30k cr),548.0999755859375,4.23536992098999,T4 2-5cr,56.8,47.8,4.0,5.0,30.0,44.76190476190476,60.0,14.107142857142858,100.0,3.690251014854936,4.58322846247784,2.584954108118367,2.94385966537156,5.031761002249952,18.35719736349195,,4.598252344416021,0.1840519017899199,10.287801778907244,2.480235681874619,0.0358057990559676,0.0,12.493059,1.3989502,71.259004,10.223,0.0,Pharma / medical devices PLI,sector-level only (Yahoo industry: Drug Manufacturers - Specialty & Generic),https://www.pharma-dept.gov.in/schemes/archive,,4.0,2001-02-07,"ROE 4%, revenue CAGR 18%, D/E 0.18, OCF/profit 0.0, policy: Pharma / medical devices PLI (sector)"
318,QUESS,NSE,Quess Corp Limited,Industrials,Staffing & Employment Services,4920.0254976,small (<30k cr),328.3999938964844,12.049761484747314,T2 10-20cr,56.5,50.5,6.0,0.0,32.744565217391305,19.87822656718978,46.9853471054528,86.05384807596201,100.0,11.049494311539137,11.127611164707956,4.454453638993907,1.8560831697123332,0.4223868595749045,-3.7381817944708073,-0.4167355126649563,2.258191395731424,0.106718252770767,5.738828284494669,1.3816834336775152,2.0903187353286383,3.0,19.522821,4.21126,68.206,13.402,1.83,,,,,4.0,2016-07-12,"ROE 11%, revenue CAGR -4%, profit CAGR -0%, D/E 0.11, OCF/profit 2.1"
319,SUNDROP,NSE,Sundrop Brands Limited,Consumer Defensive,Packaged Foods,2819.7244928,small (<30k cr),746.7999877929688,1.227984076638794,T5 1-2cr,56.5,51.5,0.0,5.0,14.903846153846152,73.71794871794872,65.78682755153345,67.78846153846153,40.0,-1.3993517948681014,-1.5972460491491232,-1.1437308483050683,1.7166494312306102,-0.1376427995263427,22.19553100951965,10.116537932567104,72.45914795906994,0.0090904171852172,15.85792349726776,1.8482546797825092,,3.0,101.08108,1.9071757,76.959,5.214,0.0,White goods / textiles / food PLI,sector-level only (Yahoo industry: Packaged Foods),https://www.india-briefing.com/news/indias-pli-scheme-for-white-goods-ac-and-led-status-updates-24506.html,,4.0,2002-12-06,"ROE -1%, revenue CAGR 22%, profit CAGR 10%, debt-free, policy: White goods / textiles / food PLI (sector)"
320,IGARASHI,NSE,Igarashi Motors India Limited,Consumer Cyclical,Auto Parts,1254.4379904,small (<30k cr),403.4500122070313,2.125507456634522,T4 2-5cr,56.1,49.1,2.0,5.0,17.97945205479452,46.89645331443867,35.38812785388128,72.12818003913894,100.0,3.312024799934949,5.022211175424898,1.9372791536709832,3.7990863506471335,0.0917329127469495,9.849589412323231,32.36445325483235,3.106296818346155,0.310073047261917,3.0939730925782687,1.099197812915166,5.18569560669456,2.0,76.497116,2.6882918,75.339997,3.063,0.32,Auto & components PLI,sector-level only (Yahoo industry: Auto Parts),https://www.outlookbusiness.com/corporate/806-applications-approved-under-pli-schemes-across-14-sectors,,4.0,2003-10-09,"ROE 3%, revenue CAGR 10%, profit CAGR 32%, D/E 0.31, OCF/profit 5.2, policy: Auto & components PLI (sector)"
321,HATSUN,NSE,Hatsun Agro Product Limited,Consumer Defensive,Packaged Foods,25484.6287872,small (<30k cr),1148.0999755859375,3.4693824515014646,T4 2-5cr,56.0,49.0,2.0,5.0,52.40384615384615,62.82051282051282,14.957264957264954,74.98114630467572,40.0,17.183420706076102,13.751779639332351,6.464693845069235,6.114431937580751,-0.0378477689495877,11.224260172977928,29.01911783459976,14.533850630902666,0.9453489807253204,4.230959412128288,0.5196767670952933,3.253191913818327,2.0,72.00126,13.132611,78.279,10.5909996,1.74,White goods / textiles / food PLI,sector-level only (Yahoo industry: Packaged Foods),https://www.india-briefing.com/news/indias-pli-scheme-for-white-goods-ac-and-led-status-updates-24506.html,,4.0,2014-06-20,"ROE 17%, revenue CAGR 11%, profit CAGR 29%, D/E 0.95, OCF/profit 3.3, policy: White goods / textiles / food PLI (sector)"
322,MOREPENLAB,NSE,Morepen Laboratories Limited,Healthcare,Drug Manufacturers - Specialty & Generic,7794.6421248,small (<30k cr),146.97000122070312,210.88171704076728,T1 >=20cr,55.5,47.5,3.0,5.0,30.71428571428571,40.87151841868823,57.61904761904762,20.357142857142858,100.0,9.723046071144864,12.71455584388235,6.324528435755326,4.952122575002469,-2.488133532967032,8.401818403304917,34.86807332841116,-0.1443726649837828,0.1667592638129737,8.460309560543473,2.3732594659496664,0.4467566025825001,0.0,54.50192,6.4171968,42.686,1.535,0.14,Pharma / medical devices PLI,sector-level only (Yahoo industry: Drug Manufacturers - Specialty & Generic),https://www.pharma-dept.gov.in/schemes/archive,,4.0,1999-11-24,"ROE 10%, revenue CAGR 8%, profit CAGR 35%, D/E 0.17, OCF/profit 0.4, policy: Pharma / medical devices PLI (sector)"
323,DYNAMATECH,NSE,Dynamatic Technologies Limited,Consumer Cyclical,Auto Parts,9120.9080832,small (<30k cr),13723.0,40.49588685,T1 >=20cr,55.5,40.5,10.0,5.0,36.81506849315069,35.41774917335852,25.34246575342466,75.53816046966732,40.0,9.441689846765728,10.389209260761683,4.035958326377148,6.809067947238765,-0.0862664404702275,7.243153581213635,-8.845331745174478,15.108507598762364,0.8038738784151628,1.8894205209994683,1.3803995881764872,1.7084558450775629,3.0,223.64696,11.490428,46.872002,15.838,0.06,Auto & components PLI,sector-level only (Yahoo industry: Auto Parts),https://www.outlookbusiness.com/corporate/806-applications-approved-under-pli-schemes-across-14-sectors,,4.0,2006-09-14,"ROE 9%, revenue CAGR 7%, profit CAGR -9%, D/E 0.80, OCF/profit 1.7, policy: Auto & components PLI (sector)"
324,HAPPSTMNDS,NSE,Happiest Minds Technologies Limited,Technology,Information Technology Services,4664.1303552,small (<30k cr),304.6000061035156,14.660624646368408,T2 10-20cr,55.4,49.4,6.0,0.0,46.336499321573946,30.769552908856397,18.99592944369064,75.29593412249099,100.0,13.69760721627222,14.50914866731339,7.470994044520678,13.614471882545535,-3.4703335536688087,17.440283754841147,-2.7244612029370674,12.3376276778999,0.8799401002669445,3.919165981922761,1.4806426069525394,1.1002369631545523,3.0,20.88829,2.6320922,46.016,7.976,2.4,,,,,4.0,2020-09-17,"ROE 14%, revenue CAGR 17%, profit CAGR -3%, D/E 0.88, OCF/profit 1.1"
325,JKPAPER,NSE,JK Paper Limited,Basic Materials,Paper & Paper Products,6874.7010048,small (<30k cr),384.5,10.742238998303222,T2 10-20cr,55.2,49.2,6.0,0.0,36.28947869101978,31.06406531064065,27.682254763029444,78.86497064579257,100.0,11.517587125199226,12.17246682870482,6.29830708093148,8.138383658663972,-13.186915171187623,2.8296768357861435,-39.421041332899655,6.104900332352359,0.4668972000876727,3.3380588876772084,1.390511956701828,1.5542807837898018,3.0,21.229002,1.2459948,57.611,10.9680004,1.04,,,,,4.0,2005-06-16,"ROE 12%, revenue CAGR 3%, profit CAGR -39%, D/E 0.47, OCF/profit 1.6"
326,JAIBALAJI,NSE,Jai Balaji Industries Limited,Basic Materials,Steel,6185.0652672,small (<30k cr),67.37000274658203,3.063707809256744,T4 2-5cr,55.1,53.1,-3.0,5.0,54.264174277016735,40.18956690189567,35.232246890253506,49.47728911319395,100.0,30.162695095545804,30.910202925175074,14.58209799730368,3.945036702902612,-13.85911571239616,-1.842123649801275,30.985045785295483,-6.610214671304493,0.18454880490441,4.42903168068731,1.2467173923595942,0.96208984362539,2.0,42.911392,2.7903533,79.559,1.495,0.0,Specialty steel PLI,sector-level only (Yahoo industry: Steel),https://www.outlookbusiness.com/corporate/806-applications-approved-under-pli-schemes-across-14-sectors,,4.0,2003-12-09,"ROE 30%, revenue CAGR -2%, profit CAGR 31%, D/E 0.18, OCF/profit 1.0, policy: Specialty steel PLI (sector)"
327,GOCLCORP,NSE,GOCL Corporation Limited,Basic Materials,Specialty Chemicals,1797.7462784,small (<30k cr),367.8500061035156,6.408428801467895,T3 5-10cr,55.1,52.1,3.0,0.0,31.41409817351598,33.260689082606895,80.0157455518816,32.9359357297353,100.0,20.59517265500488,9.832949362687096,16.508184358839003,-1064.7127636030225,-1059.8515804558212,-84.86256507555046,93.1674531447112,-72.6600857478736,0.0001957403875386,8.189717275922598,10.71815014171341,0.0128266119892555,2.0,6.748232,0.5719951,73.629,1.2150001,8.16,,,,,4.0,2014-06-26,"ROE 21%, revenue CAGR -85%, profit CAGR 93%, debt-free, OCF/profit 0.0"
328,NOCIL,NSE,NOCIL Limited,Basic Materials,Specialty Chemicals,2861.1371008,small (<30k cr),172.82000732421875,24.85509457859421,T1 >=20cr,54.9,48.9,6.0,0.0,16.7427701674277,11.98284211982842,83.51283262478351,66.77052219590071,100.0,5.60129635715043,7.165191793354763,4.745254289299327,3.5895993059951703,-6.306665243754013,-7.386923016092439,-28.01722240285048,-6.714638787428095,0.0045336897129227,55.69064748201439,4.306968917046129,1.6417715873614875,2.0,43.36709,1.6133741,41.871,10.049,0.87,,,,,4.0,1996-01-17,"ROE 6%, revenue CAGR -7%, profit CAGR -28%, debt-free, OCF/profit 1.6"
329,PENIND,NSE,Pennar Industries Limited,Industrials,Specialty Industrial Machinery,2393.4062592,small (<30k cr),180.8500061035156,7.46815280171814,T3 5-10cr,54.9,50.9,4.0,0.0,40.89673913043478,56.17335562987737,13.507886940507646,59.7841704147926,100.0,11.69970381806525,12.147322392870004,3.890315695397911,8.215231250195927,0.0174921260789275,17.822393687894667,22.54946191675884,12.433833613165346,0.9958474831277137,2.9141882528515084,1.1316180882226894,1.9157735256158464,1.0,16.544775,2.0585198,42.527,6.981999999999999,0.0,,,,,4.0,2010-11-25,"ROE 12%, revenue CAGR 18%, profit CAGR 23%, D/E 1.00, OCF/profit 1.9"
330,SHK,NSE,S H Kelkar and Company Limited,Basic Materials,Specialty Chemicals,1955.7474304,small (<30k cr),141.6199951171875,3.188125486942292,T4 2-5cr,54.8,48.8,6.0,0.0,23.808504566210047,58.098104330981045,19.456778460085022,62.63518385003605,100.0,6.979178812659642,8.620686284416724,3.4003175155109373,6.138257053823161,-5.939401406103502,12.043184874998891,4.22726352696885,11.640444545420126,0.7555088883830559,3.1054504588874323,1.2685728587703249,1.4582892948814736,2.0,22.11111,1.436049,66.877997,7.259,0.7,,,,,4.0,2015-11-16,"ROE 7%, revenue CAGR 12%, profit CAGR 4%, D/E 0.76, OCF/profit 1.5"
331,PRSMJOHNSN,NSE,Prism Johnson Limited,Basic Materials,Building Materials,5020.9816576,small (<30k cr),100.70999908447266,2.700123349243927,T4 2-5cr,54.5,49.5,0.0,5.0,37.70928462709284,44.52054794520547,11.447016217918437,77.67277783499846,100.0,7.739172527896772,10.31964978051655,1.547020266615797,2.5464100464100463,2.3186193028983317,0.5355796396961265,,8.04576680638187,0.9230925271561314,1.8542521994134895,1.012325240646654,5.129604120500689,2.0,37.927753,3.285573,76.819,9.024,0.0,Infrastructure capex,sector-level only (Yahoo industry: Building Materials),https://www.outlookbusiness.com/budget/budget-2026-fm-sitharaman-raises-capex-for-fy27-to-122-lakh-crore ; https://prsindia.org/files/budget/budget_parliament/2026/Analysis_of_Expenditure_2026-27.pdf,,4.0,2003-08-20,"ROE 8%, revenue CAGR 1%, D/E 0.92, OCF/profit 5.1, policy: Infrastructure capex (sector)"
332,LANDMARK,NSE,Landmark Cars Limited,Consumer Cyclical,Auto & Truck Dealerships,1970.827264,small (<30k cr),480.9500122070313,3.436533826965332,T4 2-5cr,54.5,44.5,10.0,0.0,17.97945205479452,46.48045091324201,13.926940639269404,70.69960861056751,100.0,6.550002000778016,8.048512672918125,2.112783582133075,1.9806909527746608,-1.2521945327629205,12.597897884117248,-23.84992427245406,21.724999935170853,1.7369943630407076,1.640833778727953,1.1178879486684776,4.213038224956064,2.0,43.80645,3.367626,53.455,19.839,0.31,,,,,4.0,2022-12-23,"ROE 7%, revenue CAGR 13%, profit CAGR -24%, D/E 1.74, OCF/profit 4.2"
333,TMB,NSE,Tamilnad Mercantile Bank Limited,Financial Services,Banks - Regional,13887.422464,small (<30k cr),877.3499755859375,12.96366471498413,T2 10-20cr,54.5,52.5,2.0,0.0,52.65957446808511,36.64852383308593,38.297872340425535,50.0,100.0,13.296948758532846,,1.7658853445907463,,,7.7223389507449,9.125988588364686,8.031192881137915,0.0692372752520953,,,0.3305575129670994,1.0,9.615174,1.3736113,29.589,4.1149996,1.42,,,,,4.0,2022-09-15,"ROE 13%, revenue CAGR 8%, profit CAGR 9%, debt-free, OCF/profit 0.3"
334,TATVA,NSE,Tatva Chintan Pharma Chem Limited,Basic Materials,Specialty Chemicals,4541.100032,small (<30k cr),1991.199951171875,11.574931740441894,T2 10-20cr,54.4,48.4,6.0,0.0,36.55584094368341,60.27051335270514,56.548575027554726,45.838912349366566,40.0,3.423597922801496,4.773358895468993,2.8601986116354925,11.865886300986777,0.5668939963477921,5.952900995985,-2.581821453536981,31.776436492665194,0.1539771208262393,22.77578304048892,1.6398620592582167,1.9752307318134688,0.0,83.317604,5.811702,74.157995,5.8530003,0.1,,,,,4.0,2021-07-29,"ROE 3%, revenue CAGR 6%, profit CAGR -3%, D/E 0.15, OCF/profit 2.0"
335,NAZARA,NSE,Nazara Technologies Limited,Communication Services,Electronic Gaming & Multimedia,14772.3272192,small (<30k cr),378.4500122070313,50.022754687564095,T1 >=20cr,54.3,50.3,4.0,0.0,15.625,75.0,41.66666666666666,68.75,60.0,2.746059531195532,3.375588702006036,1.9834967068617009,1.5855832212490022,-5.194822302875115,18.79333681770119,34.504055386213416,12.6281628908006,0.0618772473794368,3.012894619831036,2.0455055994185853,1.33596214511041,2.0,,4.8486075,35.122,28.467,0.0,,,,,4.0,2021-03-30,"ROE 3%, revenue CAGR 19%, profit CAGR 35%, debt-free, OCF/profit 1.3"
336,SMCGLOBAL,NSE,SMC Global Securities Limited,Financial Services,Capital Markets,2269.0584576,small (<30k cr),110.23999786376952,15.290478002054597,T2 10-20cr,54.2,51.2,3.0,0.0,41.47536394176932,28.896585848589808,55.319148936170215,50.0,100.0,12.294885843786885,12.949997407079906,2.893826802717816,4.026888932220055,-10.208401416146389,13.57145328032452,-5.283541563662364,5.173205170495332,1.5610545594424945,1.646861403224496,1.2937271559750112,-0.5567195575009656,0.0,22.296295,1.7401079,71.660006,0.199,1.09,,,,,4.0,2021-02-24,"ROE 12%, revenue CAGR 14%, profit CAGR -5%, D/E 1.56, OCF/profit -0.6"
337,ACI,NSE,Archean Chemical Industries Limited,Basic Materials,Chemicals,5821.063168,small (<30k cr),476.2000122070313,11.085591610206604,T2 10-20cr,54.1,44.1,10.0,0.0,45.04851598173516,16.476407914764078,35.94394583530153,43.33093006488825,100.0,10.989793191542274,14.070557504362649,8.77092256807125,13.59862747846038,-16.60540522916774,-9.207052958887196,-34.63107240242862,3.655071424468948,0.2410989367861088,7.261158453012335,1.2122292204336214,1.1823675613824556,1.0,59.835026,3.0092413,53.43399599999999,23.702,0.53,,,,,4.0,2022-11-21,"ROE 11%, revenue CAGR -9%, profit CAGR -35%, D/E 0.24, OCF/profit 1.2"
338,UNIVCABLES,NSE,Universal Cables Limited,Industrials,Electrical Equipment & Parts,5488.4622336,small (<30k cr),1633.0999755859375,13.452287125,T2 10-20cr,54.0,46.0,3.0,5.0,31.52173913043478,51.21023068347483,22.239570822323643,39.09451524237881,100.0,6.588947478018619,9.111128893364494,3.215754475760235,7.433748168042692,0.495427607375289,11.08226707086688,11.347124034091085,25.869692628179152,0.6225828694404576,3.1630948389170195,1.2544331667118065,0.7544958137763228,1.0,26.155754,2.9023986,73.247004,2.9719999,0.28,"Power, T&D and RDSS",sector-level only (Yahoo industry: Electrical Equipment & Parts),https://www.tndindia.com/genus-power-outstanding-order-book-exceeds-rs-25000-crore/amp/,,4.0,1995-05-17,"ROE 7%, revenue CAGR 11%, profit CAGR 11%, D/E 0.62, OCF/profit 0.8, policy: Power, T&D and RDSS (sector)"
339,HNDFDS,NSE,Hindustan Foods Limited,Industrials,Conglomerates,6926.1377536,small (<30k cr),580.4000244140625,3.4478494323791504,T4 2-5cr,53.7,49.7,4.0,0.0,40.76086956521739,60.46865620444216,23.888021458883816,30.722138930534737,100.0,13.23730693035214,12.394802330639722,4.681557167677188,6.460913408565948,0.3331267263570012,17.809676166361086,27.967559522551188,16.792136720106264,0.9340646135887664,3.732922655715264,1.412901862741646,0.8541322660994655,0.0,44.156998,5.936327,66.691,11.847,0.0,,,,,4.0,2023-06-06,"ROE 13%, revenue CAGR 18%, profit CAGR 28%, D/E 0.93, OCF/profit 0.9"
340,RAMKY,NSE,Ramky Infrastructure Limited,Industrials,Engineering & Construction,1927.1585792,small (<30k cr),281.70001220703125,1.1064871912384031,T5 1-2cr,53.4,45.4,3.0,5.0,46.19565217391304,10.768801989537776,44.81743934662503,48.16185657171414,100.0,13.489842730243277,18.91490360667574,6.102851955423563,13.873160756228476,-9.399060746002467,2.6901904062184734,-38.0583219548548,-9.687181009685808,0.2733899583474572,6.18253538443524,1.5679425193269667,0.6264603808193766,2.0,8.164761,0.89067274,73.75,0.32300001,0.35,Infrastructure capex,sector-level only (Yahoo industry: Engineering & Construction),https://www.outlookbusiness.com/budget/budget-2026-fm-sitharaman-raises-capex-for-fy27-to-122-lakh-crore ; https://prsindia.org/files/budget/budget_parliament/2026/Analysis_of_Expenditure_2026-27.pdf,,4.0,2010-10-08,"ROE 13%, revenue CAGR 3%, profit CAGR -38%, D/E 0.27, OCF/profit 0.6, policy: Infrastructure capex (sector)"
341,ELECTCAST,NSE,Electrosteel Castings Limited,Industrials,Building Products & Equipment,4792.1668096,small (<30k cr),78.7300033569336,11.542177280218889,T2 10-20cr,53.4,42.4,6.0,5.0,20.244565217391308,7.716962524654833,40.84794619264954,81.45614692653673,100.0,9.82310867572752,10.858860344353127,5.716038267556372,4.656130618811536,-10.165119026025906,-6.693669576199001,-20.042049063710188,-19.283441302056747,0.2635444594405329,2.689987251742944,2.0032810598176014,1.5084757452254969,3.0,39.753845,0.80903375,55.751,5.756,1.14,Infrastructure capex,sector-level only (Yahoo industry: Building Products & Equipment),https://www.outlookbusiness.com/budget/budget-2026-fm-sitharaman-raises-capex-for-fy27-to-122-lakh-crore ; https://prsindia.org/files/budget/budget_parliament/2026/Analysis_of_Expenditure_2026-27.pdf,,4.0,2003-06-20,"ROE 10%, revenue CAGR -7%, profit CAGR -20%, D/E 0.26, OCF/profit 1.5, policy: Infrastructure capex (sector)"
342,METROBRAND,NSE,Metro Brands Limited,Consumer Cyclical,Apparel Retail,22306.2638592,small (<30k cr),825.0999755859375,2.978305740988159,T4 2-5cr,53.3,56.3,-3.0,0.0,71.23287671232876,45.59668260903795,52.968036529680376,70.18101761252446,40.0,21.092011294537468,19.06297439388311,11.019582489921158,19.627669792703585,-0.5256480616953887,10.422760446990733,4.389719418789961,14.220002313882096,0.7877834637768413,5.968902109248242,2.889842022116904,1.4999701947559805,3.0,54.99328,11.185685,86.14600300000001,9.8450005,0.73,,,,,4.0,2021-12-22,"ROE 21%, revenue CAGR 10%, profit CAGR 4%, D/E 0.79, OCF/profit 1.5"
343,BAJAJELEC,NSE,Bajaj Electricals Limited,Consumer Cyclical,"Furnishings, Fixtures & Appliances",3437.8928128,small (<30k cr),300.70001220703125,3.0938747244995115,T4 2-5cr,53.3,38.3,10.0,5.0,12.842465753424657,21.70366871358841,36.07305936073059,89.82387475538161,60.0,3.7099155158154873,8.003736330623184,1.4830522183827397,0.7450045261297189,-2.7289997998121294,-2.9592835528840733,,-7.633683936959579,0.0996712474812252,-0.6404547415620955,1.1139974361503775,7.600905416720896,3.0,,2.155912,62.99400000000001,21.395001,1.0,White goods / textiles / food PLI,"sector-level only (Yahoo industry: Furnishings, Fixtures & Appliances)",https://www.india-briefing.com/news/indias-pli-scheme-for-white-goods-ac-and-led-status-updates-24506.html,,4.0,2007-11-02,"ROE 4%, revenue CAGR -3%, debt-free, OCF/profit 7.6, policy: White goods / textiles / food PLI (sector)"
344,SANGAMIND,NSE,Sangam (India) Limited,Consumer Cyclical,Textile Manufacturing,3038.4832512,small (<30k cr),624.0499877929688,1.6645612762023925,T5 1-2cr,53.2,46.2,2.0,5.0,38.18493150684932,30.15442942056369,16.438356164383563,72.4853228962818,100.0,4.993465381225407,7.044952623587592,1.6879050479337565,7.286703995444624,2.483739638310169,5.970203324750778,-14.14897599645013,13.970190581262033,1.1874099883855982,2.0732356857523304,1.1115343900604506,5.543293390027058,2.0,25.494415,2.8767776,80.037004,12.753999,0.31,White goods / textiles / food PLI,sector-level only (Yahoo industry: Textile Manufacturing),https://www.india-briefing.com/news/indias-pli-scheme-for-white-goods-ac-and-led-status-updates-24506.html,,4.0,1996-07-17,"ROE 5%, revenue CAGR 6%, profit CAGR -14%, D/E 1.19, OCF/profit 5.5, policy: White goods / textiles / food PLI (sector)"
345,BAJAJHCARE,NSE,Bajaj Healthcare Limited,Healthcare,Drug Manufacturers - Specialty & Generic,1078.6317312,small (<30k cr),323.29998779296875,3.0587148501312256,T4 2-5cr,53.2,45.2,3.0,5.0,30.714285714285715,25.37286612758311,30.47619047619048,67.5,100.0,-6.22396728384826,6.257720048541439,-1.500896683302031,12.65900574013054,2.3585648487734368,-1.827608596155006,-28.44008466011817,12.611260105005062,0.4673356699103699,2.353439401029481,1.9793979275882532,,3.0,46.233765,1.9184364,60.91,1.912,0.46,Pharma / medical devices PLI,sector-level only (Yahoo industry: Drug Manufacturers - Specialty & Generic),https://www.pharma-dept.gov.in/schemes/archive,,4.0,2021-11-25,"ROE -6%, revenue CAGR -2%, profit CAGR -28%, D/E 0.47, policy: Pharma / medical devices PLI (sector)"
346,WENDT,NSE,Wendt (India) Limited,Industrials,Tools & Accessories,1584.0,small (<30k cr),7991.0,6.301021625,T3 5-10cr,53.0,47.0,6.0,0.0,36.95652173913044,17.205857130606294,94.73136359996796,56.49518990504748,40.0,13.746070414475051,18.48633448033076,11.299285286576284,7.570317175344106,-13.562144349431271,4.060379573829875,-28.66943801112517,1.2113870381586844,0.0007484145428762,761.6666666666666,3.83530354638349,0.8982943777637398,2.0,94.73685,6.239414,40.595,11.316,0.25,,,,,4.0,2006-08-07,"ROE 14%, revenue CAGR 4%, profit CAGR -29%, debt-free, OCF/profit 0.9"
347,SUDARSCHEM,NSE,Sudarshan Chemical Industries Limited,Basic Materials,Specialty Chemicals,9515.8059008,small (<30k cr),1226.5999755859375,16.82715759255371,T2 10-20cr,52.9,46.9,6.0,0.0,30.819539573820396,72.27065172270652,29.71658006613132,61.50736430116387,40.0,11.134179345783451,12.998182921397929,5.328022370755766,1.5643396091198545,-5.991542293699675,62.266267663645095,-20.72994556089361,193.81843340151605,0.7168280099704365,2.011627906976744,2.05846419327006,1.3973584117416165,2.0,131.34065,2.723252,35.282000000000004,32.783002,0.41,,,,,4.0,1995-05-25,"ROE 11%, revenue CAGR 62%, profit CAGR -21%, D/E 0.72, OCF/profit 1.4"
348,RICOAUTO,NSE,Rico Auto Industries Limited,Consumer Cyclical,Auto Parts,1636.2719232,small (<30k cr),123.4499969482422,8.71867174528122,T3 5-10cr,52.8,44.8,3.0,5.0,25.171232876712327,28.2262635805385,15.068493150684931,89.46673189823875,100.0,4.91241386709581,7.677622476533398,1.8168351145105637,5.289466993627544,0.1503683472105157,2.583891756081824,1.023709107434767,12.769076388792543,0.9335762583558938,2.2885756676557865,0.8356215472832801,6.947664399092971,3.0,52.359306,2.0994253,51.394004,2.0569999,0.45,Auto & components PLI,sector-level only (Yahoo industry: Auto Parts),https://www.outlookbusiness.com/corporate/806-applications-approved-under-pli-schemes-across-14-sectors,,4.0,2003-05-12,"ROE 5%, revenue CAGR 3%, profit CAGR 1%, D/E 0.93, OCF/profit 6.9, policy: Auto & components PLI (sector)"
349,SIMPLEXINF,NSE,Simplex Infrastructures Limited,Industrials,Engineering & Construction,1999.0556672,small (<30k cr),259.1300048828125,2.62907442374115,T4 2-5cr,52.6,43.6,4.0,5.0,27.17391304347826,22.28260869565217,40.330490831932096,54.48369565217392,100.0,-8.281228537272122,0.9400015660290216,0.2012866443425082,3.320441282119414,6.18165083304023,-18.278483621375678,,-5.119705684619403,1.6830218467752684,8.698813056379821,2.285900237454737,,2.0,43.129692,2.0144424,63.550997,5.908,0.0,Infrastructure capex,sector-level only (Yahoo industry: Engineering & Construction),https://www.outlookbusiness.com/budget/budget-2026-fm-sitharaman-raises-capex-for-fy27-to-122-lakh-crore ; https://prsindia.org/files/budget/budget_parliament/2026/Analysis_of_Expenditure_2026-27.pdf,,4.0,2004-03-09,"ROE -8%, revenue CAGR -18%, D/E 1.68, policy: Infrastructure capex (sector)"
350,SPIC,NSE,Southern Petrochemicals Industries Corporation  Limited,Basic Materials,Agricultural Inputs,1278.6576384,small (<30k cr),63.060001373291016,1.5939510753147126,T5 1-2cr,52.3,53.3,-1.0,0.0,81.59722222222223,13.909644389096442,28.208156195874665,58.87578535379545,100.0,12.976026210897452,15.138748512216246,7.23049535788168,68.56754016117841,16.528471066761433,-10.497136633402128,-11.071600313003028,-15.053836563527144,0.5129668693386277,12.296270232230825,0.9338289800723848,1.217802399200267,2.0,6.229167,0.9321003,,0.2930000199999999,3.17,,,,fertiliser subsidy / price controls,4.0,1996-01-10,"ROE 13%, revenue CAGR -10%, profit CAGR -11%, D/E 0.51, OCF/profit 1.2"
351,AXISCADES,NSE,AXISCADES Technologies Limited,Industrials,Engineering & Construction,9296.5445632,small (<30k cr),2245.60009765625,31.31856054954834,T1 >=20cr,52.3,46.3,1.0,5.0,48.09782608695652,49.275362318840585,35.89859075986868,58.50668415792104,40.0,9.01175305490648,12.507762242243434,4.811243074580443,12.093455731063738,1.4737118946918972,12.460420099619496,,12.426606924002504,0.533349653072672,4.7351180004537845,1.53155625165529,0.9234944573946304,2.0,216.40593,12.797962,46.378,1.7049999999999998,0.0,Infrastructure capex,sector-level only (Yahoo industry: Engineering & Construction),https://www.outlookbusiness.com/budget/budget-2026-fm-sitharaman-raises-capex-for-fy27-to-122-lakh-crore ; https://prsindia.org/files/budget/budget_parliament/2026/Analysis_of_Expenditure_2026-27.pdf,,4.0,2000-12-21,"ROE 9%, revenue CAGR 12%, D/E 0.53, OCF/profit 0.9, policy: Infrastructure capex (sector)"
352,MBAPL,NSE,Madhya Bharat Agro Products Limited,Basic Materials,Agricultural Inputs,7326.4881664,small (<30k cr),168.02000427246094,12.43831972088318,T2 10-20cr,51.9,52.9,-1.0,0.0,72.20557458143074,81.05022831050229,25.893560069280426,22.65423833556494,40.0,16.210787788361987,14.471205929612886,6.031330221828628,16.612468726489464,1.4906522334269692,33.01400931973044,6.535619490165234,73.06831343049842,1.5570484315433375,6.84960359203756,1.4378660332799582,0.5010802015802813,1.0,47.371105,13.328551,,0.097000005,0.06,,,,fertiliser subsidy / price controls,4.0,2019-08-22,"ROE 16%, revenue CAGR 33%, profit CAGR 7%, D/E 1.56, OCF/profit 0.5"
353,MVGJL,NSE,Manoj Vaibhav Gems N Jewellers Limited,Consumer Cyclical,Luxury Goods,1029.02016,small (<30k cr),212.38999938964844,7.27656511686325,T3 5-10cr,51.7,54.7,-3.0,0.0,47.43150684931507,54.75481223429381,47.031963470319646,31.77103718199609,100.0,13.62309216641438,14.581232455984642,6.217589492536852,6.596866652332518,-0.2002136477875469,10.616660000066624,17.105649815655166,15.100963918087928,0.5892291446673706,5.517757557968888,1.788567040827667,0.0643863722261217,2.0,8.074358,1.2358325,77.20700000000001,1.0240001,0.0,,,,,4.0,2023-10-03,"ROE 14%, revenue CAGR 11%, profit CAGR 17%, D/E 0.59, OCF/profit 0.1"
354,KOPRAN,NSE,Kopran Limited,Healthcare,Drug Manufacturers - General,1286.6825216,small (<30k cr),276.5,16.36061505184479,T2 10-20cr,51.5,43.5,3.0,5.0,32.5,28.975741239892184,35.238095238095234,40.66964285714285,100.0,7.554233605114232,9.26781244566108,4.7520972542123,9.03711610049551,-0.9738212403541412,7.21969870724708,-1.8730760832725848,8.284566745000909,0.2879466621910479,4.882714584392835,1.5112847330045835,1.318569272808842,0.0,50.235847,2.4243777,46.507,0.217,1.09,Pharma / medical devices PLI,sector-level only (Yahoo industry: Drug Manufacturers - General),https://www.pharma-dept.gov.in/schemes/archive,,4.0,1999-06-09,"ROE 8%, revenue CAGR 7%, profit CAGR -2%, D/E 0.29, OCF/profit 1.3, policy: Pharma / medical devices PLI (sector)"
355,TNPETRO,NSE,Tamilnadu PetroProducts Limited,Basic Materials,Specialty Chemicals,1122.6640384,small (<30k cr),125.77999877929688,10.813440090273286,T2 10-20cr,51.5,45.5,6.0,0.0,44.35407153729071,17.08523592085236,40.98882065816407,45.96250901225667,100.0,7.266606225007961,8.47009698771674,4.877211203596493,7.72515573291306,4.479331624407171,-11.976039499018698,1.1435058442887724,-19.70156665358398,0.4566745646565917,10.35856489725903,1.603989186812967,1.300832382880581,1.0,7.9024696,1.1021508,56.646,5.5170003,1.19,,,,,4.0,1999-10-27,"ROE 7%, revenue CAGR -12%, profit CAGR 1%, D/E 0.46, OCF/profit 1.3"
356,GLOBUSSPR,NSE,Globus Spirits Limited,Consumer Defensive,Beverages - Wineries & Distilleries,2515.01568,small (<30k cr),796.8499755859375,5.266663978491211,T3 5-10cr,51.5,45.5,6.0,0.0,36.05769230769231,34.61538461538462,20.6385118149824,58.09766214177979,100.0,6.897546252838789,8.189554640291078,3.5514008757847075,6.268900553576111,1.8492167824467935,8.734112485952483,-9.09841577894782,6.812632101390803,0.4832702244933769,3.092554514448945,1.005857671513335,2.375762356135924,1.0,6.858859,2.0955174,56.696000000000005,9.592,0.8,,,,,4.0,2009-09-23,"ROE 7%, revenue CAGR 9%, profit CAGR -9%, D/E 0.48, OCF/profit 2.4"
357,NFL,NSE,National Fertilizers Limited,Basic Materials,Agricultural Inputs,3099.4743296,small (<30k cr),63.7599983215332,3.307138883653259,T4 2-5cr,51.4,45.4,6.0,0.0,41.59294140030441,26.331811263318112,9.628404975594394,76.54495828612627,100.0,6.704646783146,7.8666916532843505,1.7066563365494007,7.065007244063157,4.361416543874633,-4.325520513412384,-22.72532555179153,5.706537408712697,1.3951875761181,2.103336012861736,1.009324202002244,3.5181294911277314,2.0,8.503365,1.0906454,74.714,4.153,1.63,,,,fertiliser subsidy / price controls,4.0,2006-12-28,"ROE 7%, revenue CAGR -4%, profit CAGR -23%, D/E 1.40, OCF/profit 3.5"
358,ISGEC,NSE,Isgec Heavy Engineering Limited,Industrials,Specialty Industrial Machinery,6640.4499456,small (<30k cr),901.75,6.019248725,T3 5-10cr,51.2,45.2,6.0,0.0,26.76630434782609,20.414201183431956,36.08575546480903,74.88599450274862,100.0,6.906325514757748,11.340595094509158,2.278227431344708,5.859287310792519,-1.3337831297159513,1.9810012787280675,-17.8524140744029,4.969735566080158,0.3474816162397936,4.856441279801604,1.38802305578702,2.9806939261910443,2.0,25.023552,2.4263706,63.154,11.7139995,0.67,,,,,4.0,2021-05-05,"ROE 7%, revenue CAGR 2%, profit CAGR -18%, D/E 0.35, OCF/profit 3.0"
359,ALICON,NSE,Alicon Castalloy Limited,Industrials,Metal Fabrication,1445.8103808,small (<30k cr),901.4000244140624,3.570326160980225,T4 2-5cr,51.1,45.1,6.0,0.0,25.27173913043478,27.77313266443701,15.63976299143246,91.22626186906548,100.0,8.099325399702641,11.069958328851316,3.644567664294628,5.545002388084606,-2.327798653224403,8.48418978069625,-12.50899247511683,3.923086037455259,0.5640596684442716,2.146371185475985,1.1124690655665652,4.234653202232262,3.0,39.61504,2.3011458,71.597,10.5299994,0.67,,,,,4.0,2006-09-29,"ROE 8%, revenue CAGR 8%, profit CAGR -13%, D/E 0.56, OCF/profit 4.2"
360,EMIL,NSE,Electronics Mart India Limited,Consumer Cyclical,Specialty Retail,7930.826752,small (<30k cr),211.5399932861328,70.59819357515869,T1 >=20cr,50.6,42.6,8.0,0.0,26.198630136986303,33.776373799401675,27.853881278538815,47.15753424657535,100.0,10.19518924803664,9.837835800025177,4.415633022253615,4.042465699972686,-1.7687376409232156,11.18697030960989,-4.44610615284895,6.610827872322211,1.2280560962035747,1.954475267557638,1.8219785155275323,1.7258061301545051,1.0,38.45709,4.8900437,65.17299399999999,27.194000000000003,0.0,,,,,4.0,2022-10-17,"ROE 10%, revenue CAGR 11%, profit CAGR -4%, D/E 1.23, OCF/profit 1.7"
361,MUKANDLTD,NSE,Mukand Limited,Basic Materials,Steel,2657.2734464,small (<30k cr),185.9199981689453,6.667493368675232,T3 5-10cr,50.3,46.3,-1.0,5.0,43.98068873668189,44.20575619205757,22.900330656589517,31.43217633123906,100.0,19.71847409711946,13.75936296372546,6.796107928134478,1.735021306012113,-2.8945831786929475,-4.3956982718791,52.07484896320007,-0.5828337908199033,1.110849815742973,4.41624974984991,1.3868271526376834,-0.2164589419433849,2.0,4.2015076,1.7455269,77.476,1.045,1.08,Specialty steel PLI,sector-level only (Yahoo industry: Steel),https://www.outlookbusiness.com/corporate/806-applications-approved-under-pli-schemes-across-14-sectors,,4.0,2004-02-23,"ROE 20%, revenue CAGR -4%, profit CAGR 52%, D/E 1.11, OCF/profit -0.2, policy: Specialty steel PLI (sector)"
362,EDELWEISS,NSE,Edelweiss Financial Services Limited,Financial Services,Financial Conglomerates,12381.5804928,small (<30k cr),133.8000030517578,77.5832474265915,T1 >=20cr,50.2,44.2,6.0,0.0,38.82978723404256,32.72307438561768,19.148936170212767,50.0,100.0,9.89045584510802,,1.0627005430481071,,,6.230269966672597,16.674771146277333,2.5365140672275466,4.022171573482623,,,5.251661955170763,3.0,17.748981,2.678173,37.083998,15.729,1.11,,,,,4.0,2007-12-12,"ROE 10%, revenue CAGR 6%, profit CAGR 17%, D/E 4.02, OCF/profit 5.3"
363,DCBBANK,NSE,DCB Bank Limited,Financial Services,Banks - Regional,6419.9458816,small (<30k cr),201.19000244140625,19.997038462072755,T2 10-20cr,50.2,49.2,1.0,0.0,40.42553191489362,54.64291604816098,14.893617021276595,50.0,100.0,10.858780570723182,,0.8273430463420011,,,15.895836609041814,16.258482746552815,16.259784931800137,0.8548517550861364,,,3.549805777561866,2.0,8.129743,0.9815183,19.973,36.069,0.72,,,,,4.0,2006-10-27,"ROE 11%, revenue CAGR 16%, profit CAGR 16%, D/E 0.85, OCF/profit 3.5"
364,NELCAST,NSE,Nelcast Limited,Industrials,Metal Fabrication,1266.167296,small (<30k cr),146.2899932861328,1.1151000056102751,T5 1-2cr,50.0,48.0,2.0,0.0,34.51086956521739,32.98923762970586,28.984506365601728,68.56415542228885,100.0,8.44748287221501,9.990771439421389,4.017137923477768,6.335697227432941,0.9182202316098218,1.5838549649988876,17.658208023938073,6.3324838869248445,0.4310682638303435,4.015323250943773,1.3062221250580768,1.5475352514700005,2.0,30.682877,2.1162763,80.537003,,0.56,,,,,4.0,2007-06-27,"ROE 8%, revenue CAGR 2%, profit CAGR 18%, D/E 0.43, OCF/profit 1.5"
365,GREENLAM,NSE,Greenlam Industries Limited,Basic Materials,Lumber & Wood Production,5354.5295872,small (<30k cr),210.5,1.05656556709671,T5 1-2cr,50.0,48.0,2.0,0.0,27.939497716894973,55.91531755915318,14.646512360258228,60.62416314759501,100.0,7.934291615378116,8.551668518793273,3.109089939036001,6.492301922677686,-2.875953783134256,14.803306976140984,-24.10647965209769,19.273764212998262,0.9840320884637564,1.9549684458230827,1.2179187501849276,2.6347128697889084,1.0,57.972378,4.540557,80.784,8.457,0.19,,,,,4.0,2015-03-02,"ROE 8%, revenue CAGR 15%, profit CAGR -24%, D/E 0.98, OCF/profit 2.6"
366,TEXINFRA,NSE,Texmaco Infrastructure & Holdings Limited,Real Estate,Real Estate Services,1535.4904576,small (<30k cr),125.41999816894533,2.537888911912156,T4 2-5cr,49.8,46.8,3.0,0.0,22.115384615384613,43.99730094466937,74.35897435897435,62.5,40.0,0.2808760142587206,0.8012446216910314,0.2360135341997619,-40.857727046236846,-13.197848296042537,1.8463910767031244,52.173640367359184,9.991117606667466,0.0262949682439241,7.003222933717824,1.7636766437728717,22.39470093745874,1.0,167.3611,1.3709072,69.351,1.465,0.12,,,,,4.0,2004-09-09,"ROE 0%, revenue CAGR 2%, profit CAGR 52%, debt-free, OCF/profit 22.4"
367,LXCHEM,NSE,Laxmi Organic Industries Limited,Basic Materials,Specialty Chemicals,5244.8059392,small (<30k cr),190.3500061035156,16.365242257846834,T2 10-20cr,49.6,43.6,6.0,0.0,25.304414003044144,23.81001798810018,35.70146433632499,61.376042846843134,100.0,5.551706517723389,7.271150193198715,3.4315335854726152,4.0071043957095,-1.101928334384028,-0.19344941680417,-13.953992849240372,-6.931500904256316,0.2734822559484688,5.015290519877676,1.3611154575385216,2.6934853430588928,1.0,62.697674,2.6341355,69.16,3.695,0.16,,,,,4.0,2021-03-25,"ROE 6%, revenue CAGR -0%, profit CAGR -14%, D/E 0.27, OCF/profit 2.7"
368,HLEGLAS,NSE,HLE Glascoat Limited,Industrials,Specialty Industrial Machinery,3150.4668672,small (<30k cr),469.4500122070313,11.471560013986206,T2 10-20cr,49.5,43.5,6.0,0.0,32.201086956521735,49.54442157619415,19.688325726639444,87.7779860069965,40.0,9.225164855427382,11.942823550341146,3.429249902179505,8.06426451508507,-1.6471748778304072,13.246871938932392,-10.87503518466968,31.24751953386948,0.6510388767814373,3.059586672975821,1.186512104404892,2.9136010928349885,3.0,86.89655,5.8305593,73.861,5.355,0.23,,,,,4.0,2023-02-09,"ROE 9%, revenue CAGR 13%, profit CAGR -11%, D/E 0.65, OCF/profit 2.9"
369,COSMOFIRST,NSE,COSMO FIRST LIMITED,Consumer Cyclical,Packaging & Containers,2141.8074112,small (<30k cr),831.9500122070312,2.8258881402404783,T4 2-5cr,49.4,46.4,3.0,0.0,45.37671232876713,37.25471382459455,21.461187214611872,43.06751467710372,100.0,7.786193906081771,8.447382319955478,2.7728295244681287,7.31136026165539,3.3957676788467777,5.200578273482526,-13.85455945142754,25.38544510855829,1.0394403137410153,2.5305701854820244,1.2430999734302803,2.29936849291688,0.0,13.082289,1.3397481,46.602002,2.0550001,0.48,,,,,4.0,1995-05-25,"ROE 8%, revenue CAGR 5%, profit CAGR -14%, D/E 1.04, OCF/profit 2.3"
370,PSPPROJECT,NSE,PSP Projects Limited,Industrials,Engineering & Construction,3009.0100736,small (<30k cr),765.5999755859375,4.483063528546142,T4 2-5cr,49.2,43.2,1.0,5.0,17.527173913043477,46.964239773604326,32.73480662983426,36.795664667666166,100.0,7.500174050093087,9.970484956465013,3.4108732421113,3.330648361789532,-4.56191790183777,17.444187142257572,-25.066033076790085,25.08479685593565,0.2613074120937672,3.0680986670071784,1.3424633048532957,0.6451158226783849,1.0,40.98542,2.3806388,71.086,2.9690001,0.0,Infrastructure capex,sector-level only (Yahoo industry: Engineering & Construction),https://www.outlookbusiness.com/budget/budget-2026-fm-sitharaman-raises-capex-for-fy27-to-122-lakh-crore ; https://prsindia.org/files/budget/budget_parliament/2026/Analysis_of_Expenditure_2026-27.pdf,,4.0,2017-05-29,"ROE 8%, revenue CAGR 17%, profit CAGR -25%, D/E 0.26, OCF/profit 0.6, policy: Infrastructure capex (sector)"
371,POLYPLEX,NSE,Polyplex Corporation Limited,Basic Materials,Specialty Chemicals,3329.5325184,small (<30k cr),1023.2999877929688,4.001989416540527,T4 2-5cr,49.0,43.0,6.0,0.0,21.313736681887367,19.32337069323371,41.57770429853566,63.25574209496344,100.0,2.5656625358965126,4.86018318586644,1.2096880574220057,2.098240481641652,-0.3183393682643163,-2.5260429621508877,-49.467093848991205,3.0061212200572784,0.2205962723590578,1.4081047154380395,2.593727387649288,4.897763699727937,1.0,20.65292,0.75646967,56.541,5.784000000000001,0.2,,,,,4.0,2003-04-11,"ROE 3%, revenue CAGR -3%, profit CAGR -49%, D/E 0.22, OCF/profit 4.9"
372,DREDGECORP,NSE,Dredging Corporation of India Limited,Industrials,Engineering & Construction,2610.9999104,small (<30k cr),931.0,6.256284038635254,T3 5-10cr,48.8,39.8,4.0,5.0,29.07608695652174,30.615942028985504,7.813876211065737,55.434782608695656,100.0,0.2606112484749875,1.8115686198619223,0.1697553926187642,7.76884863702975,1.3031958897807303,-0.0812969923013495,,2.586657698428918,0.8838847744385346,1.1823999467639703,0.958438472755101,42.47636863403833,0.0,51.662052,2.0993268,73.471,6.678000000000001,0.0,Infrastructure capex,sector-level only (Yahoo industry: Engineering & Construction),https://www.outlookbusiness.com/budget/budget-2026-fm-sitharaman-raises-capex-for-fy27-to-122-lakh-crore ; https://prsindia.org/files/budget/budget_parliament/2026/Analysis_of_Expenditure_2026-27.pdf,,4.0,2004-01-15,"ROE 0%, revenue CAGR -0%, D/E 0.88, OCF/profit 42.5, policy: Infrastructure capex (sector)"
373,PDSL,NSE,PDS Limited,Industrials,Specialty Business Services,4811.2521216,small (<30k cr),342.0,2.6563817981918336,T4 2-5cr,48.8,42.8,6.0,0.0,30.163043478260867,23.791913214990146,16.376411241892868,73.44921289355322,100.0,9.471436972466575,13.594809255041776,2.992715350606562,2.2521215968292205,-1.0458010706281988,6.921721360624367,-25.021489389230865,4.510542800826412,0.7167186986312166,2.40263220235653,1.1985125506713246,2.262042538100528,2.0,41.091675,2.7277312,73.303,3.891,0.95,,,,,4.0,2014-10-21,"ROE 9%, revenue CAGR 7%, profit CAGR -25%, D/E 0.72, OCF/profit 2.3"
374,SULA,NSE,Sula Vineyards Limited,Consumer Defensive,Beverages - Wineries & Distilleries,1117.659136,small (<30k cr),133.41000366210938,2.734429674502564,T4 2-5cr,48.7,42.7,6.0,0.0,37.98076923076923,14.743589743589745,24.43438914027149,64.19683257918552,100.0,11.10205347056002,12.36039665586387,5.976455224465507,12.909133876875812,-15.264503785812945,2.5568868980513138,-32.67393729715575,-3.24498389893485,0.5667858358869595,2.214065180102916,1.4250351764031477,1.481920067667583,2.0,45.01701,1.9027288,28.378,16.488001,1.49,,,,,4.0,2022-12-22,"ROE 11%, revenue CAGR 3%, profit CAGR -33%, D/E 0.57, OCF/profit 1.5"
375,KIRLOSIND,NSE,Kirloskar Industries Limited,Industrials,Metal Fabrication,3670.255616,small (<30k cr),3531.199951171875,2.1865430113037108,T4 2-5cr,48.1,49.1,-1.0,0.0,26.494565217391305,23.15517537089444,41.35439186484106,89.50212393803099,100.0,3.3413893130851244,9.111462577850428,1.759327237511737,9.714166923405948,-1.5027218871158965,1.444593910498626,1.5078327345625198,2.8589800586717784,0.1773908368388966,5.16882276843467,1.3495542494230883,3.541392995164896,3.0,24.685999,0.5869827,75.831,1.2309999,0.37,,,,,4.0,2010-06-24,"ROE 3%, revenue CAGR 1%, profit CAGR 2%, D/E 0.18, OCF/profit 3.5"
376,NIITLTD,NSE,NIIT Limited,Consumer Defensive,Education & Training Services,1152.8024064,small (<30k cr),84.98999786376953,1.2286976994277954,T5 1-2cr,47.8,37.8,10.0,0.0,5.76923076923077,47.43589743589744,77.26244343891403,20.51282051282051,40.0,2.826736150076373,3.750488081122567,2.5166581651978315,-10.718121028984728,-5.514675571084164,4.566870099415565,18.47347631459617,9.113408635197985,0.0061746622063578,12.655238095238095,5.70876825243956,0.5073354944357183,0.0,131.48438,1.0858485,49.775000000000006,15.311,1.18,,,,,4.0,2004-08-16,"ROE 3%, revenue CAGR 5%, profit CAGR 18%, debt-free, OCF/profit 0.5"
377,NRAIL,NSE,N R Agarwal Industries Limited,Basic Materials,Paper & Paper Products,1114.7510784,small (<30k cr),660.9000244140625,1.0857410964050294,T5 1-2cr,47.6,45.6,2.0,0.0,22.790620243531205,54.3413587934136,13.051487954652812,57.99258420022659,100.0,8.046658428015439,7.895761901284608,3.719160308599135,5.270716554827531,-6.510817206152679,6.901165004790921,-23.937724751988664,30.10463199510021,1.0062975566706516,2.018549078696064,1.154797373194651,2.1743336919807508,1.0,17.87176,1.3671297,79.557997,,0.3,,,,,4.0,2017-04-05,"ROE 8%, revenue CAGR 7%, profit CAGR -24%, D/E 1.01, OCF/profit 2.2"
378,GMMPFAUDLR,NSE,GMM Pfaudler Limited,Industrials,Specialty Industrial Machinery,6333.1237888,small (<30k cr),1438.0,47.71705765214844,T1 >=20cr,47.5,37.5,10.0,0.0,28.940217391304344,24.254995283423373,23.07330450796701,90.36419290354824,40.0,9.391596831930984,11.583968480031096,2.8910350958589697,7.027812606861963,-2.500126748850888,3.778985858206618,-29.283605467644847,10.544089110657495,0.8645911166459112,2.218279569892473,1.5999248115341744,3.670753860127157,3.0,84.963806,5.257893,40.655997,19.748,0.14,,,,,4.0,2018-03-05,"ROE 9%, revenue CAGR 4%, profit CAGR -29%, D/E 0.86, OCF/profit 3.7"
379,MUNJALAU,NSE,Munjal Auto Industries Limited,Consumer Cyclical,Auto Parts,1042.1000192,small (<30k cr),105.44000244140624,2.949301528660202,T4 2-5cr,47.5,40.5,2.0,5.0,33.73287671232876,20.446607817666507,24.88584474885845,46.44324853228963,100.0,9.110235945443227,10.9262103470492,2.951655309306032,3.954603487213735,0.4642028103638442,4.298434696183873,-10.532152344968637,9.121341480340185,0.9461258817509668,2.961587528782127,1.2645236347330848,1.7136093039503033,1.0,20.758965,2.3284547,75.878,,0.95,Auto & components PLI,sector-level only (Yahoo industry: Auto Parts),https://www.outlookbusiness.com/corporate/806-applications-approved-under-pli-schemes-across-14-sectors,,4.0,2006-07-19,"ROE 9%, revenue CAGR 4%, profit CAGR -11%, D/E 0.95, OCF/profit 1.7, policy: Auto & components PLI (sector)"
380,BBOX,NSE,Black Box Limited,Technology,Software - Application,15566.569472,small (<30k cr),884.8499755859375,56.20975007597351,T1 >=20cr,47.4,41.4,6.0,0.0,58.0958842152872,37.38797594518988,22.48605457560681,46.60319094184251,40.0,24.17274562778289,15.425605187548886,5.54923896937655,7.6225826407380515,2.5536350192797563,0.2263749239982626,109.37120353591,5.927692508807159,0.8959375874180213,4.001255020080321,1.8296019900497515,0.2246370341268282,2.0,63.79185,12.088988,74.081004,5.523,0.11,,,,,4.0,2003-07-22,"ROE 24%, revenue CAGR 0%, profit CAGR 109%, D/E 0.90, OCF/profit 0.2"
381,KAPSTON,NSE,Kapston Services Limited,Industrials,Specialty Business Services,1647.4462208,small (<30k cr),545.4500122070312,2.791842651980591,T4 2-5cr,47.4,47.4,0.0,0.0,51.22282608695652,75.30657748049053,18.22403715269437,40.97794852573713,40.0,20.603191952619184,11.997740813674092,6.705778566811197,4.808365200926198,1.1621060947650204,27.85170269000272,77.0329502695986,20.45783811834789,1.582705561719869,2.9228605781062136,1.4288414656733452,0.0772614449536974,2.0,54.02694,14.159604,,,0.0,,,,,4.0,2020-05-27,"ROE 21%, revenue CAGR 28%, profit CAGR 77%, D/E 1.58, OCF/profit 0.1"
382,UTTAMSUGAR,NSE,Uttam Sugar Mills Limited,Consumer Defensive,Confectioners,1193.9137536,small (<30k cr),308.29998779296875,5.5191716368927,T3 5-10cr,47.3,48.3,-1.0,0.0,44.23076923076923,35.8974358974359,19.41930618401207,62.23604826546003,100.0,13.880277016336986,12.743942462654886,5.564829616087282,8.229802529864875,-2.810906420437279,2.2061429696585977,-6.735861163318713,19.70339492713846,0.8236170505993439,3.74809741866541,1.1933341468850422,1.264491523706658,2.0,13.4877205,1.3619337,80.08,0.029,0.81,,,,sugar export curbs,4.0,2006-04-10,"ROE 14%, revenue CAGR 2%, profit CAGR -7%, D/E 0.82, OCF/profit 1.3"
383,HCG,NSE,Healthcare Global Enterprises Limited,Healthcare,Medical Care Facilities,9736.7441408,small (<30k cr),657.5999755859375,5.289332062057495,T3 5-10cr,47.3,39.3,8.0,0.0,30.35714285714285,42.19227313566936,6.666666666666667,92.5,40.0,3.8928405441854856,7.2461635571174705,1.1275399687601773,8.786340808159864,0.4559882195682494,14.594661313615664,-22.323598928174484,14.601443809738443,1.3028461601988033,1.160378089408848,1.1160584809924976,8.923767870579383,3.0,420.74197,7.083044,70.642996,19.604999,0.0,,,,,4.0,2016-03-30,"ROE 4%, revenue CAGR 15%, profit CAGR -22%, D/E 1.30, OCF/profit 8.9"
384,RAYMOND,NSE,Raymond Limited,Industrials,Specialty Industrial Machinery,8006.8026368,small (<30k cr),1206.699951171875,323.55189675956115,T1 >=20cr,47.0,43.0,4.0,0.0,50.40760869565217,49.85528685361461,29.181679878292897,40.69059220389805,40.0,142.8788056639904,1.2104693995802889,74.6885916410725,4.824897961105174,3.2596076024331424,-36.02425535608792,116.14566660909972,14.158345604436938,0.3741095225704822,-0.2670100622903689,1.719979067228483,0.0553147830515017,2.0,182.84195,2.815349,51.22,6.318,0.0,,,,,4.0,1995-10-18,"ROE 143%, revenue CAGR -36%, profit CAGR 116%, D/E 0.37, OCF/profit 0.1"
385,ITDC,NSE,India Tourism Development Corporation Limited,Consumer Cyclical,Lodging,5692.086272,small (<30k cr),671.75,6.213028238934326,T3 5-10cr,46.9,52.9,-6.0,0.0,72.26027397260275,25.54907691702094,85.6164383561644,35.69960861056752,40.0,21.05693950601369,29.049761161149767,9.379436245264223,16.0367514965098,-1.2761905177250554,4.639335426502922,14.485729140076886,-5.955989173098608,0.001501854905535,1421.496212121212,1.930362553362226,0.5250985765821192,2.0,69.05828,13.464739,94.896007,1.783,0.44,,,,,4.0,2016-12-30,"ROE 21%, revenue CAGR 5%, profit CAGR 14%, debt-free, OCF/profit 0.5"
386,MMFL,NSE,MM Forgings Limited,Industrials,Metal Fabrication,2804.9197056,small (<30k cr),566.0499877929688,3.993619559417725,T4 2-5cr,46.9,40.9,6.0,0.0,38.45108695652174,22.994382986021787,10.21999359436304,56.62325087456272,100.0,13.676746152458383,11.020788891332716,5.351583158215871,11.124151284517533,-2.312407796381222,2.837155782470302,-8.29862564081375,4.241614879913591,1.2667038001224749,2.468283613104197,1.1661531272878556,1.5631196457994154,1.0,16.9472,2.8761897,60.943000000000005,8.851,0.71,,,,,4.0,2006-12-20,"ROE 14%, revenue CAGR 3%, profit CAGR -8%, D/E 1.27, OCF/profit 1.6"
387,PNBGILTS,NSE,PNB Gilts Limited,Financial Services,Capital Markets,1285.992448,small (<30k cr),71.5199966430664,2.452266894187927,T4 2-5cr,46.2,47.2,-1.0,0.0,41.30739081746921,50.70921985815604,8.51063829787234,50.0,100.0,10.150377213401336,6.573549048903779,0.6130990829019046,88.62569165615332,-13.455012877658916,20.47583287484318,,6.820780425141515,14.80222,,1.036064337607181,-10.157175954474472,0.0,12.577466,0.75402397,75.917,0.046,2.8,,,,,4.0,2000-09-18,"ROE 10%, revenue CAGR 20%, D/E 14.80, OCF/profit -10.2"
388,SYMPHONY,NSE,Symphony Limited,Consumer Cyclical,"Furnishings, Fixtures & Appliances",3811.9493632,small (<30k cr),558.0999755859375,2.9508959052337644,T4 2-5cr,46.0,39.0,2.0,5.0,39.72602739726028,19.881908360888048,34.70319634703196,54.62818003913895,60.0,7.282384948595405,15.646245052538596,4.797822757270106,9.761384432244194,-3.1647704007611885,-1.6657655012744963,,-28.425001589622944,0.3164043872198379,-2.607795371498173,1.5222151243474238,1.5448583659714,2.0,,6.9916244,75.847,8.790000000000001,1.62,White goods / textiles / food PLI,"sector-level only (Yahoo industry: Furnishings, Fixtures & Appliances)",https://www.india-briefing.com/news/indias-pli-scheme-for-white-goods-ac-and-led-status-updates-24506.html,,4.0,2011-06-15,"ROE 7%, revenue CAGR -2%, D/E 0.32, OCF/profit 1.5, policy: White goods / textiles / food PLI (sector)"
389,TRIVENI,NSE,Triveni Engineering & Industries Limited,Consumer Defensive,Confectioners,5442.9663232,small (<30k cr),245.1300048828125,15.239413734558106,T2 10-20cr,44.6,38.6,6.0,0.0,30.769230769230766,26.28205128205128,31.636500754147807,19.86236802413273,100.0,9.82566816686376,10.102818027643751,5.24566829504795,7.031564990541818,-3.094363637104892,4.024435682475169,-46.87108986333695,10.834020711423076,0.6464612319501739,4.397145256087321,1.4948291186804048,0.2004277556060238,1.0,19.058641,1.627999,67.423,9.725001,1.14,,,,sugar export curbs,4.0,2005-12-13,"ROE 10%, revenue CAGR 4%, profit CAGR -47%, D/E 0.65, OCF/profit 0.2"
390,DIAMONDYD,NSE,Prataap Snacks Limited,Consumer Defensive,Packaged Foods,2560.0268288,small (<30k cr),1079.199951171875,1.40877833493042,T5 1-2cr,44.4,33.4,6.0,5.0,8.173076923076923,16.025641025641026,49.53494218200101,75.96153846153847,40.0,1.2375117372041915,2.7244423677646443,0.9046336599659044,1.034086318067292,-3.711949134618365,1.4871208472887698,-21.793672031665203,0.998314327113059,0.0645423160999913,3.491878130902521,1.939199127093626,7.116062988818015,2.0,222.41165,3.654812,26.417,53.220004,0.05,White goods / textiles / food PLI,sector-level only (Yahoo industry: Packaged Foods),https://www.india-briefing.com/news/indias-pli-scheme-for-white-goods-ac-and-led-status-updates-24506.html,,4.0,2017-10-05,"ROE 1%, revenue CAGR 1%, profit CAGR -22%, debt-free, OCF/profit 7.1, policy: White goods / textiles / food PLI (sector)"
391,GENESYS,NSE,Genesys International Corporation Limited,Technology,Software - Application,1961.8074624,small (<30k cr),294.8500061035156,17.4435095149292,T2 10-20cr,44.4,47.4,-3.0,0.0,48.72229760289461,37.35447342412517,44.896728478818034,12.725167267112711,100.0,6.421099327430607,9.132619033486511,4.6850488397596255,21.039239630162573,1.3064774480112824,21.864716724028767,19.52449917961845,5.3941160300484015,0.2458179364037216,5.01813986449115,2.605677604001208,-0.1621822242185146,0.0,57.86982,1.6959832,27.537,0.196,0.0,,,,,4.0,2003-01-23,"ROE 6%, revenue CAGR 22%, profit CAGR 20%, D/E 0.25, OCF/profit -0.2"
392,APOLLOPIPE,NSE,Apollo Pipes Limited,Industrials,Building Products & Equipment,2315.2089088,small (<30k cr),531.4500122070312,8.057663503439331,T3 5-10cr,43.9,32.9,6.0,5.0,9.782608695652174,15.873424234628246,41.13119545199776,61.795664667666166,60.0,4.15367308268562,5.783842290233951,2.485894896176749,1.3825385192539978,-5.426428689472639,6.534369102670423,-32.09652251516661,-6.52980057253747,0.1512199213120966,4.186714006039088,1.3661234030141884,2.2773408714770653,1.0,,2.834704,69.246,5.113,0.13,Infrastructure capex,sector-level only (Yahoo industry: Building Products & Equipment),https://www.outlookbusiness.com/budget/budget-2026-fm-sitharaman-raises-capex-for-fy27-to-122-lakh-crore ; https://prsindia.org/files/budget/budget_parliament/2026/Analysis_of_Expenditure_2026-27.pdf,,4.0,2019-11-11,"ROE 4%, revenue CAGR 7%, profit CAGR -32%, D/E 0.15, OCF/profit 2.3, policy: Infrastructure capex (sector)"
393,KTKBANK,NSE,The Karnataka Bank Limited,Financial Services,Banks - Regional,12088.5706752,small (<30k cr),326.45001220703125,52.596934398799135,T1 >=20cr,43.9,42.9,1.0,0.0,41.48936170212766,22.97542470724064,21.27659574468085,50.0,100.0,10.82987140878151,,1.0637229352315147,,,2.669542019230753,3.5741616632850137,-1.2758422520639745,0.0655879977419913,,,0.3753913700087077,2.0,8.365611,0.913706,5.614,20.535,1.53,,,,,4.0,2000-05-10,"ROE 11%, revenue CAGR 3%, profit CAGR 4%, debt-free, OCF/profit 0.4"
394,RELIGARE,NSE,Religare Enterprises Limited,Financial Services,Insurance - Life,7749.9588608,small (<30k cr),224.9199981689453,14.740068481627654,T2 10-20cr,43.5,39.5,4.0,0.0,22.63437849944009,55.97888833910605,31.91489361702128,50.0,40.0,5.950162406927218,10.300232469290728,1.3885834540559991,-0.0330733250462603,-16.91063052344785,31.44023555535891,-0.3744544737319222,14.454873816889169,0.1695955419565722,34.78454450423942,0.3614153617246272,10.920326898234617,3.0,152.93196,2.5727856,49.791,5.8530003,0.0,,,,,4.0,2007-11-21,"ROE 6%, revenue CAGR 31%, profit CAGR -0%, D/E 0.17, OCF/profit 10.9"
395,HIKAL,NSE,Hikal Limited,Healthcare,Drug Manufacturers - Specialty & Generic,2719.6448768,small (<30k cr),225.2400054931641,13.458738148793794,T2 10-20cr,43.3,32.3,6.0,5.0,14.285714285714285,21.428571428571427,13.333333333333334,78.14732142857143,60.0,2.9942384631633496,5.386221957838335,1.441979414398158,3.403728173666824,-5.05446145713546,-5.436510444704423,,-8.044480607540006,0.5704037370704037,-0.2963576158940397,1.3022536456031817,6.891453558179961,2.0,,2.2645094,69.101995,6.821000000000001,0.27,Pharma / medical devices PLI,sector-level only (Yahoo industry: Drug Manufacturers - Specialty & Generic),https://www.pharma-dept.gov.in/schemes/archive,,4.0,2001-02-14,"ROE 3%, revenue CAGR -5%, D/E 0.57, OCF/profit 6.9, policy: Pharma / medical devices PLI (sector)"
396,PRAJIND,NSE,Praj Industries Limited,Industrials,Engineering & Construction,5520.826368,small (<30k cr),300.3999938964844,12.065547079353331,T2 10-20cr,43.3,32.3,6.0,5.0,29.483695652173918,9.830846411113969,42.1731123388582,53.90898300849575,40.0,13.299064088045151,17.220913884584355,5.831060491882534,2.3177354379589925,-7.961676751041272,-3.246403871633441,-53.673200130155706,-1.6439647325993678,0.1321835331358478,3.463168387185915,1.4624196391477935,0.8409740058927098,2.0,192.53206,4.217214,34.366,26.549,1.2,Infrastructure capex,sector-level only (Yahoo industry: Engineering & Construction),https://www.outlookbusiness.com/budget/budget-2026-fm-sitharaman-raises-capex-for-fy27-to-122-lakh-crore ; https://prsindia.org/files/budget/budget_parliament/2026/Analysis_of_Expenditure_2026-27.pdf,,4.0,1995-10-11,"ROE 13%, revenue CAGR -3%, profit CAGR -54%, D/E 0.13, OCF/profit 0.8, policy: Infrastructure capex (sector)"
397,BLKASHYAP,NSE,B. L. Kashyap and Sons Limited,Industrials,Engineering & Construction,1202.7231232,small (<30k cr),53.93999862670898,2.294155185120964,T4 2-5cr,43.0,37.0,1.0,5.0,22.55434782608696,33.89289083269016,17.798662823284488,88.92741129435282,40.0,5.374725077456607,11.105689376147929,1.8755794635440357,6.306931452620429,-2.8247699651810567,8.296787966746088,-58.809338386878096,19.54723563780931,0.5678399257651389,1.6287991305088687,1.3026941531506977,3.319933587815277,3.0,2667.0,2.2640069,62.915003000000006,0.063,0.0,Infrastructure capex,sector-level only (Yahoo industry: Engineering & Construction),https://www.outlookbusiness.com/budget/budget-2026-fm-sitharaman-raises-capex-for-fy27-to-122-lakh-crore ; https://prsindia.org/files/budget/budget_parliament/2026/Analysis_of_Expenditure_2026-27.pdf,,4.0,2006-03-17,"ROE 5%, revenue CAGR 8%, profit CAGR -59%, D/E 0.57, OCF/profit 3.3, policy: Infrastructure capex (sector)"
398,GREENPANEL,NSE,Greenpanel Industries Limited,Basic Materials,Lumber & Wood Production,1918.9960704,small (<30k cr),159.1199951171875,4.419829770935059,T4 2-5cr,42.8,32.8,10.0,0.0,10.190734398782345,37.21461187214612,33.33963155408597,54.98506540323412,40.0,4.441848242496213,4.652223119125312,3.016293809932936,0.9422492644013384,-10.18232225522287,-5.472476060952324,,7.774484569642315,0.2729921198575239,-1.5387194838949223,1.9401526522530577,1.8150433669203927,1.0,289.7963,1.4153154,54.371,26.923,0.31,,,,,4.0,2019-10-23,"ROE 4%, revenue CAGR -5%, D/E 0.27, OCF/profit 1.8"
399,HINDOILEXP,NSE,Hindustan Oil Exploration Company Limited,Energy,Oil & Gas E&P,2244.1684992,small (<30k cr),171.8800048828125,7.38683122457428,T3 5-10cr,42.4,41.4,1.0,0.0,46.875,10.972222222222223,45.833333333333336,78.4375,40.0,11.65098754804719,12.702377241044768,7.331696498099018,20.736601502159377,-11.447249312777874,-22.204417994553825,-31.36317371618489,-37.473670604621525,0.0359405145129928,4.787261370634292,1.1042906144968934,1.0571764056695176,3.0,86.58163,1.6135933,41.919,1.145,0.0,,,,,4.0,2003-09-23,"ROE 12%, revenue CAGR -22%, profit CAGR -31%, debt-free, OCF/profit 1.1"
400,DCXINDIA,NSE,DCX Systems Limited,Industrials,Aerospace & Defense,1732.5043712,small (<30k cr),157.8800048828125,4.850447057608795,T4 2-5cr,42.3,33.3,4.0,5.0,7.4728260869565215,18.47826086956521,84.13704059572423,6.584207896051974,60.0,3.015333294722339,4.683811783107253,1.9258078429728671,-2.004186487010052,-7.255935067879591,-15.988315506165652,,-31.405011299554943,0.0019305759342242,44.4,2.754255221114497,-2.870862475221603,0.0,,1.0348636,53.511,4.1750003,0.0,Defence indigenisation,sector-level only (Yahoo industry: Aerospace & Defense),https://idsa.in/publisher/issuebrief/ministry-of-defence-2026-27-budget-estimates-an-analysis ; https://www.drishtiias.com/daily-updates/daily-news-analysis/5th-positive-indigenisation-list-1,,4.0,2022-11-11,"ROE 3%, revenue CAGR -16%, debt-free, OCF/profit -2.9, policy: Defence indigenisation (sector)"
401,IGPL,NSE,IG Petrochemicals Limited,Basic Materials,Chemicals,1781.7899008,small (<30k cr),586.25,3.094977827584839,T4 2-5cr,41.6,38.6,3.0,0.0,28.198725266362253,8.015082330150824,27.187844433947408,61.000102997219074,100.0,3.818100164484993,6.460137805220064,2.287855132416149,3.6273445290926194,1.0453350081479735,-6.514361976331373,-77.69601172859741,-12.805218548120813,0.271357792799126,1.2542634108750204,1.37355468308574,2.661518487840743,1.0,21.825726,1.3367896,73.490995,0.121,0.85,,,,,4.0,2007-01-29,"ROE 4%, revenue CAGR -7%, profit CAGR -78%, D/E 0.27, OCF/profit 2.7"
402,ANDHRAPAP,NSE,ANDHRA PAPER LIMITED,Basic Materials,Paper & Paper Products,1373.2593664,small (<30k cr),70.4800033569336,4.2278567204528805,T4 2-5cr,40.3,38.3,2.0,0.0,17.334950532724505,23.588625985886264,50.27239804755157,19.89906272530641,100.0,7.828743393279372,10.28474954394542,6.002861298321523,-1.1531419803811402,-22.02607909172101,-6.678032353142638,-67.09343897975974,11.214493369599388,0.1197064894389927,2.4785062201961083,2.945021263292744,0.8224345390422625,0.0,49.683453,0.7081043,77.55499999999999,5.228,0.71,,,,,4.0,2004-05-13,"ROE 8%, revenue CAGR -7%, profit CAGR -67%, D/E 0.12, OCF/profit 0.8"
403,DALMIASUG,NSE,Dalmia Bharat Sugar and Industries Limited,Consumer Defensive,Confectioners,3638.626304,small (<30k cr),447.6499938964844,7.314342940576173,T3 5-10cr,40.3,41.3,-1.0,0.0,27.884615384615387,23.07692307692308,37.44343891402715,40.66742081447964,100.0,9.297618303787534,8.858992351478612,5.69363957293409,7.991531419979658,-3.5746879197243477,3.689412605426101,-1.813524599365146,-2.868771040607365,0.5561185780990742,6.041495739981067,1.5804217774345146,0.4458201856679014,2.0,17.903225,1.1221945,83.413005,0.3399999999999999,1.34,,,,sugar export curbs,4.0,1996-01-17,"ROE 9%, revenue CAGR 4%, profit CAGR -2%, D/E 0.56, OCF/profit 0.4"
404,YASHO,NSE,Yasho Industries Limited,Basic Materials,Specialty Chemicals,5078.8098048,small (<30k cr),4337.60009765625,12.785456704711914,T2 10-20cr,40.2,38.2,2.0,0.0,31.882610350076103,49.6298602462986,15.553456148638013,58.36852404985065,40.0,8.93439821277845,8.369548628057327,2.860363936453272,8.954676411122861,-5.415707616673579,6.51099710814993,-28.0697478601768,21.591125272575475,1.251553271449518,1.7029934740898809,1.3698013157695903,2.2466802837184408,1.0,86.95912,11.438851,75.27100399999999,5.075,0.01,,,,,4.0,2023-08-21,"ROE 9%, revenue CAGR 7%, profit CAGR -28%, D/E 1.25, OCF/profit 2.2"
405,DHAMPURSUG,NSE,Dhampur Sugar Mills Limited,Consumer Defensive,Confectioners,1214.0425216,small (<30k cr),188.9199981689453,10.828576151907347,T2 10-20cr,39.5,36.5,3.0,0.0,17.78846153846154,10.256410256410255,21.24183006535948,68.1184012066365,100.0,7.391505769899714,7.970244269440103,3.527303777653415,5.71524728847007,-4.060855879042904,-6.869698014727222,-25.509627937696187,0.7837312803856467,0.7509437429010489,2.752705738207065,1.3726988354152136,1.554782816039423,2.0,17.304308,1.0139315,51.285,0.999,2.12,,,,sugar export curbs,4.0,1995-03-29,"ROE 7%, revenue CAGR -7%, profit CAGR -26%, D/E 0.75, OCF/profit 1.6"
406,DCAL,NSE,Dishman Carbogen Amcis Limited,Healthcare,Biotechnology,2368.9924608,small (<30k cr),152.4600067138672,2.242793932320404,T4 2-5cr,38.4,37.4,1.0,0.0,32.14285714285714,40.0,16.190476190476186,67.5,40.0,-0.4039061043638676,1.5398826528462202,-0.2506098184425113,6.880185676761219,8.504642160040953,7.526664485391299,,8.933870284018642,0.4607018227021522,1.6817443296289074,1.226608086178918,,3.0,146.69904,0.35394377,69.302005,2.7090002,0.0,,,,,4.0,2017-09-21,"ROE -0%, revenue CAGR 8%, D/E 0.46"
407,BHAGCHEM,NSE,Bhagiradha Chemicals & Industries Limited,Basic Materials,Agricultural Inputs,3008.32256,small (<30k cr),239.9100036621093,1.8115195754760745,T5 1-2cr,37.9,31.9,6.0,0.0,24.90962709284627,45.82122595821226,35.43536450952606,7.493047687712432,40.0,3.01265416560003,4.792923007000218,2.0901730828988243,6.786350115142445,-1.0874683470559532,2.1995434258015534,-26.166619407822623,21.69986175683512,0.3360036361407647,2.613470623308719,1.7776449655029731,-0.1292966037105064,0.0,109.43397,4.307944,63.434000000000005,3.678,0.06,,,,fertiliser subsidy / price controls,4.0,2021-10-18,"ROE 3%, revenue CAGR 2%, profit CAGR -26%, D/E 0.34, OCF/profit -0.1"
408,EQUITASBNK,NSE,Equitas Small Finance Bank Limited,Financial Services,Banks - Regional,7821.2825088,small (<30k cr),68.91999816894531,11.297061354384612,T2 10-20cr,37.7,38.7,-1.0,0.0,31.91489361702128,24.24542305789213,10.638297872340424,50.0,100.0,5.830140636539691,,0.7373162391057532,,,12.11127513747834,-43.56765653155749,5.638648913775124,0.942482901491871,,,2.3396641994240928,2.0,15.123894,1.2762303,12.1829994,55.196,0.0,,,,,4.0,2020-11-02,"ROE 6%, revenue CAGR 12%, profit CAGR -44%, D/E 0.94, OCF/profit 2.3"
409,OAL,NSE,Oriental Aromatics Limited,Basic Materials,Specialty Chemicals,1764.6252032,small (<30k cr),515.5999755859375,1.486186520727539,T5 1-2cr,37.3,35.3,2.0,0.0,24.05821917808219,39.23481389234814,22.853094000944733,59.49634359872283,40.0,2.371961418776756,5.114411904022238,1.3966722937696463,3.719390469723096,0.3845042968674121,6.571902648877459,-44.85873528439508,10.9222376319154,0.6058506418382469,1.3103370786516857,1.5889131240433143,2.347522388570597,1.0,331.86707,2.6554475,76.492,,0.1,,,,,4.0,2019-07-11,"ROE 2%, revenue CAGR 7%, profit CAGR -45%, D/E 0.61, OCF/profit 2.3"
410,FINOPB,NSE,Fino Payments Bank Limited,Financial Services,Banks - Regional,1222.3950848,small (<30k cr),128.75999450683594,1.842350690930176,T5 1-2cr,37.2,40.2,-3.0,0.0,45.74468085106383,28.76463796800264,40.42553191489361,50.0,40.0,10.77005775808128,,1.903142097377168,,,15.835415940753103,-6.939691418750082,2.553718883843348,1.9067132005085403,,,-0.751385514186437,0.0,58.52191,1.5237868,77.553004,0.035999998,0.0,,,,,4.0,2021-11-12,"ROE 11%, revenue CAGR 16%, profit CAGR -7%, D/E 1.91, OCF/profit -0.8"
411,AVADHSUGAR,NSE,Avadh Sugar & Energy Limited,Consumer Defensive,Confectioners,1918.3650816,small (<30k cr),937.5499877929688,6.925121495617676,T3 5-10cr,37.2,34.2,3.0,0.0,23.07692307692308,16.666666666666668,9.03720462543992,49.49095022624434,100.0,8.513457250377014,9.08307576885892,3.1773163026281943,6.185124572457106,-4.075818132046477,-1.220827133779645,-17.004965334238953,2.3648509668576567,1.251427595722571,2.19296711718458,1.1631941509803172,0.8582008359935234,2.0,29.083458,1.7060313,71.40100000000001,0.426,1.07,,,,sugar export curbs,4.0,2017-07-28,"ROE 9%, revenue CAGR -1%, profit CAGR -17%, D/E 1.25, OCF/profit 0.9"
412,YUKEN,NSE,Yuken India Limited,Industrials,Specialty Industrial Machinery,1607.394816,small (<30k cr),1238.5999755859375,2.224243614074707,T4 2-5cr,37.0,34.0,3.0,0.0,26.76630434782609,33.27116027784924,28.196813195612137,49.11294352823589,40.0,6.262024637216195,9.048881019891503,3.627383628723465,6.67772804478853,-0.456240595058186,7.23444800615185,14.788088327206594,0.5777486240810203,0.3073369305221552,3.0557233253733007,1.3027887275075416,2.12584356199015,0.0,102.361595,4.3079224,68.856,0.016000001,0.12,,,,,4.0,2021-09-02,"ROE 6%, revenue CAGR 7%, profit CAGR 15%, D/E 0.31, OCF/profit 2.1"
413,NELCO,NSE,NELCO Limited,Technology,Communication Equipment,2076.7025152,small (<30k cr),915.7999877929688,18.42945734272156,T2 10-20cr,36.7,28.7,3.0,5.0,26.89959294436906,7.354640936730488,13.010704055480176,76.77560473494596,40.0,9.727252643359918,13.619689365992196,4.221973399493393,3.633398564905414,-8.318133242346075,-0.6756963113278114,-44.90326576685351,0.5905511811023612,0.565396258635411,1.942505133470226,0.8774703557312253,2.1853778751369117,2.0,538.5207,16.119661,56.118,0.656,0.11,Telecom PLI,sector-level only (Yahoo industry: Communication Equipment),https://www.outlookbusiness.com/corporate/806-applications-approved-under-pli-schemes-across-14-sectors,,4.0,2003-05-28,"ROE 10%, revenue CAGR -1%, profit CAGR -45%, D/E 0.57, OCF/profit 2.2, policy: Telecom PLI (sector)"
414,GOKEX,NSE,Gokaldas Exports Limited,Consumer Cyclical,Apparel Manufacturing,4890.5494528,small (<30k cr),673.0,17.417258796194456,T2 10-20cr,36.6,37.6,-1.0,0.0,20.719178082191775,35.663527397260275,36.75799086757991,7.353228962818004,100.0,7.465626116190584,8.627397242741749,3.853290739880202,4.788244392715352,-2.6830163843649784,20.91169659756793,-16.65681517915567,2.070865473396566,0.5893390170974412,3.1270516235138395,1.4795932683546251,-0.1752180897109597,0.0,50.029987,2.2626185,12.638,53.827000000000005,0.0,,,,,4.0,2005-04-27,"ROE 7%, revenue CAGR 21%, profit CAGR -17%, D/E 0.59, OCF/profit -0.2"
415,DELTACORP,NSE,Delta Corp Limited,Consumer Cyclical,Resorts & Casinos,2124.495872,small (<30k cr),82.37000274658203,99.32303763470536,T1 >=20cr,36.4,37.4,-1.0,0.0,36.13013698630137,5.905123208943473,78.31050228310502,14.853228962818005,60.0,7.610808421628144,11.42714483586309,6.74715018205136,13.07701246259768,-17.496979308890168,-10.628990611108636,-31.15367032301002,-5.642585968230474,0.0217525503066585,20.624784853700515,2.1278507552094474,0.6130403968816442,0.0,,0.95021373,34.465998,1.031,0.61,,,,,4.0,2007-11-02,"ROE 8%, revenue CAGR -11%, profit CAGR -31%, debt-free, OCF/profit 0.6"
416,FUSION,NSE,Fusion Finance Limited,Financial Services,Credit Services,2683.9627776,small (<30k cr),168.52000427246094,8.41417755730896,T3 5-10cr,35.8,27.8,8.0,0.0,12.65397536394177,5.030512947385783,4.25531914893617,50.0,100.0,-18.736946296300957,-3.0126678252427874,-3.4360348945764363,10.783607489111974,-25.30760178133847,-1.6380153328641844,-67.04989244092702,-28.92666406760076,2.268289405642669,-39.6,1.5599954319648262,,2.0,16.260954,1.0996463,53.248,15.305,0.0,,,,,4.0,2022-11-15,"ROE -19%, revenue CAGR -2%, profit CAGR -67%, D/E 2.27"
417,ICEMAKE,NSE,Ice Make Refrigeration Limited,Industrials,Specialty Industrial Machinery,1080.754176,small (<30k cr),673.3499755859375,1.489427971612549,T5 1-2cr,35.0,36.0,-1.0,0.0,39.673913043478265,58.489837921276056,11.12879333813756,21.52673663168416,40.0,17.665553759000186,18.067722022644915,7.0417425179043605,4.421072075885867,-5.438657037415055,28.873139797974037,-16.31493864157746,39.357229488956925,1.1911144798006457,2.469745751311601,1.1721187054661069,0.4837987519880949,0.0,90.3562,8.124556,,0.0069999999999999,0.33,,,,,4.0,2020-10-12,"ROE 18%, revenue CAGR 29%, profit CAGR -16%, D/E 1.19, OCF/profit 0.5"
418,AYMSYNTEX,NSE,AYM Syntex Limited,Consumer Cyclical,Textile Manufacturing,1623.4273792,small (<30k cr),289.25,2.224589920358276,T4 2-5cr,34.4,32.4,-3.0,5.0,15.23972602739726,12.33024326877657,29.223744292237445,90.89530332681018,40.0,1.2028121355575878,4.537594418441826,0.6462729265496782,2.3344922343169974,-0.0260154091946169,-2.110119139447641,-2.9454408775822283,-8.352894773471808,0.3191412829408755,1.5178611801944382,1.1459882180186178,15.965274962174778,3.0,86.296875,2.7501965,78.897005,2.5910001,0.0,White goods / textiles / food PLI,sector-level only (Yahoo industry: Textile Manufacturing),https://www.india-briefing.com/news/indias-pli-scheme-for-white-goods-ac-and-led-status-updates-24506.html,,4.0,2015-08-14,"ROE 1%, revenue CAGR -2%, profit CAGR -3%, D/E 0.32, OCF/profit 16.0, policy: White goods / textiles / food PLI (sector)"
419,SDBL,NSE,Som Distilleries & Breweries Limited,Consumer Defensive,Beverages - Brewers,1524.7481856,small (<30k cr),73.08000183105469,2.8627761225440977,T4 2-5cr,33.8,32.8,1.0,0.0,25.48076923076923,26.92307692307692,20.55052790346908,44.0422322775264,60.0,10.233812178022154,12.78420585999123,5.284852829124653,4.408139603701418,-5.807839715875005,14.1963027977835,-44.41258432080313,-15.317486876327004,0.2720692725340983,2.1234842320439795,1.062820667639248,1.520814543460727,0.0,,1.9419069,55.364,0.10899999,0.0,,,,,4.0,2014-03-18,"ROE 10%, revenue CAGR 14%, profit CAGR -44%, D/E 0.27, OCF/profit 1.5"
420,LOKESHMACH,NSE,Lokesh Machines Limited,Industrials,Specialty Industrial Machinery,1056.7073792,small (<30k cr),465.4500122070313,1.1638903564453125,T5 1-2cr,31.2,27.2,4.0,0.0,33.28804347826087,9.448160535117056,20.68220033629594,42.21639180409795,40.0,3.00306049875749,6.560215490536431,1.4832099195975643,11.306963220952378,0.6624818403972981,-4.611938281771966,-26.36954779473436,-8.653232983651126,0.7421505355620752,1.31002546074607,1.4733736995626867,1.367830013920707,0.0,215.46666,4.2350225,52.172,,0.0,,,,,4.0,2006-05-05,"ROE 3%, revenue CAGR -5%, profit CAGR -26%, D/E 0.74, OCF/profit 1.4"
421,UFLEX,NSE,UFLEX Limited,Consumer Cyclical,Packaging & Containers,4599.5106304,small (<30k cr),643.1500244140625,8.081667128796386,T3 5-10cr,31.1,32.1,-1.0,0.0,25.34246575342466,13.750369036372224,15.06849315068493,28.42465753424657,100.0,-1.2470729942200385,3.7264061786081872,-0.6069162757299309,6.85271046482158,0.5623226520446369,1.3771564010334858,-12.9481043089547,1.470858287742427,1.2513107954062457,1.5649423700602103,1.2120986260693374,,0.0,6.7394986,0.5668434,82.055,1.403,0.47,,,,,4.0,1995-08-23,"ROE -1%, revenue CAGR 1%, profit CAGR -13%, D/E 1.25"
422,TARSONS,NSE,Tarsons Products Limited,Healthcare,Medical Instruments & Supplies,1777.355776,small (<30k cr),341.70001220703125,3.986492551521301,T4 2-5cr,29.6,27.6,-3.0,5.0,16.428571428571427,29.353099730458226,9.04761904761905,55.51339285714285,40.0,4.6459578601071545,6.316705782845393,2.78338407816356,7.562224066074362,-13.881130166751412,14.342353327677484,-43.80664878625442,7.677400691708458,0.6191331502515405,1.9768925369139487,1.0059200266476902,3.8673269381543145,0.0,159.83253,2.7855139,78.071,1.55299995,0.0,Pharma / medical devices PLI,sector-level only (Yahoo industry: Medical Instruments & Supplies),https://www.pharma-dept.gov.in/schemes/archive,,4.0,2021-11-26,"ROE 5%, revenue CAGR 14%, profit CAGR -44%, D/E 0.62, OCF/profit 3.9, policy: Pharma / medical devices PLI (sector)"
423,KITEX,NSE,Kitex Garments Limited,Consumer Cyclical,Apparel Manufacturing,2320.9828352,small (<30k cr),116.93000030517578,3.423385964812088,T4 2-5cr,28.1,25.1,3.0,0.0,9.76027397260274,8.335350732168163,21.232876712328764,48.58610567514677,60.0,6.743745550504789,5.936214778097834,2.8279401442192755,1.1829348486004996,-13.038588782520971,5.828296976660319,-53.17560846342069,-31.151999875107784,1.1646401922343603,1.192251453624737,1.5030578316803311,1.8002980507283337,1.0,,2.2107363,66.01599999999999,0.70700003,0.43,,,,,4.0,2012-09-25,"ROE 7%, revenue CAGR 6%, profit CAGR -53%, D/E 1.16, OCF/profit 1.8"
424,INDOSTAR,NSE,IndoStar Capital Finance Limited,Financial Services,Credit Services,3206.2416896,small (<30k cr),200.1199951171875,2.0909298407897947,T4 2-5cr,27.4,30.4,-3.0,0.0,14.305711086226204,20.897245587992742,25.53191489361702,50.0,60.0,3.536099725809118,4.59257990372792,1.1421784216742532,-24.32049778633084,-61.49384260936819,6.422256556218287,-14.556757801577112,2.848617659233632,1.447875222193794,1.952704917146023,0.9206568086587524,-10.002846122794644,0.0,,0.84704,82.378995,1.2150001,0.0,,,,,4.0,2018-05-21,"ROE 4%, revenue CAGR 6%, profit CAGR -15%, D/E 1.45, OCF/profit -10.0"
